[2026-08-14 22:04:40] local.ERROR: The C:\Users\Lenovo\CascadeProjects\gunjannagar-khanepani\bootstrap\cache directory must be present and writable. {"exception":"[object] (Exception(code: 0): The C:\\Users\\Lenovo\\CascadeProjects\\gunjannagar-khanepani\\bootstrap\\cache directory must be present and writable. at C:/Users/Lenovo/CascadeProjects/gunjannagar-khanepani/vendor/laravel/framework/src/Illuminate/Foundation/PackageManifest.php:179)
[stacktrace]
#0 C:/Users/Lenovo/CascadeProjects/gunjannagar-khanepani/vendor/laravel/framework/src/Illuminate/Foundation/PackageManifest.php(132): Illuminate/Foundation/PackageManifest->write(Array)
#1 C:/Users/Lenovo/CascadeProjects/gunjannagar-khanepani/vendor/laravel/framework/src/Illuminate/Foundation/PackageManifest.php(108): Illuminate/Foundation/PackageManifest->build()
#2 C:/Users/Lenovo/CascadeProjects/gunjannagar-khanepani/vendor/laravel/framework/src/Illuminate/Foundation/PackageManifest.php(90): Illuminate/Foundation/PackageManifest->getManifest()
#3 C:/Users/Lenovo/CascadeProjects/gunjannagar-khanepani/vendor/laravel/framework/src/Illuminate/Foundation/PackageManifest.php(79): Illuminate/Foundation/PackageManifest->config('aliases')
#4 C:/Users/Lenovo/CascadeProjects/gunjannagar-khanepani/vendor/laravel/framework/src/Illuminate/Foundation/Bootstrap/RegisterFacades.php(26): Illuminate/Foundation/PackageManifest->aliases()
#5 C:/Users/Lenovo/CascadeProjects/gunjannagar-khanepani/vendor/laravel/framework/src/Illuminate/Foundation/Application.php(342): Illuminate/Foundation/Bootstrap/RegisterFacades->bootstrap(Object(Illuminate/Foundation/Application))
#6 C:/Users/Lenovo/CascadeProjects/gunjannagar-khanepani/vendor/laravel/framework/src/Illuminate/Foundation/Console/Kernel.php(494): Illuminate/Foundation/Application->bootstrapWith(Array)
#7 C:/Users/Lenovo/CascadeProjects/gunjannagar-khanepani/vendor/laravel/framework/src/Illuminate/Foundation/Console/Kernel.php(196): Illuminate/Foundation/Console/Kernel->bootstrap()
#8 C:/Users/Lenovo/CascadeProjects/gunjannagar-khanepani/artisan(12): Illuminate/Foundation/Console/Kernel->handle(Object(Symfony/Component/Console/Input/ArgvInput), Object(Symfony/Component/Console/Output/ConsoleOutput))
#9 {main}
"} 
[2026-08-14 22:05:10] local.ERROR: Class "App\Providers\AppServiceProvider" not found {"exception":"[object] (Error(code: 0): Class \"App\\Providers\\AppServiceProvider\" not found at C:/Users/Lenovo/CascadeProjects/gunjannagar-khanepani/vendor/laravel/framework/src/Illuminate/Foundation/ProviderRepository.php:205)
[stacktrace]
#0 C:/Users/Lenovo/CascadeProjects/gunjannagar-khanepani/vendor/laravel/framework/src/Illuminate/Foundation/ProviderRepository.php(141): Illuminate/Foundation/ProviderRepository->createProvider('App//Providers//A...')
#1 C:/Users/Lenovo/CascadeProjects/gunjannagar-khanepani/vendor/laravel/framework/src/Illuminate/Foundation/ProviderRepository.php(60): Illuminate/Foundation/ProviderRepository->compileManifest(Array)
#2 C:/Users/Lenovo/CascadeProjects/gunjannagar-khanepani/vendor/laravel/framework/src/Illuminate/Foundation/Application.php(871): Illuminate/Foundation/ProviderRepository->load(Array)
#3 C:/Users/Lenovo/CascadeProjects/gunjannagar-khanepani/vendor/laravel/framework/src/Illuminate/Foundation/Bootstrap/RegisterProviders.php(37): Illuminate/Foundation/Application->registerConfiguredProviders()
#4 C:/Users/Lenovo/CascadeProjects/gunjannagar-khanepani/vendor/laravel/framework/src/Illuminate/Foundation/Application.php(342): Illuminate/Foundation/Bootstrap/RegisterProviders->bootstrap(Object(Illuminate/Foundation/Application))
#5 C:/Users/Lenovo/CascadeProjects/gunjannagar-khanepani/vendor/laravel/framework/src/Illuminate/Foundation/Console/Kernel.php(494): Illuminate/Foundation/Application->bootstrapWith(Array)
#6 C:/Users/Lenovo/CascadeProjects/gunjannagar-khanepani/vendor/laravel/framework/src/Illuminate/Foundation/Console/Kernel.php(196): Illuminate/Foundation/Console/Kernel->bootstrap()
#7 C:/Users/Lenovo/CascadeProjects/gunjannagar-khanepani/artisan(12): Illuminate/Foundation/Console/Kernel->handle(Object(Symfony/Component/Console/Input/ArgvInput), Object(Symfony/Component/Console/Output/ConsoleOutput))
#8 {main}
"} 
[2026-08-14 22:09:02] local.ERROR: SQLSTATE[HY000] [2002] No connection could be made because the target machine actively refused it (Connection: mysql, Host: 127.0.0.1, Port: 3306, Database: gunjannagar_khanepani, SQL: select exists (select 1 from information_schema.tables where table_schema = schema() and table_name = 'migrations' and table_type in ('BASE TABLE', 'SYSTEM VERSIONED')) as `exists`) {"exception":"[object] (Illuminate\\Database\\QueryException(code: 2002): SQLSTATE[HY000] [2002] No connection could be made because the target machine actively refused it (Connection: mysql, Host: 127.0.0.1, Port: 3306, Database: gunjannagar_khanepani, SQL: select exists (select 1 from information_schema.tables where table_schema = schema() and table_name = 'migrations' and table_type in ('BASE TABLE', 'SYSTEM VERSIONED')) as `exists`) at C:/Users/Lenovo/CascadeProjects/gunjannagar-khanepani/vendor/laravel/framework/src/Illuminate/Database/Connection.php:838)
[stacktrace]
#0 C:/Users/Lenovo/CascadeProjects/gunjannagar-khanepani/vendor/laravel/framework/src/Illuminate/Database/Connection.php(999): Illuminate/Database/Connection->runQueryCallback('select exists (...', Array, Object(Closure))
#1 C:/Users/Lenovo/CascadeProjects/gunjannagar-khanepani/vendor/laravel/framework/src/Illuminate/Database/Connection.php(978): Illuminate/Database/Connection->tryAgainIfCausedByLostConnection(Object(Illuminate/Database/QueryException), 'select exists (...', Array, Object(Closure))
#2 C:/Users/Lenovo/CascadeProjects/gunjannagar-khanepani/vendor/laravel/framework/src/Illuminate/Database/Connection.php(796): Illuminate/Database/Connection->handleQueryException(Object(Illuminate/Database/QueryException), 'select exists (...', Array, Object(Closure))
#3 C:/Users/Lenovo/CascadeProjects/gunjannagar-khanepani/vendor/laravel/framework/src/Illuminate/Database/Connection.php(411): Illuminate/Database/Connection->run('select exists (...', Array, Object(Closure))
#4 C:/Users/Lenovo/CascadeProjects/gunjannagar-khanepani/vendor/laravel/framework/src/Illuminate/Database/Connection.php(357): Illuminate/Database/Connection->select('select exists (...', Array, true)
#5 C:/Users/Lenovo/CascadeProjects/gunjannagar-khanepani/vendor/laravel/framework/src/Illuminate/Database/Connection.php(374): Illuminate/Database/Connection->selectOne('select exists (...', Array, true)
#6 C:/Users/Lenovo/CascadeProjects/gunjannagar-khanepani/vendor/laravel/framework/src/Illuminate/Database/Schema/Builder.php(176): Illuminate/Database/Connection->scalar('select exists (...')
#7 C:/Users/Lenovo/CascadeProjects/gunjannagar-khanepani/vendor/laravel/framework/src/Illuminate/Database/Migrations/DatabaseMigrationRepository.php(185): Illuminate/Database/Schema/Builder->hasTable('migrations')
#8 C:/Users/Lenovo/CascadeProjects/gunjannagar-khanepani/vendor/laravel/framework/src/Illuminate/Database/Migrations/Migrator.php(758): Illuminate/Database/Migrations/DatabaseMigrationRepository->repositoryExists()
#9 C:/Users/Lenovo/CascadeProjects/gunjannagar-khanepani/vendor/laravel/framework/src/Illuminate/Database/Console/Migrations/MigrateCommand.php(164): Illuminate/Database/Migrations/Migrator->repositoryExists()
#10 C:/Users/Lenovo/CascadeProjects/gunjannagar-khanepani/vendor/laravel/framework/src/Illuminate/Support/helpers.php(328): Illuminate/Database/Console/Migrations/MigrateCommand->Illuminate/Database/Console/Migrations/{closure}(1)
#11 C:/Users/Lenovo/CascadeProjects/gunjannagar-khanepani/vendor/laravel/framework/src/Illuminate/Database/Console/Migrations/MigrateCommand.php(164): retry(1, Object(Closure), 0, Object(Closure))
#12 C:/Users/Lenovo/CascadeProjects/gunjannagar-khanepani/vendor/laravel/framework/src/Illuminate/Database/Console/Migrations/MigrateCommand.php(140): Illuminate/Database/Console/Migrations/MigrateCommand->repositoryExists()
#13 C:/Users/Lenovo/CascadeProjects/gunjannagar-khanepani/vendor/laravel/framework/src/Illuminate/Database/Console/Migrations/MigrateCommand.php(110): Illuminate/Database/Console/Migrations/MigrateCommand->prepareDatabase()
#14 C:/Users/Lenovo/CascadeProjects/gunjannagar-khanepani/vendor/laravel/framework/src/Illuminate/Database/Migrations/Migrator.php(671): Illuminate/Database/Console/Migrations/MigrateCommand->Illuminate/Database/Console/Migrations/{closure}()
#15 C:/Users/Lenovo/CascadeProjects/gunjannagar-khanepani/vendor/laravel/framework/src/Illuminate/Database/Console/Migrations/MigrateCommand.php(109): Illuminate/Database/Migrations/Migrator->usingConnection(NULL, Object(Closure))
#16 C:/Users/Lenovo/CascadeProjects/gunjannagar-khanepani/vendor/laravel/framework/src/Illuminate/Database/Console/Migrations/MigrateCommand.php(88): Illuminate/Database/Console/Migrations/MigrateCommand->runMigrations()
#17 C:/Users/Lenovo/CascadeProjects/gunjannagar-khanepani/vendor/laravel/framework/src/Illuminate/Container/BoundMethod.php(36): Illuminate/Database/Console/Migrations/MigrateCommand->handle()
#18 C:/Users/Lenovo/CascadeProjects/gunjannagar-khanepani/vendor/laravel/framework/src/Illuminate/Container/Util.php(43): Illuminate/Container/BoundMethod::Illuminate/Container/{closure}()
#19 C:/Users/Lenovo/CascadeProjects/gunjannagar-khanepani/vendor/laravel/framework/src/Illuminate/Container/BoundMethod.php(96): Illuminate/Container/Util::unwrapIfClosure(Object(Closure))
#20 C:/Users/Lenovo/CascadeProjects/gunjannagar-khanepani/vendor/laravel/framework/src/Illuminate/Container/BoundMethod.php(35): Illuminate/Container/BoundMethod::callBoundMethod(Object(Illuminate/Foundation/Application), Array, Object(Closure))
#21 C:/Users/Lenovo/CascadeProjects/gunjannagar-khanepani/vendor/laravel/framework/src/Illuminate/Container/Container.php(799): Illuminate/Container/BoundMethod::call(Object(Illuminate/Foundation/Application), Array, Array, NULL)
#22 C:/Users/Lenovo/CascadeProjects/gunjannagar-khanepani/vendor/laravel/framework/src/Illuminate/Console/Command.php(211): Illuminate/Container/Container->call(Array)
#23 C:/Users/Lenovo/CascadeProjects/gunjannagar-khanepani/vendor/symfony/console/Command/Command.php(341): Illuminate/Console/Command->execute(Object(Symfony/Component/Console/Input/ArgvInput), Object(Illuminate/Console/OutputStyle))
#24 C:/Users/Lenovo/CascadeProjects/gunjannagar-khanepani/vendor/laravel/framework/src/Illuminate/Console/Command.php(180): Symfony/Component/Console/Command/Command->run(Object(Symfony/Component/Console/Input/ArgvInput), Object(Illuminate/Console/OutputStyle))
#25 C:/Users/Lenovo/CascadeProjects/gunjannagar-khanepani/vendor/symfony/console/Application.php(1117): Illuminate/Console/Command->run(Object(Symfony/Component/Console/Input/ArgvInput), Object(Symfony/Component/Console/Output/ConsoleOutput))
#26 C:/Users/Lenovo/CascadeProjects/gunjannagar-khanepani/vendor/symfony/console/Application.php(356): Symfony/Component/Console/Application->doRunCommand(Object(Illuminate/Database/Console/Migrations/MigrateCommand), Object(Symfony/Component/Console/Input/ArgvInput), Object(Symfony/Component/Console/Output/ConsoleOutput))
#27 C:/Users/Lenovo/CascadeProjects/gunjannagar-khanepani/vendor/symfony/console/Application.php(195): Symfony/Component/Console/Application->doRun(Object(Symfony/Component/Console/Input/ArgvInput), Object(Symfony/Component/Console/Output/ConsoleOutput))
#28 C:/Users/Lenovo/CascadeProjects/gunjannagar-khanepani/vendor/laravel/framework/src/Illuminate/Foundation/Console/Kernel.php(198): Symfony/Component/Console/Application->run(Object(Symfony/Component/Console/Input/ArgvInput), Object(Symfony/Component/Console/Output/ConsoleOutput))
#29 C:/Users/Lenovo/CascadeProjects/gunjannagar-khanepani/artisan(12): Illuminate/Foundation/Console/Kernel->handle(Object(Symfony/Component/Console/Input/ArgvInput), Object(Symfony/Component/Console/Output/ConsoleOutput))
#30 {main}

[previous exception] [object] (PDOException(code: 2002): SQLSTATE[HY000] [2002] No connection could be made because the target machine actively refused it at C:/Users/Lenovo/CascadeProjects/gunjannagar-khanepani/vendor/laravel/framework/src/Illuminate/Database/Connectors/Connector.php:66)
[stacktrace]
#0 C:/Users/Lenovo/CascadeProjects/gunjannagar-khanepani/vendor/laravel/framework/src/Illuminate/Database/Connectors/Connector.php(66): PDO->__construct('mysql:host=127....', 'root', Object(SensitiveParameterValue), Array)
#1 C:/Users/Lenovo/CascadeProjects/gunjannagar-khanepani/vendor/laravel/framework/src/Illuminate/Database/Connectors/Connector.php(85): Illuminate/Database/Connectors/Connector->createPdoConnection('mysql:host=127....', 'root', Object(SensitiveParameterValue), Array)
#2 C:/Users/Lenovo/CascadeProjects/gunjannagar-khanepani/vendor/laravel/framework/src/Illuminate/Database/Connectors/Connector.php(48): Illuminate/Database/Connectors/Connector->tryAgainIfCausedByLostConnection(Object(PDOException), 'mysql:host=127....', 'root', Object(SensitiveParameterValue), Array)
#3 C:/Users/Lenovo/CascadeProjects/gunjannagar-khanepani/vendor/laravel/framework/src/Illuminate/Database/Connectors/MySqlConnector.php(24): Illuminate/Database/Connectors/Connector->createConnection('mysql:host=127....', Array, Array)
#4 C:/Users/Lenovo/CascadeProjects/gunjannagar-khanepani/vendor/laravel/framework/src/Illuminate/Database/Connectors/ConnectionFactory.php(186): Illuminate/Database/Connectors/MySqlConnector->connect(Array)
#5 [internal function]: Illuminate/Database/Connectors/ConnectionFactory->Illuminate/Database/Connectors/{closure}()
#6 C:/Users/Lenovo/CascadeProjects/gunjannagar-khanepani/vendor/laravel/framework/src/Illuminate/Database/Connection.php(1257): call_user_func(Object(Closure))
#7 C:/Users/Lenovo/CascadeProjects/gunjannagar-khanepani/vendor/laravel/framework/src/Illuminate/Database/Connection.php(1295): Illuminate/Database/Connection->getPdo()
#8 C:/Users/Lenovo/CascadeProjects/gunjannagar-khanepani/vendor/laravel/framework/src/Illuminate/Database/Connection.php(525): Illuminate/Database/Connection->getReadPdo()
#9 C:/Users/Lenovo/CascadeProjects/gunjannagar-khanepani/vendor/laravel/framework/src/Illuminate/Database/Connection.php(420): Illuminate/Database/Connection->getPdoForSelect(true)
#10 C:/Users/Lenovo/CascadeProjects/gunjannagar-khanepani/vendor/laravel/framework/src/Illuminate/Database/Connection.php(827): Illuminate/Database/Connection->Illuminate/Database/{closure}('select exists (...', Array)
#11 C:/Users/Lenovo/CascadeProjects/gunjannagar-khanepani/vendor/laravel/framework/src/Illuminate/Database/Connection.php(999): Illuminate/Database/Connection->runQueryCallback('select exists (...', Array, Object(Closure))
#12 C:/Users/Lenovo/CascadeProjects/gunjannagar-khanepani/vendor/laravel/framework/src/Illuminate/Database/Connection.php(978): Illuminate/Database/Connection->tryAgainIfCausedByLostConnection(Object(Illuminate/Database/QueryException), 'select exists (...', Array, Object(Closure))
#13 C:/Users/Lenovo/CascadeProjects/gunjannagar-khanepani/vendor/laravel/framework/src/Illuminate/Database/Connection.php(796): Illuminate/Database/Connection->handleQueryException(Object(Illuminate/Database/QueryException), 'select exists (...', Array, Object(Closure))
#14 C:/Users/Lenovo/CascadeProjects/gunjannagar-khanepani/vendor/laravel/framework/src/Illuminate/Database/Connection.php(411): Illuminate/Database/Connection->run('select exists (...', Array, Object(Closure))
#15 C:/Users/Lenovo/CascadeProjects/gunjannagar-khanepani/vendor/laravel/framework/src/Illuminate/Database/Connection.php(357): Illuminate/Database/Connection->select('select exists (...', Array, true)
#16 C:/Users/Lenovo/CascadeProjects/gunjannagar-khanepani/vendor/laravel/framework/src/Illuminate/Database/Connection.php(374): Illuminate/Database/Connection->selectOne('select exists (...', Array, true)
#17 C:/Users/Lenovo/CascadeProjects/gunjannagar-khanepani/vendor/laravel/framework/src/Illuminate/Database/Schema/Builder.php(176): Illuminate/Database/Connection->scalar('select exists (...')
#18 C:/Users/Lenovo/CascadeProjects/gunjannagar-khanepani/vendor/laravel/framework/src/Illuminate/Database/Migrations/DatabaseMigrationRepository.php(185): Illuminate/Database/Schema/Builder->hasTable('migrations')
#19 C:/Users/Lenovo/CascadeProjects/gunjannagar-khanepani/vendor/laravel/framework/src/Illuminate/Database/Migrations/Migrator.php(758): Illuminate/Database/Migrations/DatabaseMigrationRepository->repositoryExists()
#20 C:/Users/Lenovo/CascadeProjects/gunjannagar-khanepani/vendor/laravel/framework/src/Illuminate/Database/Console/Migrations/MigrateCommand.php(164): Illuminate/Database/Migrations/Migrator->repositoryExists()
#21 C:/Users/Lenovo/CascadeProjects/gunjannagar-khanepani/vendor/laravel/framework/src/Illuminate/Support/helpers.php(328): Illuminate/Database/Console/Migrations/MigrateCommand->Illuminate/Database/Console/Migrations/{closure}(1)
#22 C:/Users/Lenovo/CascadeProjects/gunjannagar-khanepani/vendor/laravel/framework/src/Illuminate/Database/Console/Migrations/MigrateCommand.php(164): retry(1, Object(Closure), 0, Object(Closure))
#23 C:/Users/Lenovo/CascadeProjects/gunjannagar-khanepani/vendor/laravel/framework/src/Illuminate/Database/Console/Migrations/MigrateCommand.php(140): Illuminate/Database/Console/Migrations/MigrateCommand->repositoryExists()
#24 C:/Users/Lenovo/CascadeProjects/gunjannagar-khanepani/vendor/laravel/framework/src/Illuminate/Database/Console/Migrations/MigrateCommand.php(110): Illuminate/Database/Console/Migrations/MigrateCommand->prepareDatabase()
#25 C:/Users/Lenovo/CascadeProjects/gunjannagar-khanepani/vendor/laravel/framework/src/Illuminate/Database/Migrations/Migrator.php(671): Illuminate/Database/Console/Migrations/MigrateCommand->Illuminate/Database/Console/Migrations/{closure}()
#26 C:/Users/Lenovo/CascadeProjects/gunjannagar-khanepani/vendor/laravel/framework/src/Illuminate/Database/Console/Migrations/MigrateCommand.php(109): Illuminate/Database/Migrations/Migrator->usingConnection(NULL, Object(Closure))
#27 C:/Users/Lenovo/CascadeProjects/gunjannagar-khanepani/vendor/laravel/framework/src/Illuminate/Database/Console/Migrations/MigrateCommand.php(88): Illuminate/Database/Console/Migrations/MigrateCommand->runMigrations()
#28 C:/Users/Lenovo/CascadeProjects/gunjannagar-khanepani/vendor/laravel/framework/src/Illuminate/Container/BoundMethod.php(36): Illuminate/Database/Console/Migrations/MigrateCommand->handle()
#29 C:/Users/Lenovo/CascadeProjects/gunjannagar-khanepani/vendor/laravel/framework/src/Illuminate/Container/Util.php(43): Illuminate/Container/BoundMethod::Illuminate/Container/{closure}()
#30 C:/Users/Lenovo/CascadeProjects/gunjannagar-khanepani/vendor/laravel/framework/src/Illuminate/Container/BoundMethod.php(96): Illuminate/Container/Util::unwrapIfClosure(Object(Closure))
#31 C:/Users/Lenovo/CascadeProjects/gunjannagar-khanepani/vendor/laravel/framework/src/Illuminate/Container/BoundMethod.php(35): Illuminate/Container/BoundMethod::callBoundMethod(Object(Illuminate/Foundation/Application), Array, Object(Closure))
#32 C:/Users/Lenovo/CascadeProjects/gunjannagar-khanepani/vendor/laravel/framework/src/Illuminate/Container/Container.php(799): Illuminate/Container/BoundMethod::call(Object(Illuminate/Foundation/Application), Array, Array, NULL)
#33 C:/Users/Lenovo/CascadeProjects/gunjannagar-khanepani/vendor/laravel/framework/src/Illuminate/Console/Command.php(211): Illuminate/Container/Container->call(Array)
#34 C:/Users/Lenovo/CascadeProjects/gunjannagar-khanepani/vendor/symfony/console/Command/Command.php(341): Illuminate/Console/Command->execute(Object(Symfony/Component/Console/Input/ArgvInput), Object(Illuminate/Console/OutputStyle))
#35 C:/Users/Lenovo/CascadeProjects/gunjannagar-khanepani/vendor/laravel/framework/src/Illuminate/Console/Command.php(180): Symfony/Component/Console/Command/Command->run(Object(Symfony/Component/Console/Input/ArgvInput), Object(Illuminate/Console/OutputStyle))
#36 C:/Users/Lenovo/CascadeProjects/gunjannagar-khanepani/vendor/symfony/console/Application.php(1117): Illuminate/Console/Command->run(Object(Symfony/Component/Console/Input/ArgvInput), Object(Symfony/Component/Console/Output/ConsoleOutput))
#37 C:/Users/Lenovo/CascadeProjects/gunjannagar-khanepani/vendor/symfony/console/Application.php(356): Symfony/Component/Console/Application->doRunCommand(Object(Illuminate/Database/Console/Migrations/MigrateCommand), Object(Symfony/Component/Console/Input/ArgvInput), Object(Symfony/Component/Console/Output/ConsoleOutput))
#38 C:/Users/Lenovo/CascadeProjects/gunjannagar-khanepani/vendor/symfony/console/Application.php(195): Symfony/Component/Console/Application->doRun(Object(Symfony/Component/Console/Input/ArgvInput), Object(Symfony/Component/Console/Output/ConsoleOutput))
#39 C:/Users/Lenovo/CascadeProjects/gunjannagar-khanepani/vendor/laravel/framework/src/Illuminate/Foundation/Console/Kernel.php(198): Symfony/Component/Console/Application->run(Object(Symfony/Component/Console/Input/ArgvInput), Object(Symfony/Component/Console/Output/ConsoleOutput))
#40 C:/Users/Lenovo/CascadeProjects/gunjannagar-khanepani/artisan(12): Illuminate/Foundation/Console/Kernel->handle(Object(Symfony/Component/Console/Input/ArgvInput), Object(Symfony/Component/Console/Output/ConsoleOutput))
#41 {main}
"} 
[2026-08-15 11:16:36] local.ERROR: The "--yes" option does not exist. {"exception":"[object] (Symfony\\Component\\Console\\Exception\\RuntimeException(code: 0): The \"--yes\" option does not exist. at C:/Users/Lenovo/CascadeProjects/gunjannagar-khanepani/vendor/symfony/console/Input/ArgvInput.php:226)
[stacktrace]
#0 C:/Users/Lenovo/CascadeProjects/gunjannagar-khanepani/vendor/symfony/console/Input/ArgvInput.php(155): Symfony/Component/Console/Input/ArgvInput->addLongOption('yes', NULL)
#1 C:/Users/Lenovo/CascadeProjects/gunjannagar-khanepani/vendor/symfony/console/Input/ArgvInput.php(88): Symfony/Component/Console/Input/ArgvInput->parseLongOption('--yes')
#2 C:/Users/Lenovo/CascadeProjects/gunjannagar-khanepani/vendor/symfony/console/Input/ArgvInput.php(77): Symfony/Component/Console/Input/ArgvInput->parseToken('--yes', true)
#3 C:/Users/Lenovo/CascadeProjects/gunjannagar-khanepani/vendor/symfony/console/Input/Input.php(53): Symfony/Component/Console/Input/ArgvInput->parse()
#4 C:/Users/Lenovo/CascadeProjects/gunjannagar-khanepani/vendor/symfony/console/Command/Command.php(295): Symfony/Component/Console/Input/Input->bind(Object(Symfony/Component/Console/Input/InputDefinition))
#5 C:/Users/Lenovo/CascadeProjects/gunjannagar-khanepani/vendor/laravel/framework/src/Illuminate/Console/Command.php(180): Symfony/Component/Console/Command/Command->run(Object(Symfony/Component/Console/Input/ArgvInput), Object(Illuminate/Console/OutputStyle))
#6 C:/Users/Lenovo/CascadeProjects/gunjannagar-khanepani/vendor/symfony/console/Application.php(1117): Illuminate/Console/Command->run(Object(Symfony/Component/Console/Input/ArgvInput), Object(Symfony/Component/Console/Output/ConsoleOutput))
#7 C:/Users/Lenovo/CascadeProjects/gunjannagar-khanepani/vendor/symfony/console/Application.php(356): Symfony/Component/Console/Application->doRunCommand(Object(Illuminate/Database/Console/Migrations/MigrateCommand), Object(Symfony/Component/Console/Input/ArgvInput), Object(Symfony/Component/Console/Output/ConsoleOutput))
#8 C:/Users/Lenovo/CascadeProjects/gunjannagar-khanepani/vendor/symfony/console/Application.php(195): Symfony/Component/Console/Application->doRun(Object(Symfony/Component/Console/Input/ArgvInput), Object(Symfony/Component/Console/Output/ConsoleOutput))
#9 C:/Users/Lenovo/CascadeProjects/gunjannagar-khanepani/vendor/laravel/framework/src/Illuminate/Foundation/Console/Kernel.php(198): Symfony/Component/Console/Application->run(Object(Symfony/Component/Console/Input/ArgvInput), Object(Symfony/Component/Console/Output/ConsoleOutput))
#10 C:/Users/Lenovo/CascadeProjects/gunjannagar-khanepani/artisan(12): Illuminate/Foundation/Console/Kernel->handle(Object(Symfony/Component/Console/Input/ArgvInput), Object(Symfony/Component/Console/Output/ConsoleOutput))
#11 {main}
"} 
[2026-08-15 11:21:34] local.ERROR: Driver [database] not supported. {"exception":"[object] (InvalidArgumentException(code: 0): Driver [database] not supported. at C:/Users/Lenovo/CascadeProjects/gunjannagar-khanepani/vendor/laravel/framework/src/Illuminate/Support/Manager.php:104)
[stacktrace]
#0 C:/Users/Lenovo/CascadeProjects/gunjannagar-khanepani/vendor/laravel/framework/src/Illuminate/Support/Manager.php(78): Illuminate/Support/Manager->createDriver('database')
#1 C:/Users/Lenovo/CascadeProjects/gunjannagar-khanepani/vendor/laravel/framework/src/Illuminate/Foundation/Providers/FoundationServiceProvider.php(293): Illuminate/Support/Manager->driver()
#2 C:/Users/Lenovo/CascadeProjects/gunjannagar-khanepani/vendor/laravel/framework/src/Illuminate/Container/Container.php(1115): Illuminate/Foundation/Providers/FoundationServiceProvider->Illuminate/Foundation/Providers/{closure}(Object(Illuminate/Foundation/Application), Array)
#3 C:/Users/Lenovo/CascadeProjects/gunjannagar-khanepani/vendor/laravel/framework/src/Illuminate/Container/Container.php(933): Illuminate/Container/Container->build(Object(Closure))
#4 C:/Users/Lenovo/CascadeProjects/gunjannagar-khanepani/vendor/laravel/framework/src/Illuminate/Foundation/Application.php(1078): Illuminate/Container/Container->resolve('Illuminate//Cont...', Array, true)
#5 C:/Users/Lenovo/CascadeProjects/gunjannagar-khanepani/vendor/laravel/framework/src/Illuminate/Container/Container.php(864): Illuminate/Foundation/Application->resolve('Illuminate//Cont...', Array)
#6 C:/Users/Lenovo/CascadeProjects/gunjannagar-khanepani/vendor/laravel/framework/src/Illuminate/Foundation/Application.php(1058): Illuminate/Container/Container->make('Illuminate//Cont...', Array)
#7 C:/Users/Lenovo/CascadeProjects/gunjannagar-khanepani/vendor/laravel/framework/src/Illuminate/Foundation/Application.php(1410): Illuminate/Foundation/Application->make('Illuminate//Cont...')
#8 C:/Users/Lenovo/CascadeProjects/gunjannagar-khanepani/vendor/laravel/framework/src/Illuminate/Foundation/Http/Middleware/PreventRequestsDuringMaintenance.php(64): Illuminate/Foundation/Application->maintenanceMode()
#9 C:/Users/Lenovo/CascadeProjects/gunjannagar-khanepani/vendor/laravel/framework/src/Illuminate/Pipeline/Pipeline.php(219): Illuminate/Foundation/Http/Middleware/PreventRequestsDuringMaintenance->handle(Object(Illuminate/Http/Request), Object(Closure))
#10 C:/Users/Lenovo/CascadeProjects/gunjannagar-khanepani/vendor/laravel/framework/src/Illuminate/Http/Middleware/HandleCors.php(61): Illuminate/Pipeline/Pipeline->Illuminate/Pipeline/{closure}(Object(Illuminate/Http/Request))
#11 C:/Users/Lenovo/CascadeProjects/gunjannagar-khanepani/vendor/laravel/framework/src/Illuminate/Pipeline/Pipeline.php(219): Illuminate/Http/Middleware/HandleCors->handle(Object(Illuminate/Http/Request), Object(Closure))
#12 C:/Users/Lenovo/CascadeProjects/gunjannagar-khanepani/vendor/laravel/framework/src/Illuminate/Http/Middleware/TrustProxies.php(58): Illuminate/Pipeline/Pipeline->Illuminate/Pipeline/{closure}(Object(Illuminate/Http/Request))
#13 C:/Users/Lenovo/CascadeProjects/gunjannagar-khanepani/vendor/laravel/framework/src/Illuminate/Pipeline/Pipeline.php(219): Illuminate/Http/Middleware/TrustProxies->handle(Object(Illuminate/Http/Request), Object(Closure))
#14 C:/Users/Lenovo/CascadeProjects/gunjannagar-khanepani/vendor/laravel/framework/src/Illuminate/Foundation/Http/Middleware/InvokeDeferredCallbacks.php(22): Illuminate/Pipeline/Pipeline->Illuminate/Pipeline/{closure}(Object(Illuminate/Http/Request))
#15 C:/Users/Lenovo/CascadeProjects/gunjannagar-khanepani/vendor/laravel/framework/src/Illuminate/Pipeline/Pipeline.php(219): Illuminate/Foundation/Http/Middleware/InvokeDeferredCallbacks->handle(Object(Illuminate/Http/Request), Object(Closure))
#16 C:/Users/Lenovo/CascadeProjects/gunjannagar-khanepani/vendor/laravel/framework/src/Illuminate/Http/Middleware/ValidatePathEncoding.php(26): Illuminate/Pipeline/Pipeline->Illuminate/Pipeline/{closure}(Object(Illuminate/Http/Request))
#17 C:/Users/Lenovo/CascadeProjects/gunjannagar-khanepani/vendor/laravel/framework/src/Illuminate/Pipeline/Pipeline.php(219): Illuminate/Http/Middleware/ValidatePathEncoding->handle(Object(Illuminate/Http/Request), Object(Closure))
#18 C:/Users/Lenovo/CascadeProjects/gunjannagar-khanepani/vendor/laravel/framework/src/Illuminate/Pipeline/Pipeline.php(137): Illuminate/Pipeline/Pipeline->Illuminate/Pipeline/{closure}(Object(Illuminate/Http/Request))
#19 C:/Users/Lenovo/CascadeProjects/gunjannagar-khanepani/vendor/laravel/framework/src/Illuminate/Foundation/Http/Kernel.php(175): Illuminate/Pipeline/Pipeline->then(Object(Closure))
#20 C:/Users/Lenovo/CascadeProjects/gunjannagar-khanepani/vendor/laravel/framework/src/Illuminate/Foundation/Http/Kernel.php(144): Illuminate/Foundation/Http/Kernel->sendRequestThroughRouter(Object(Illuminate/Http/Request))
#21 C:/Users/Lenovo/CascadeProjects/gunjannagar-khanepani/public/index.php(17): Illuminate/Foundation/Http/Kernel->handle(Object(Illuminate/Http/Request))
#22 C:/Users/Lenovo/CascadeProjects/gunjannagar-khanepani/vendor/laravel/framework/src/Illuminate/Foundation/resources/server.php(23): require_once('C://Users//Lenovo...')
#23 {main}
"} 
[2026-08-15 11:21:41] local.ERROR: Driver [database] not supported. {"exception":"[object] (InvalidArgumentException(code: 0): Driver [database] not supported. at C:/Users/Lenovo/CascadeProjects/gunjannagar-khanepani/vendor/laravel/framework/src/Illuminate/Support/Manager.php:104)
[stacktrace]
#0 C:/Users/Lenovo/CascadeProjects/gunjannagar-khanepani/vendor/laravel/framework/src/Illuminate/Support/Manager.php(78): Illuminate/Support/Manager->createDriver('database')
#1 C:/Users/Lenovo/CascadeProjects/gunjannagar-khanepani/vendor/laravel/framework/src/Illuminate/Foundation/Providers/FoundationServiceProvider.php(293): Illuminate/Support/Manager->driver()
#2 C:/Users/Lenovo/CascadeProjects/gunjannagar-khanepani/vendor/laravel/framework/src/Illuminate/Container/Container.php(1115): Illuminate/Foundation/Providers/FoundationServiceProvider->Illuminate/Foundation/Providers/{closure}(Object(Illuminate/Foundation/Application), Array)
#3 C:/Users/Lenovo/CascadeProjects/gunjannagar-khanepani/vendor/laravel/framework/src/Illuminate/Container/Container.php(933): Illuminate/Container/Container->build(Object(Closure))
#4 C:/Users/Lenovo/CascadeProjects/gunjannagar-khanepani/vendor/laravel/framework/src/Illuminate/Foundation/Application.php(1078): Illuminate/Container/Container->resolve('Illuminate//Cont...', Array, true)
#5 C:/Users/Lenovo/CascadeProjects/gunjannagar-khanepani/vendor/laravel/framework/src/Illuminate/Container/Container.php(864): Illuminate/Foundation/Application->resolve('Illuminate//Cont...', Array)
#6 C:/Users/Lenovo/CascadeProjects/gunjannagar-khanepani/vendor/laravel/framework/src/Illuminate/Foundation/Application.php(1058): Illuminate/Container/Container->make('Illuminate//Cont...', Array)
#7 C:/Users/Lenovo/CascadeProjects/gunjannagar-khanepani/vendor/laravel/framework/src/Illuminate/Foundation/Application.php(1410): Illuminate/Foundation/Application->make('Illuminate//Cont...')
#8 C:/Users/Lenovo/CascadeProjects/gunjannagar-khanepani/vendor/laravel/framework/src/Illuminate/Foundation/Http/Middleware/PreventRequestsDuringMaintenance.php(64): Illuminate/Foundation/Application->maintenanceMode()
#9 C:/Users/Lenovo/CascadeProjects/gunjannagar-khanepani/vendor/laravel/framework/src/Illuminate/Pipeline/Pipeline.php(219): Illuminate/Foundation/Http/Middleware/PreventRequestsDuringMaintenance->handle(Object(Illuminate/Http/Request), Object(Closure))
#10 C:/Users/Lenovo/CascadeProjects/gunjannagar-khanepani/vendor/laravel/framework/src/Illuminate/Http/Middleware/HandleCors.php(61): Illuminate/Pipeline/Pipeline->Illuminate/Pipeline/{closure}(Object(Illuminate/Http/Request))
#11 C:/Users/Lenovo/CascadeProjects/gunjannagar-khanepani/vendor/laravel/framework/src/Illuminate/Pipeline/Pipeline.php(219): Illuminate/Http/Middleware/HandleCors->handle(Object(Illuminate/Http/Request), Object(Closure))
#12 C:/Users/Lenovo/CascadeProjects/gunjannagar-khanepani/vendor/laravel/framework/src/Illuminate/Http/Middleware/TrustProxies.php(58): Illuminate/Pipeline/Pipeline->Illuminate/Pipeline/{closure}(Object(Illuminate/Http/Request))
#13 C:/Users/Lenovo/CascadeProjects/gunjannagar-khanepani/vendor/laravel/framework/src/Illuminate/Pipeline/Pipeline.php(219): Illuminate/Http/Middleware/TrustProxies->handle(Object(Illuminate/Http/Request), Object(Closure))
#14 C:/Users/Lenovo/CascadeProjects/gunjannagar-khanepani/vendor/laravel/framework/src/Illuminate/Foundation/Http/Middleware/InvokeDeferredCallbacks.php(22): Illuminate/Pipeline/Pipeline->Illuminate/Pipeline/{closure}(Object(Illuminate/Http/Request))
#15 C:/Users/Lenovo/CascadeProjects/gunjannagar-khanepani/vendor/laravel/framework/src/Illuminate/Pipeline/Pipeline.php(219): Illuminate/Foundation/Http/Middleware/InvokeDeferredCallbacks->handle(Object(Illuminate/Http/Request), Object(Closure))
#16 C:/Users/Lenovo/CascadeProjects/gunjannagar-khanepani/vendor/laravel/framework/src/Illuminate/Http/Middleware/ValidatePathEncoding.php(26): Illuminate/Pipeline/Pipeline->Illuminate/Pipeline/{closure}(Object(Illuminate/Http/Request))
#17 C:/Users/Lenovo/CascadeProjects/gunjannagar-khanepani/vendor/laravel/framework/src/Illuminate/Pipeline/Pipeline.php(219): Illuminate/Http/Middleware/ValidatePathEncoding->handle(Object(Illuminate/Http/Request), Object(Closure))
#18 C:/Users/Lenovo/CascadeProjects/gunjannagar-khanepani/vendor/laravel/framework/src/Illuminate/Pipeline/Pipeline.php(137): Illuminate/Pipeline/Pipeline->Illuminate/Pipeline/{closure}(Object(Illuminate/Http/Request))
#19 C:/Users/Lenovo/CascadeProjects/gunjannagar-khanepani/vendor/laravel/framework/src/Illuminate/Foundation/Http/Kernel.php(175): Illuminate/Pipeline/Pipeline->then(Object(Closure))
#20 C:/Users/Lenovo/CascadeProjects/gunjannagar-khanepani/vendor/laravel/framework/src/Illuminate/Foundation/Http/Kernel.php(144): Illuminate/Foundation/Http/Kernel->sendRequestThroughRouter(Object(Illuminate/Http/Request))
#21 C:/Users/Lenovo/CascadeProjects/gunjannagar-khanepani/public/index.php(17): Illuminate/Foundation/Http/Kernel->handle(Object(Illuminate/Http/Request))
#22 C:/Users/Lenovo/CascadeProjects/gunjannagar-khanepani/vendor/laravel/framework/src/Illuminate/Foundation/resources/server.php(23): require_once('C://Users//Lenovo...')
#23 {main}
"} 
[2026-08-15 11:22:32] local.ERROR: Driver [database] not supported. {"exception":"[object] (InvalidArgumentException(code: 0): Driver [database] not supported. at C:/Users/Lenovo/CascadeProjects/gunjannagar-khanepani/vendor/laravel/framework/src/Illuminate/Support/Manager.php:104)
[stacktrace]
#0 C:/Users/Lenovo/CascadeProjects/gunjannagar-khanepani/vendor/laravel/framework/src/Illuminate/Support/Manager.php(78): Illuminate/Support/Manager->createDriver('database')
#1 C:/Users/Lenovo/CascadeProjects/gunjannagar-khanepani/vendor/laravel/framework/src/Illuminate/Foundation/Providers/FoundationServiceProvider.php(293): Illuminate/Support/Manager->driver()
#2 C:/Users/Lenovo/CascadeProjects/gunjannagar-khanepani/vendor/laravel/framework/src/Illuminate/Container/Container.php(1115): Illuminate/Foundation/Providers/FoundationServiceProvider->Illuminate/Foundation/Providers/{closure}(Object(Illuminate/Foundation/Application), Array)
#3 C:/Users/Lenovo/CascadeProjects/gunjannagar-khanepani/vendor/laravel/framework/src/Illuminate/Container/Container.php(933): Illuminate/Container/Container->build(Object(Closure))
#4 C:/Users/Lenovo/CascadeProjects/gunjannagar-khanepani/vendor/laravel/framework/src/Illuminate/Foundation/Application.php(1078): Illuminate/Container/Container->resolve('Illuminate//Cont...', Array, true)
#5 C:/Users/Lenovo/CascadeProjects/gunjannagar-khanepani/vendor/laravel/framework/src/Illuminate/Container/Container.php(864): Illuminate/Foundation/Application->resolve('Illuminate//Cont...', Array)
#6 C:/Users/Lenovo/CascadeProjects/gunjannagar-khanepani/vendor/laravel/framework/src/Illuminate/Foundation/Application.php(1058): Illuminate/Container/Container->make('Illuminate//Cont...', Array)
#7 C:/Users/Lenovo/CascadeProjects/gunjannagar-khanepani/vendor/laravel/framework/src/Illuminate/Foundation/Application.php(1410): Illuminate/Foundation/Application->make('Illuminate//Cont...')
#8 C:/Users/Lenovo/CascadeProjects/gunjannagar-khanepani/vendor/laravel/framework/src/Illuminate/Foundation/Http/Middleware/PreventRequestsDuringMaintenance.php(64): Illuminate/Foundation/Application->maintenanceMode()
#9 C:/Users/Lenovo/CascadeProjects/gunjannagar-khanepani/vendor/laravel/framework/src/Illuminate/Pipeline/Pipeline.php(219): Illuminate/Foundation/Http/Middleware/PreventRequestsDuringMaintenance->handle(Object(Illuminate/Http/Request), Object(Closure))
#10 C:/Users/Lenovo/CascadeProjects/gunjannagar-khanepani/vendor/laravel/framework/src/Illuminate/Http/Middleware/HandleCors.php(61): Illuminate/Pipeline/Pipeline->Illuminate/Pipeline/{closure}(Object(Illuminate/Http/Request))
#11 C:/Users/Lenovo/CascadeProjects/gunjannagar-khanepani/vendor/laravel/framework/src/Illuminate/Pipeline/Pipeline.php(219): Illuminate/Http/Middleware/HandleCors->handle(Object(Illuminate/Http/Request), Object(Closure))
#12 C:/Users/Lenovo/CascadeProjects/gunjannagar-khanepani/vendor/laravel/framework/src/Illuminate/Http/Middleware/TrustProxies.php(58): Illuminate/Pipeline/Pipeline->Illuminate/Pipeline/{closure}(Object(Illuminate/Http/Request))
#13 C:/Users/Lenovo/CascadeProjects/gunjannagar-khanepani/vendor/laravel/framework/src/Illuminate/Pipeline/Pipeline.php(219): Illuminate/Http/Middleware/TrustProxies->handle(Object(Illuminate/Http/Request), Object(Closure))
#14 C:/Users/Lenovo/CascadeProjects/gunjannagar-khanepani/vendor/laravel/framework/src/Illuminate/Foundation/Http/Middleware/InvokeDeferredCallbacks.php(22): Illuminate/Pipeline/Pipeline->Illuminate/Pipeline/{closure}(Object(Illuminate/Http/Request))
#15 C:/Users/Lenovo/CascadeProjects/gunjannagar-khanepani/vendor/laravel/framework/src/Illuminate/Pipeline/Pipeline.php(219): Illuminate/Foundation/Http/Middleware/InvokeDeferredCallbacks->handle(Object(Illuminate/Http/Request), Object(Closure))
#16 C:/Users/Lenovo/CascadeProjects/gunjannagar-khanepani/vendor/laravel/framework/src/Illuminate/Http/Middleware/ValidatePathEncoding.php(26): Illuminate/Pipeline/Pipeline->Illuminate/Pipeline/{closure}(Object(Illuminate/Http/Request))
#17 C:/Users/Lenovo/CascadeProjects/gunjannagar-khanepani/vendor/laravel/framework/src/Illuminate/Pipeline/Pipeline.php(219): Illuminate/Http/Middleware/ValidatePathEncoding->handle(Object(Illuminate/Http/Request), Object(Closure))
#18 C:/Users/Lenovo/CascadeProjects/gunjannagar-khanepani/vendor/laravel/framework/src/Illuminate/Pipeline/Pipeline.php(137): Illuminate/Pipeline/Pipeline->Illuminate/Pipeline/{closure}(Object(Illuminate/Http/Request))
#19 C:/Users/Lenovo/CascadeProjects/gunjannagar-khanepani/vendor/laravel/framework/src/Illuminate/Foundation/Http/Kernel.php(175): Illuminate/Pipeline/Pipeline->then(Object(Closure))
#20 C:/Users/Lenovo/CascadeProjects/gunjannagar-khanepani/vendor/laravel/framework/src/Illuminate/Foundation/Http/Kernel.php(144): Illuminate/Foundation/Http/Kernel->sendRequestThroughRouter(Object(Illuminate/Http/Request))
#21 C:/Users/Lenovo/CascadeProjects/gunjannagar-khanepani/public/index.php(17): Illuminate/Foundation/Http/Kernel->handle(Object(Illuminate/Http/Request))
#22 C:/Users/Lenovo/CascadeProjects/gunjannagar-khanepani/vendor/laravel/framework/src/Illuminate/Foundation/resources/server.php(23): require_once('C://Users//Lenovo...')
#23 {main}
"} 
[2026-08-15 11:22:34] local.ERROR: Driver [database] not supported. {"exception":"[object] (InvalidArgumentException(code: 0): Driver [database] not supported. at C:/Users/Lenovo/CascadeProjects/gunjannagar-khanepani/vendor/laravel/framework/src/Illuminate/Support/Manager.php:104)
[stacktrace]
#0 C:/Users/Lenovo/CascadeProjects/gunjannagar-khanepani/vendor/laravel/framework/src/Illuminate/Support/Manager.php(78): Illuminate/Support/Manager->createDriver('database')
#1 C:/Users/Lenovo/CascadeProjects/gunjannagar-khanepani/vendor/laravel/framework/src/Illuminate/Foundation/Providers/FoundationServiceProvider.php(293): Illuminate/Support/Manager->driver()
#2 C:/Users/Lenovo/CascadeProjects/gunjannagar-khanepani/vendor/laravel/framework/src/Illuminate/Container/Container.php(1115): Illuminate/Foundation/Providers/FoundationServiceProvider->Illuminate/Foundation/Providers/{closure}(Object(Illuminate/Foundation/Application), Array)
#3 C:/Users/Lenovo/CascadeProjects/gunjannagar-khanepani/vendor/laravel/framework/src/Illuminate/Container/Container.php(933): Illuminate/Container/Container->build(Object(Closure))
#4 C:/Users/Lenovo/CascadeProjects/gunjannagar-khanepani/vendor/laravel/framework/src/Illuminate/Foundation/Application.php(1078): Illuminate/Container/Container->resolve('Illuminate//Cont...', Array, true)
#5 C:/Users/Lenovo/CascadeProjects/gunjannagar-khanepani/vendor/laravel/framework/src/Illuminate/Container/Container.php(864): Illuminate/Foundation/Application->resolve('Illuminate//Cont...', Array)
#6 C:/Users/Lenovo/CascadeProjects/gunjannagar-khanepani/vendor/laravel/framework/src/Illuminate/Foundation/Application.php(1058): Illuminate/Container/Container->make('Illuminate//Cont...', Array)
#7 C:/Users/Lenovo/CascadeProjects/gunjannagar-khanepani/vendor/laravel/framework/src/Illuminate/Foundation/Application.php(1410): Illuminate/Foundation/Application->make('Illuminate//Cont...')
#8 C:/Users/Lenovo/CascadeProjects/gunjannagar-khanepani/vendor/laravel/framework/src/Illuminate/Foundation/Http/Middleware/PreventRequestsDuringMaintenance.php(64): Illuminate/Foundation/Application->maintenanceMode()
#9 C:/Users/Lenovo/CascadeProjects/gunjannagar-khanepani/vendor/laravel/framework/src/Illuminate/Pipeline/Pipeline.php(219): Illuminate/Foundation/Http/Middleware/PreventRequestsDuringMaintenance->handle(Object(Illuminate/Http/Request), Object(Closure))
#10 C:/Users/Lenovo/CascadeProjects/gunjannagar-khanepani/vendor/laravel/framework/src/Illuminate/Http/Middleware/HandleCors.php(61): Illuminate/Pipeline/Pipeline->Illuminate/Pipeline/{closure}(Object(Illuminate/Http/Request))
#11 C:/Users/Lenovo/CascadeProjects/gunjannagar-khanepani/vendor/laravel/framework/src/Illuminate/Pipeline/Pipeline.php(219): Illuminate/Http/Middleware/HandleCors->handle(Object(Illuminate/Http/Request), Object(Closure))
#12 C:/Users/Lenovo/CascadeProjects/gunjannagar-khanepani/vendor/laravel/framework/src/Illuminate/Http/Middleware/TrustProxies.php(58): Illuminate/Pipeline/Pipeline->Illuminate/Pipeline/{closure}(Object(Illuminate/Http/Request))
#13 C:/Users/Lenovo/CascadeProjects/gunjannagar-khanepani/vendor/laravel/framework/src/Illuminate/Pipeline/Pipeline.php(219): Illuminate/Http/Middleware/TrustProxies->handle(Object(Illuminate/Http/Request), Object(Closure))
#14 C:/Users/Lenovo/CascadeProjects/gunjannagar-khanepani/vendor/laravel/framework/src/Illuminate/Foundation/Http/Middleware/InvokeDeferredCallbacks.php(22): Illuminate/Pipeline/Pipeline->Illuminate/Pipeline/{closure}(Object(Illuminate/Http/Request))
#15 C:/Users/Lenovo/CascadeProjects/gunjannagar-khanepani/vendor/laravel/framework/src/Illuminate/Pipeline/Pipeline.php(219): Illuminate/Foundation/Http/Middleware/InvokeDeferredCallbacks->handle(Object(Illuminate/Http/Request), Object(Closure))
#16 C:/Users/Lenovo/CascadeProjects/gunjannagar-khanepani/vendor/laravel/framework/src/Illuminate/Http/Middleware/ValidatePathEncoding.php(26): Illuminate/Pipeline/Pipeline->Illuminate/Pipeline/{closure}(Object(Illuminate/Http/Request))
#17 C:/Users/Lenovo/CascadeProjects/gunjannagar-khanepani/vendor/laravel/framework/src/Illuminate/Pipeline/Pipeline.php(219): Illuminate/Http/Middleware/ValidatePathEncoding->handle(Object(Illuminate/Http/Request), Object(Closure))
#18 C:/Users/Lenovo/CascadeProjects/gunjannagar-khanepani/vendor/laravel/framework/src/Illuminate/Pipeline/Pipeline.php(137): Illuminate/Pipeline/Pipeline->Illuminate/Pipeline/{closure}(Object(Illuminate/Http/Request))
#19 C:/Users/Lenovo/CascadeProjects/gunjannagar-khanepani/vendor/laravel/framework/src/Illuminate/Foundation/Http/Kernel.php(175): Illuminate/Pipeline/Pipeline->then(Object(Closure))
#20 C:/Users/Lenovo/CascadeProjects/gunjannagar-khanepani/vendor/laravel/framework/src/Illuminate/Foundation/Http/Kernel.php(144): Illuminate/Foundation/Http/Kernel->sendRequestThroughRouter(Object(Illuminate/Http/Request))
#21 C:/Users/Lenovo/CascadeProjects/gunjannagar-khanepani/public/index.php(17): Illuminate/Foundation/Http/Kernel->handle(Object(Illuminate/Http/Request))
#22 C:/Users/Lenovo/CascadeProjects/gunjannagar-khanepani/vendor/laravel/framework/src/Illuminate/Foundation/resources/server.php(23): require_once('C://Users//Lenovo...')
#23 {main}
"} 
[2026-08-15 11:23:17] local.ERROR: Class "App\Http\Controllers\Controller" not found {"exception":"[object] (Error(code: 0): Class \"App\\Http\\Controllers\\Controller\" not found at C:/Users/Lenovo/CascadeProjects/gunjannagar-khanepani/app/Http/Controllers/HomeController.php:18)
[stacktrace]
#0 C:/Users/Lenovo/CascadeProjects/gunjannagar-khanepani/vendor/composer/ClassLoader.php(576): include()
#1 C:/Users/Lenovo/CascadeProjects/gunjannagar-khanepani/vendor/composer/ClassLoader.php(427): Composer/Autoload/{closure}('C://Users//Lenovo...')
#2 [internal function]: Composer/Autoload/ClassLoader->loadClass('App//Http//Contro...')
#3 C:/Users/Lenovo/CascadeProjects/gunjannagar-khanepani/vendor/laravel/framework/src/Illuminate/Routing/Route.php(1125): is_a('App//Http//Contro...', 'Illuminate//Rout...', true)
#4 C:/Users/Lenovo/CascadeProjects/gunjannagar-khanepani/vendor/laravel/framework/src/Illuminate/Routing/Route.php(1062): Illuminate/Routing/Route->controllerMiddleware()
#5 C:/Users/Lenovo/CascadeProjects/gunjannagar-khanepani/vendor/laravel/framework/src/Illuminate/Routing/Router.php(834): Illuminate/Routing/Route->gatherMiddleware()
#6 C:/Users/Lenovo/CascadeProjects/gunjannagar-khanepani/vendor/laravel/framework/src/Illuminate/Routing/Router.php(816): Illuminate/Routing/Router->gatherRouteMiddleware(Object(Illuminate/Routing/Route))
#7 C:/Users/Lenovo/CascadeProjects/gunjannagar-khanepani/vendor/laravel/framework/src/Illuminate/Routing/Router.php(800): Illuminate/Routing/Router->runRouteWithinStack(Object(Illuminate/Routing/Route), Object(Illuminate/Http/Request))
#8 C:/Users/Lenovo/CascadeProjects/gunjannagar-khanepani/vendor/laravel/framework/src/Illuminate/Routing/Router.php(764): Illuminate/Routing/Router->runRoute(Object(Illuminate/Http/Request), Object(Illuminate/Routing/Route))
#9 C:/Users/Lenovo/CascadeProjects/gunjannagar-khanepani/vendor/laravel/framework/src/Illuminate/Routing/Router.php(753): Illuminate/Routing/Router->dispatchToRoute(Object(Illuminate/Http/Request))
#10 C:/Users/Lenovo/CascadeProjects/gunjannagar-khanepani/vendor/laravel/framework/src/Illuminate/Foundation/Http/Kernel.php(200): Illuminate/Routing/Router->dispatch(Object(Illuminate/Http/Request))
#11 C:/Users/Lenovo/CascadeProjects/gunjannagar-khanepani/vendor/laravel/framework/src/Illuminate/Pipeline/Pipeline.php(180): Illuminate/Foundation/Http/Kernel->Illuminate/Foundation/Http/{closure}(Object(Illuminate/Http/Request))
#12 C:/Users/Lenovo/CascadeProjects/gunjannagar-khanepani/vendor/laravel/framework/src/Illuminate/Foundation/Http/Middleware/TransformsRequest.php(21): Illuminate/Pipeline/Pipeline->Illuminate/Pipeline/{closure}(Object(Illuminate/Http/Request))
#13 C:/Users/Lenovo/CascadeProjects/gunjannagar-khanepani/vendor/laravel/framework/src/Illuminate/Foundation/Http/Middleware/ConvertEmptyStringsToNull.php(31): Illuminate/Foundation/Http/Middleware/TransformsRequest->handle(Object(Illuminate/Http/Request), Object(Closure))
#14 C:/Users/Lenovo/CascadeProjects/gunjannagar-khanepani/vendor/laravel/framework/src/Illuminate/Pipeline/Pipeline.php(219): Illuminate/Foundation/Http/Middleware/ConvertEmptyStringsToNull->handle(Object(Illuminate/Http/Request), Object(Closure))
#15 C:/Users/Lenovo/CascadeProjects/gunjannagar-khanepani/vendor/laravel/framework/src/Illuminate/Foundation/Http/Middleware/TransformsRequest.php(21): Illuminate/Pipeline/Pipeline->Illuminate/Pipeline/{closure}(Object(Illuminate/Http/Request))
#16 C:/Users/Lenovo/CascadeProjects/gunjannagar-khanepani/vendor/laravel/framework/src/Illuminate/Foundation/Http/Middleware/TrimStrings.php(51): Illuminate/Foundation/Http/Middleware/TransformsRequest->handle(Object(Illuminate/Http/Request), Object(Closure))
#17 C:/Users/Lenovo/CascadeProjects/gunjannagar-khanepani/vendor/laravel/framework/src/Illuminate/Pipeline/Pipeline.php(219): Illuminate/Foundation/Http/Middleware/TrimStrings->handle(Object(Illuminate/Http/Request), Object(Closure))
#18 C:/Users/Lenovo/CascadeProjects/gunjannagar-khanepani/vendor/laravel/framework/src/Illuminate/Http/Middleware/ValidatePostSize.php(27): Illuminate/Pipeline/Pipeline->Illuminate/Pipeline/{closure}(Object(Illuminate/Http/Request))
#19 C:/Users/Lenovo/CascadeProjects/gunjannagar-khanepani/vendor/laravel/framework/src/Illuminate/Pipeline/Pipeline.php(219): Illuminate/Http/Middleware/ValidatePostSize->handle(Object(Illuminate/Http/Request), Object(Closure))
#20 C:/Users/Lenovo/CascadeProjects/gunjannagar-khanepani/vendor/laravel/framework/src/Illuminate/Foundation/Http/Middleware/PreventRequestsDuringMaintenance.php(109): Illuminate/Pipeline/Pipeline->Illuminate/Pipeline/{closure}(Object(Illuminate/Http/Request))
#21 C:/Users/Lenovo/CascadeProjects/gunjannagar-khanepani/vendor/laravel/framework/src/Illuminate/Pipeline/Pipeline.php(219): Illuminate/Foundation/Http/Middleware/PreventRequestsDuringMaintenance->handle(Object(Illuminate/Http/Request), Object(Closure))
#22 C:/Users/Lenovo/CascadeProjects/gunjannagar-khanepani/vendor/laravel/framework/src/Illuminate/Http/Middleware/HandleCors.php(61): Illuminate/Pipeline/Pipeline->Illuminate/Pipeline/{closure}(Object(Illuminate/Http/Request))
#23 C:/Users/Lenovo/CascadeProjects/gunjannagar-khanepani/vendor/laravel/framework/src/Illuminate/Pipeline/Pipeline.php(219): Illuminate/Http/Middleware/HandleCors->handle(Object(Illuminate/Http/Request), Object(Closure))
#24 C:/Users/Lenovo/CascadeProjects/gunjannagar-khanepani/vendor/laravel/framework/src/Illuminate/Http/Middleware/TrustProxies.php(58): Illuminate/Pipeline/Pipeline->Illuminate/Pipeline/{closure}(Object(Illuminate/Http/Request))
#25 C:/Users/Lenovo/CascadeProjects/gunjannagar-khanepani/vendor/laravel/framework/src/Illuminate/Pipeline/Pipeline.php(219): Illuminate/Http/Middleware/TrustProxies->handle(Object(Illuminate/Http/Request), Object(Closure))
#26 C:/Users/Lenovo/CascadeProjects/gunjannagar-khanepani/vendor/laravel/framework/src/Illuminate/Foundation/Http/Middleware/InvokeDeferredCallbacks.php(22): Illuminate/Pipeline/Pipeline->Illuminate/Pipeline/{closure}(Object(Illuminate/Http/Request))
#27 C:/Users/Lenovo/CascadeProjects/gunjannagar-khanepani/vendor/laravel/framework/src/Illuminate/Pipeline/Pipeline.php(219): Illuminate/Foundation/Http/Middleware/InvokeDeferredCallbacks->handle(Object(Illuminate/Http/Request), Object(Closure))
#28 C:/Users/Lenovo/CascadeProjects/gunjannagar-khanepani/vendor/laravel/framework/src/Illuminate/Http/Middleware/ValidatePathEncoding.php(26): Illuminate/Pipeline/Pipeline->Illuminate/Pipeline/{closure}(Object(Illuminate/Http/Request))
#29 C:/Users/Lenovo/CascadeProjects/gunjannagar-khanepani/vendor/laravel/framework/src/Illuminate/Pipeline/Pipeline.php(219): Illuminate/Http/Middleware/ValidatePathEncoding->handle(Object(Illuminate/Http/Request), Object(Closure))
#30 C:/Users/Lenovo/CascadeProjects/gunjannagar-khanepani/vendor/laravel/framework/src/Illuminate/Pipeline/Pipeline.php(137): Illuminate/Pipeline/Pipeline->Illuminate/Pipeline/{closure}(Object(Illuminate/Http/Request))
#31 C:/Users/Lenovo/CascadeProjects/gunjannagar-khanepani/vendor/laravel/framework/src/Illuminate/Foundation/Http/Kernel.php(175): Illuminate/Pipeline/Pipeline->then(Object(Closure))
#32 C:/Users/Lenovo/CascadeProjects/gunjannagar-khanepani/vendor/laravel/framework/src/Illuminate/Foundation/Http/Kernel.php(144): Illuminate/Foundation/Http/Kernel->sendRequestThroughRouter(Object(Illuminate/Http/Request))
#33 C:/Users/Lenovo/CascadeProjects/gunjannagar-khanepani/public/index.php(17): Illuminate/Foundation/Http/Kernel->handle(Object(Illuminate/Http/Request))
#34 C:/Users/Lenovo/CascadeProjects/gunjannagar-khanepani/vendor/laravel/framework/src/Illuminate/Foundation/resources/server.php(23): require_once('C://Users//Lenovo...')
#35 {main}
"} 
[2026-08-15 11:23:32] local.ERROR: Please provide a valid cache path. {"exception":"[object] (InvalidArgumentException(code: 0): Please provide a valid cache path. at C:/Users/Lenovo/CascadeProjects/gunjannagar-khanepani/vendor/laravel/framework/src/Illuminate/View/Compilers/Compiler.php:75)
[stacktrace]
#0 C:/Users/Lenovo/CascadeProjects/gunjannagar-khanepani/vendor/laravel/framework/src/Illuminate/View/ViewServiceProvider.php(97): Illuminate/View/Compilers/Compiler->__construct(Object(Illuminate/Filesystem/Filesystem), false, '', true, 'php', true)
#1 C:/Users/Lenovo/CascadeProjects/gunjannagar-khanepani/vendor/laravel/framework/src/Illuminate/Container/Container.php(1115): Illuminate/View/ViewServiceProvider->Illuminate/View/{closure}(Object(Illuminate/Foundation/Application), Array)
#2 C:/Users/Lenovo/CascadeProjects/gunjannagar-khanepani/vendor/laravel/framework/src/Illuminate/Container/Container.php(933): Illuminate/Container/Container->build(Object(Closure))
#3 C:/Users/Lenovo/CascadeProjects/gunjannagar-khanepani/vendor/laravel/framework/src/Illuminate/Foundation/Application.php(1078): Illuminate/Container/Container->resolve('blade.compiler', Array, true)
#4 C:/Users/Lenovo/CascadeProjects/gunjannagar-khanepani/vendor/laravel/framework/src/Illuminate/Container/Container.php(864): Illuminate/Foundation/Application->resolve('blade.compiler', Array)
#5 C:/Users/Lenovo/CascadeProjects/gunjannagar-khanepani/vendor/laravel/framework/src/Illuminate/Foundation/Application.php(1058): Illuminate/Container/Container->make('blade.compiler', Array)
#6 C:/Users/Lenovo/CascadeProjects/gunjannagar-khanepani/vendor/laravel/framework/src/Illuminate/View/ViewServiceProvider.php(169): Illuminate/Foundation/Application->make('blade.compiler')
#7 [internal function]: Illuminate/View/ViewServiceProvider->Illuminate/View/{closure}()
#8 C:/Users/Lenovo/CascadeProjects/gunjannagar-khanepani/vendor/laravel/framework/src/Illuminate/View/Engines/EngineResolver.php(55): call_user_func(Object(Closure))
#9 C:/Users/Lenovo/CascadeProjects/gunjannagar-khanepani/vendor/laravel/framework/src/Illuminate/View/Factory.php(325): Illuminate/View/Engines/EngineResolver->resolve('blade')
#10 C:/Users/Lenovo/CascadeProjects/gunjannagar-khanepani/vendor/laravel/framework/src/Illuminate/View/Factory.php(287): Illuminate/View/Factory->getEngineFromPath('C://Users//Lenovo...')
#11 C:/Users/Lenovo/CascadeProjects/gunjannagar-khanepani/vendor/laravel/framework/src/Illuminate/View/Factory.php(159): Illuminate/View/Factory->viewInstance('errors::404', 'C://Users//Lenovo...', Array)
#12 C:/Users/Lenovo/CascadeProjects/gunjannagar-khanepani/vendor/laravel/framework/src/Illuminate/Routing/ResponseFactory.php(91): Illuminate/View/Factory->make('errors::404', Array)
#13 C:/Users/Lenovo/CascadeProjects/gunjannagar-khanepani/vendor/laravel/framework/src/Illuminate/Foundation/Exceptions/Handler.php(926): Illuminate/Routing/ResponseFactory->view('errors::404', Array, 404, Array)
#14 C:/Users/Lenovo/CascadeProjects/gunjannagar-khanepani/vendor/laravel/framework/src/Illuminate/Foundation/Exceptions/Handler.php(847): Illuminate/Foundation/Exceptions/Handler->renderHttpException(Object(Symfony/Component/HttpKernel/Exception/NotFoundHttpException))
#15 C:/Users/Lenovo/CascadeProjects/gunjannagar-khanepani/vendor/laravel/framework/src/Illuminate/Foundation/Exceptions/Handler.php(738): Illuminate/Foundation/Exceptions/Handler->prepareResponse(Object(Illuminate/Http/Request), Object(Symfony/Component/HttpKernel/Exception/NotFoundHttpException))
#16 C:/Users/Lenovo/CascadeProjects/gunjannagar-khanepani/vendor/laravel/framework/src/Illuminate/Foundation/Exceptions/Handler.php(626): Illuminate/Foundation/Exceptions/Handler->renderExceptionResponse(Object(Illuminate/Http/Request), Object(Symfony/Component/HttpKernel/Exception/NotFoundHttpException))
#17 C:/Users/Lenovo/CascadeProjects/gunjannagar-khanepani/vendor/laravel/framework/src/Illuminate/Routing/Pipeline.php(51): Illuminate/Foundation/Exceptions/Handler->render(Object(Illuminate/Http/Request), Object(Symfony/Component/HttpKernel/Exception/NotFoundHttpException))
#18 C:/Users/Lenovo/CascadeProjects/gunjannagar-khanepani/vendor/laravel/framework/src/Illuminate/Pipeline/Pipeline.php(182): Illuminate/Routing/Pipeline->handleException(Object(Illuminate/Http/Request), Object(Symfony/Component/HttpKernel/Exception/NotFoundHttpException))
#19 C:/Users/Lenovo/CascadeProjects/gunjannagar-khanepani/vendor/laravel/framework/src/Illuminate/Foundation/Http/Middleware/TransformsRequest.php(21): Illuminate/Pipeline/Pipeline->Illuminate/Pipeline/{closure}(Object(Illuminate/Http/Request))
#20 C:/Users/Lenovo/CascadeProjects/gunjannagar-khanepani/vendor/laravel/framework/src/Illuminate/Foundation/Http/Middleware/ConvertEmptyStringsToNull.php(31): Illuminate/Foundation/Http/Middleware/TransformsRequest->handle(Object(Illuminate/Http/Request), Object(Closure))
#21 C:/Users/Lenovo/CascadeProjects/gunjannagar-khanepani/vendor/laravel/framework/src/Illuminate/Pipeline/Pipeline.php(219): Illuminate/Foundation/Http/Middleware/ConvertEmptyStringsToNull->handle(Object(Illuminate/Http/Request), Object(Closure))
#22 C:/Users/Lenovo/CascadeProjects/gunjannagar-khanepani/vendor/laravel/framework/src/Illuminate/Foundation/Http/Middleware/TransformsRequest.php(21): Illuminate/Pipeline/Pipeline->Illuminate/Pipeline/{closure}(Object(Illuminate/Http/Request))
#23 C:/Users/Lenovo/CascadeProjects/gunjannagar-khanepani/vendor/laravel/framework/src/Illuminate/Foundation/Http/Middleware/TrimStrings.php(51): Illuminate/Foundation/Http/Middleware/TransformsRequest->handle(Object(Illuminate/Http/Request), Object(Closure))
#24 C:/Users/Lenovo/CascadeProjects/gunjannagar-khanepani/vendor/laravel/framework/src/Illuminate/Pipeline/Pipeline.php(219): Illuminate/Foundation/Http/Middleware/TrimStrings->handle(Object(Illuminate/Http/Request), Object(Closure))
#25 C:/Users/Lenovo/CascadeProjects/gunjannagar-khanepani/vendor/laravel/framework/src/Illuminate/Http/Middleware/ValidatePostSize.php(27): Illuminate/Pipeline/Pipeline->Illuminate/Pipeline/{closure}(Object(Illuminate/Http/Request))
#26 C:/Users/Lenovo/CascadeProjects/gunjannagar-khanepani/vendor/laravel/framework/src/Illuminate/Pipeline/Pipeline.php(219): Illuminate/Http/Middleware/ValidatePostSize->handle(Object(Illuminate/Http/Request), Object(Closure))
#27 C:/Users/Lenovo/CascadeProjects/gunjannagar-khanepani/vendor/laravel/framework/src/Illuminate/Foundation/Http/Middleware/PreventRequestsDuringMaintenance.php(109): Illuminate/Pipeline/Pipeline->Illuminate/Pipeline/{closure}(Object(Illuminate/Http/Request))
#28 C:/Users/Lenovo/CascadeProjects/gunjannagar-khanepani/vendor/laravel/framework/src/Illuminate/Pipeline/Pipeline.php(219): Illuminate/Foundation/Http/Middleware/PreventRequestsDuringMaintenance->handle(Object(Illuminate/Http/Request), Object(Closure))
#29 C:/Users/Lenovo/CascadeProjects/gunjannagar-khanepani/vendor/laravel/framework/src/Illuminate/Http/Middleware/HandleCors.php(61): Illuminate/Pipeline/Pipeline->Illuminate/Pipeline/{closure}(Object(Illuminate/Http/Request))
#30 C:/Users/Lenovo/CascadeProjects/gunjannagar-khanepani/vendor/laravel/framework/src/Illuminate/Pipeline/Pipeline.php(219): Illuminate/Http/Middleware/HandleCors->handle(Object(Illuminate/Http/Request), Object(Closure))
#31 C:/Users/Lenovo/CascadeProjects/gunjannagar-khanepani/vendor/laravel/framework/src/Illuminate/Http/Middleware/TrustProxies.php(58): Illuminate/Pipeline/Pipeline->Illuminate/Pipeline/{closure}(Object(Illuminate/Http/Request))
#32 C:/Users/Lenovo/CascadeProjects/gunjannagar-khanepani/vendor/laravel/framework/src/Illuminate/Pipeline/Pipeline.php(219): Illuminate/Http/Middleware/TrustProxies->handle(Object(Illuminate/Http/Request), Object(Closure))
#33 C:/Users/Lenovo/CascadeProjects/gunjannagar-khanepani/vendor/laravel/framework/src/Illuminate/Foundation/Http/Middleware/InvokeDeferredCallbacks.php(22): Illuminate/Pipeline/Pipeline->Illuminate/Pipeline/{closure}(Object(Illuminate/Http/Request))
#34 C:/Users/Lenovo/CascadeProjects/gunjannagar-khanepani/vendor/laravel/framework/src/Illuminate/Pipeline/Pipeline.php(219): Illuminate/Foundation/Http/Middleware/InvokeDeferredCallbacks->handle(Object(Illuminate/Http/Request), Object(Closure))
#35 C:/Users/Lenovo/CascadeProjects/gunjannagar-khanepani/vendor/laravel/framework/src/Illuminate/Http/Middleware/ValidatePathEncoding.php(26): Illuminate/Pipeline/Pipeline->Illuminate/Pipeline/{closure}(Object(Illuminate/Http/Request))
#36 C:/Users/Lenovo/CascadeProjects/gunjannagar-khanepani/vendor/laravel/framework/src/Illuminate/Pipeline/Pipeline.php(219): Illuminate/Http/Middleware/ValidatePathEncoding->handle(Object(Illuminate/Http/Request), Object(Closure))
#37 C:/Users/Lenovo/CascadeProjects/gunjannagar-khanepani/vendor/laravel/framework/src/Illuminate/Pipeline/Pipeline.php(137): Illuminate/Pipeline/Pipeline->Illuminate/Pipeline/{closure}(Object(Illuminate/Http/Request))
#38 C:/Users/Lenovo/CascadeProjects/gunjannagar-khanepani/vendor/laravel/framework/src/Illuminate/Foundation/Http/Kernel.php(175): Illuminate/Pipeline/Pipeline->then(Object(Closure))
#39 C:/Users/Lenovo/CascadeProjects/gunjannagar-khanepani/vendor/laravel/framework/src/Illuminate/Foundation/Http/Kernel.php(144): Illuminate/Foundation/Http/Kernel->sendRequestThroughRouter(Object(Illuminate/Http/Request))
#40 C:/Users/Lenovo/CascadeProjects/gunjannagar-khanepani/public/index.php(17): Illuminate/Foundation/Http/Kernel->handle(Object(Illuminate/Http/Request))
#41 C:/Users/Lenovo/CascadeProjects/gunjannagar-khanepani/vendor/laravel/framework/src/Illuminate/Foundation/resources/server.php(23): require_once('C://Users//Lenovo...')
#42 {main}
"} 
[2026-08-15 11:25:35] local.ERROR: Class "App\Http\Controllers\Controller" not found {"exception":"[object] (Error(code: 0): Class \"App\\Http\\Controllers\\Controller\" not found at C:/Users/Lenovo/CascadeProjects/gunjannagar-khanepani/app/Http/Controllers/HomeController.php:18)
[stacktrace]
#0 C:/Users/Lenovo/CascadeProjects/gunjannagar-khanepani/vendor/composer/ClassLoader.php(576): include()
#1 C:/Users/Lenovo/CascadeProjects/gunjannagar-khanepani/vendor/composer/ClassLoader.php(427): Composer/Autoload/{closure}('C://Users//Lenovo...')
#2 [internal function]: Composer/Autoload/ClassLoader->loadClass('App//Http//Contro...')
#3 C:/Users/Lenovo/CascadeProjects/gunjannagar-khanepani/vendor/laravel/framework/src/Illuminate/Routing/Route.php(1125): is_a('App//Http//Contro...', 'Illuminate//Rout...', true)
#4 C:/Users/Lenovo/CascadeProjects/gunjannagar-khanepani/vendor/laravel/framework/src/Illuminate/Routing/Route.php(1062): Illuminate/Routing/Route->controllerMiddleware()
#5 C:/Users/Lenovo/CascadeProjects/gunjannagar-khanepani/vendor/laravel/framework/src/Illuminate/Routing/Router.php(834): Illuminate/Routing/Route->gatherMiddleware()
#6 C:/Users/Lenovo/CascadeProjects/gunjannagar-khanepani/vendor/laravel/framework/src/Illuminate/Routing/Router.php(816): Illuminate/Routing/Router->gatherRouteMiddleware(Object(Illuminate/Routing/Route))
#7 C:/Users/Lenovo/CascadeProjects/gunjannagar-khanepani/vendor/laravel/framework/src/Illuminate/Routing/Router.php(800): Illuminate/Routing/Router->runRouteWithinStack(Object(Illuminate/Routing/Route), Object(Illuminate/Http/Request))
#8 C:/Users/Lenovo/CascadeProjects/gunjannagar-khanepani/vendor/laravel/framework/src/Illuminate/Routing/Router.php(764): Illuminate/Routing/Router->runRoute(Object(Illuminate/Http/Request), Object(Illuminate/Routing/Route))
#9 C:/Users/Lenovo/CascadeProjects/gunjannagar-khanepani/vendor/laravel/framework/src/Illuminate/Routing/Router.php(753): Illuminate/Routing/Router->dispatchToRoute(Object(Illuminate/Http/Request))
#10 C:/Users/Lenovo/CascadeProjects/gunjannagar-khanepani/vendor/laravel/framework/src/Illuminate/Foundation/Http/Kernel.php(200): Illuminate/Routing/Router->dispatch(Object(Illuminate/Http/Request))
#11 C:/Users/Lenovo/CascadeProjects/gunjannagar-khanepani/vendor/laravel/framework/src/Illuminate/Pipeline/Pipeline.php(180): Illuminate/Foundation/Http/Kernel->Illuminate/Foundation/Http/{closure}(Object(Illuminate/Http/Request))
#12 C:/Users/Lenovo/CascadeProjects/gunjannagar-khanepani/vendor/laravel/framework/src/Illuminate/Foundation/Http/Middleware/TransformsRequest.php(21): Illuminate/Pipeline/Pipeline->Illuminate/Pipeline/{closure}(Object(Illuminate/Http/Request))
#13 C:/Users/Lenovo/CascadeProjects/gunjannagar-khanepani/vendor/laravel/framework/src/Illuminate/Foundation/Http/Middleware/ConvertEmptyStringsToNull.php(31): Illuminate/Foundation/Http/Middleware/TransformsRequest->handle(Object(Illuminate/Http/Request), Object(Closure))
#14 C:/Users/Lenovo/CascadeProjects/gunjannagar-khanepani/vendor/laravel/framework/src/Illuminate/Pipeline/Pipeline.php(219): Illuminate/Foundation/Http/Middleware/ConvertEmptyStringsToNull->handle(Object(Illuminate/Http/Request), Object(Closure))
#15 C:/Users/Lenovo/CascadeProjects/gunjannagar-khanepani/vendor/laravel/framework/src/Illuminate/Foundation/Http/Middleware/TransformsRequest.php(21): Illuminate/Pipeline/Pipeline->Illuminate/Pipeline/{closure}(Object(Illuminate/Http/Request))
#16 C:/Users/Lenovo/CascadeProjects/gunjannagar-khanepani/vendor/laravel/framework/src/Illuminate/Foundation/Http/Middleware/TrimStrings.php(51): Illuminate/Foundation/Http/Middleware/TransformsRequest->handle(Object(Illuminate/Http/Request), Object(Closure))
#17 C:/Users/Lenovo/CascadeProjects/gunjannagar-khanepani/vendor/laravel/framework/src/Illuminate/Pipeline/Pipeline.php(219): Illuminate/Foundation/Http/Middleware/TrimStrings->handle(Object(Illuminate/Http/Request), Object(Closure))
#18 C:/Users/Lenovo/CascadeProjects/gunjannagar-khanepani/vendor/laravel/framework/src/Illuminate/Http/Middleware/ValidatePostSize.php(27): Illuminate/Pipeline/Pipeline->Illuminate/Pipeline/{closure}(Object(Illuminate/Http/Request))
#19 C:/Users/Lenovo/CascadeProjects/gunjannagar-khanepani/vendor/laravel/framework/src/Illuminate/Pipeline/Pipeline.php(219): Illuminate/Http/Middleware/ValidatePostSize->handle(Object(Illuminate/Http/Request), Object(Closure))
#20 C:/Users/Lenovo/CascadeProjects/gunjannagar-khanepani/vendor/laravel/framework/src/Illuminate/Foundation/Http/Middleware/PreventRequestsDuringMaintenance.php(109): Illuminate/Pipeline/Pipeline->Illuminate/Pipeline/{closure}(Object(Illuminate/Http/Request))
#21 C:/Users/Lenovo/CascadeProjects/gunjannagar-khanepani/vendor/laravel/framework/src/Illuminate/Pipeline/Pipeline.php(219): Illuminate/Foundation/Http/Middleware/PreventRequestsDuringMaintenance->handle(Object(Illuminate/Http/Request), Object(Closure))
#22 C:/Users/Lenovo/CascadeProjects/gunjannagar-khanepani/vendor/laravel/framework/src/Illuminate/Http/Middleware/HandleCors.php(61): Illuminate/Pipeline/Pipeline->Illuminate/Pipeline/{closure}(Object(Illuminate/Http/Request))
#23 C:/Users/Lenovo/CascadeProjects/gunjannagar-khanepani/vendor/laravel/framework/src/Illuminate/Pipeline/Pipeline.php(219): Illuminate/Http/Middleware/HandleCors->handle(Object(Illuminate/Http/Request), Object(Closure))
#24 C:/Users/Lenovo/CascadeProjects/gunjannagar-khanepani/vendor/laravel/framework/src/Illuminate/Http/Middleware/TrustProxies.php(58): Illuminate/Pipeline/Pipeline->Illuminate/Pipeline/{closure}(Object(Illuminate/Http/Request))
#25 C:/Users/Lenovo/CascadeProjects/gunjannagar-khanepani/vendor/laravel/framework/src/Illuminate/Pipeline/Pipeline.php(219): Illuminate/Http/Middleware/TrustProxies->handle(Object(Illuminate/Http/Request), Object(Closure))
#26 C:/Users/Lenovo/CascadeProjects/gunjannagar-khanepani/vendor/laravel/framework/src/Illuminate/Foundation/Http/Middleware/InvokeDeferredCallbacks.php(22): Illuminate/Pipeline/Pipeline->Illuminate/Pipeline/{closure}(Object(Illuminate/Http/Request))
#27 C:/Users/Lenovo/CascadeProjects/gunjannagar-khanepani/vendor/laravel/framework/src/Illuminate/Pipeline/Pipeline.php(219): Illuminate/Foundation/Http/Middleware/InvokeDeferredCallbacks->handle(Object(Illuminate/Http/Request), Object(Closure))
#28 C:/Users/Lenovo/CascadeProjects/gunjannagar-khanepani/vendor/laravel/framework/src/Illuminate/Http/Middleware/ValidatePathEncoding.php(26): Illuminate/Pipeline/Pipeline->Illuminate/Pipeline/{closure}(Object(Illuminate/Http/Request))
#29 C:/Users/Lenovo/CascadeProjects/gunjannagar-khanepani/vendor/laravel/framework/src/Illuminate/Pipeline/Pipeline.php(219): Illuminate/Http/Middleware/ValidatePathEncoding->handle(Object(Illuminate/Http/Request), Object(Closure))
#30 C:/Users/Lenovo/CascadeProjects/gunjannagar-khanepani/vendor/laravel/framework/src/Illuminate/Pipeline/Pipeline.php(137): Illuminate/Pipeline/Pipeline->Illuminate/Pipeline/{closure}(Object(Illuminate/Http/Request))
#31 C:/Users/Lenovo/CascadeProjects/gunjannagar-khanepani/vendor/laravel/framework/src/Illuminate/Foundation/Http/Kernel.php(175): Illuminate/Pipeline/Pipeline->then(Object(Closure))
#32 C:/Users/Lenovo/CascadeProjects/gunjannagar-khanepani/vendor/laravel/framework/src/Illuminate/Foundation/Http/Kernel.php(144): Illuminate/Foundation/Http/Kernel->sendRequestThroughRouter(Object(Illuminate/Http/Request))
#33 C:/Users/Lenovo/CascadeProjects/gunjannagar-khanepani/public/index.php(17): Illuminate/Foundation/Http/Kernel->handle(Object(Illuminate/Http/Request))
#34 C:/Users/Lenovo/CascadeProjects/gunjannagar-khanepani/vendor/laravel/framework/src/Illuminate/Foundation/resources/server.php(23): require_once('C://Users//Lenovo...')
#35 {main}
"} 
[2026-08-15 11:25:45] local.ERROR: Please provide a valid cache path. {"exception":"[object] (InvalidArgumentException(code: 0): Please provide a valid cache path. at C:/Users/Lenovo/CascadeProjects/gunjannagar-khanepani/vendor/laravel/framework/src/Illuminate/View/Compilers/Compiler.php:75)
[stacktrace]
#0 C:/Users/Lenovo/CascadeProjects/gunjannagar-khanepani/vendor/laravel/framework/src/Illuminate/View/ViewServiceProvider.php(97): Illuminate/View/Compilers/Compiler->__construct(Object(Illuminate/Filesystem/Filesystem), false, '', true, 'php', true)
#1 C:/Users/Lenovo/CascadeProjects/gunjannagar-khanepani/vendor/laravel/framework/src/Illuminate/Container/Container.php(1115): Illuminate/View/ViewServiceProvider->Illuminate/View/{closure}(Object(Illuminate/Foundation/Application), Array)
#2 C:/Users/Lenovo/CascadeProjects/gunjannagar-khanepani/vendor/laravel/framework/src/Illuminate/Container/Container.php(933): Illuminate/Container/Container->build(Object(Closure))
#3 C:/Users/Lenovo/CascadeProjects/gunjannagar-khanepani/vendor/laravel/framework/src/Illuminate/Foundation/Application.php(1078): Illuminate/Container/Container->resolve('blade.compiler', Array, true)
#4 C:/Users/Lenovo/CascadeProjects/gunjannagar-khanepani/vendor/laravel/framework/src/Illuminate/Container/Container.php(864): Illuminate/Foundation/Application->resolve('blade.compiler', Array)
#5 C:/Users/Lenovo/CascadeProjects/gunjannagar-khanepani/vendor/laravel/framework/src/Illuminate/Foundation/Application.php(1058): Illuminate/Container/Container->make('blade.compiler', Array)
#6 C:/Users/Lenovo/CascadeProjects/gunjannagar-khanepani/vendor/laravel/framework/src/Illuminate/View/ViewServiceProvider.php(169): Illuminate/Foundation/Application->make('blade.compiler')
#7 [internal function]: Illuminate/View/ViewServiceProvider->Illuminate/View/{closure}()
#8 C:/Users/Lenovo/CascadeProjects/gunjannagar-khanepani/vendor/laravel/framework/src/Illuminate/View/Engines/EngineResolver.php(55): call_user_func(Object(Closure))
#9 C:/Users/Lenovo/CascadeProjects/gunjannagar-khanepani/vendor/laravel/framework/src/Illuminate/View/Factory.php(325): Illuminate/View/Engines/EngineResolver->resolve('blade')
#10 C:/Users/Lenovo/CascadeProjects/gunjannagar-khanepani/vendor/laravel/framework/src/Illuminate/View/Factory.php(287): Illuminate/View/Factory->getEngineFromPath('C://Users//Lenovo...')
#11 C:/Users/Lenovo/CascadeProjects/gunjannagar-khanepani/vendor/laravel/framework/src/Illuminate/View/Factory.php(159): Illuminate/View/Factory->viewInstance('errors::404', 'C://Users//Lenovo...', Array)
#12 C:/Users/Lenovo/CascadeProjects/gunjannagar-khanepani/vendor/laravel/framework/src/Illuminate/Routing/ResponseFactory.php(91): Illuminate/View/Factory->make('errors::404', Array)
#13 C:/Users/Lenovo/CascadeProjects/gunjannagar-khanepani/vendor/laravel/framework/src/Illuminate/Foundation/Exceptions/Handler.php(926): Illuminate/Routing/ResponseFactory->view('errors::404', Array, 404, Array)
#14 C:/Users/Lenovo/CascadeProjects/gunjannagar-khanepani/vendor/laravel/framework/src/Illuminate/Foundation/Exceptions/Handler.php(847): Illuminate/Foundation/Exceptions/Handler->renderHttpException(Object(Symfony/Component/HttpKernel/Exception/NotFoundHttpException))
#15 C:/Users/Lenovo/CascadeProjects/gunjannagar-khanepani/vendor/laravel/framework/src/Illuminate/Foundation/Exceptions/Handler.php(738): Illuminate/Foundation/Exceptions/Handler->prepareResponse(Object(Illuminate/Http/Request), Object(Symfony/Component/HttpKernel/Exception/NotFoundHttpException))
#16 C:/Users/Lenovo/CascadeProjects/gunjannagar-khanepani/vendor/laravel/framework/src/Illuminate/Foundation/Exceptions/Handler.php(626): Illuminate/Foundation/Exceptions/Handler->renderExceptionResponse(Object(Illuminate/Http/Request), Object(Symfony/Component/HttpKernel/Exception/NotFoundHttpException))
#17 C:/Users/Lenovo/CascadeProjects/gunjannagar-khanepani/vendor/laravel/framework/src/Illuminate/Routing/Pipeline.php(51): Illuminate/Foundation/Exceptions/Handler->render(Object(Illuminate/Http/Request), Object(Symfony/Component/HttpKernel/Exception/NotFoundHttpException))
#18 C:/Users/Lenovo/CascadeProjects/gunjannagar-khanepani/vendor/laravel/framework/src/Illuminate/Pipeline/Pipeline.php(182): Illuminate/Routing/Pipeline->handleException(Object(Illuminate/Http/Request), Object(Symfony/Component/HttpKernel/Exception/NotFoundHttpException))
#19 C:/Users/Lenovo/CascadeProjects/gunjannagar-khanepani/vendor/laravel/framework/src/Illuminate/Foundation/Http/Middleware/TransformsRequest.php(21): Illuminate/Pipeline/Pipeline->Illuminate/Pipeline/{closure}(Object(Illuminate/Http/Request))
#20 C:/Users/Lenovo/CascadeProjects/gunjannagar-khanepani/vendor/laravel/framework/src/Illuminate/Foundation/Http/Middleware/ConvertEmptyStringsToNull.php(31): Illuminate/Foundation/Http/Middleware/TransformsRequest->handle(Object(Illuminate/Http/Request), Object(Closure))
#21 C:/Users/Lenovo/CascadeProjects/gunjannagar-khanepani/vendor/laravel/framework/src/Illuminate/Pipeline/Pipeline.php(219): Illuminate/Foundation/Http/Middleware/ConvertEmptyStringsToNull->handle(Object(Illuminate/Http/Request), Object(Closure))
#22 C:/Users/Lenovo/CascadeProjects/gunjannagar-khanepani/vendor/laravel/framework/src/Illuminate/Foundation/Http/Middleware/TransformsRequest.php(21): Illuminate/Pipeline/Pipeline->Illuminate/Pipeline/{closure}(Object(Illuminate/Http/Request))
#23 C:/Users/Lenovo/CascadeProjects/gunjannagar-khanepani/vendor/laravel/framework/src/Illuminate/Foundation/Http/Middleware/TrimStrings.php(51): Illuminate/Foundation/Http/Middleware/TransformsRequest->handle(Object(Illuminate/Http/Request), Object(Closure))
#24 C:/Users/Lenovo/CascadeProjects/gunjannagar-khanepani/vendor/laravel/framework/src/Illuminate/Pipeline/Pipeline.php(219): Illuminate/Foundation/Http/Middleware/TrimStrings->handle(Object(Illuminate/Http/Request), Object(Closure))
#25 C:/Users/Lenovo/CascadeProjects/gunjannagar-khanepani/vendor/laravel/framework/src/Illuminate/Http/Middleware/ValidatePostSize.php(27): Illuminate/Pipeline/Pipeline->Illuminate/Pipeline/{closure}(Object(Illuminate/Http/Request))
#26 C:/Users/Lenovo/CascadeProjects/gunjannagar-khanepani/vendor/laravel/framework/src/Illuminate/Pipeline/Pipeline.php(219): Illuminate/Http/Middleware/ValidatePostSize->handle(Object(Illuminate/Http/Request), Object(Closure))
#27 C:/Users/Lenovo/CascadeProjects/gunjannagar-khanepani/vendor/laravel/framework/src/Illuminate/Foundation/Http/Middleware/PreventRequestsDuringMaintenance.php(109): Illuminate/Pipeline/Pipeline->Illuminate/Pipeline/{closure}(Object(Illuminate/Http/Request))
#28 C:/Users/Lenovo/CascadeProjects/gunjannagar-khanepani/vendor/laravel/framework/src/Illuminate/Pipeline/Pipeline.php(219): Illuminate/Foundation/Http/Middleware/PreventRequestsDuringMaintenance->handle(Object(Illuminate/Http/Request), Object(Closure))
#29 C:/Users/Lenovo/CascadeProjects/gunjannagar-khanepani/vendor/laravel/framework/src/Illuminate/Http/Middleware/HandleCors.php(61): Illuminate/Pipeline/Pipeline->Illuminate/Pipeline/{closure}(Object(Illuminate/Http/Request))
#30 C:/Users/Lenovo/CascadeProjects/gunjannagar-khanepani/vendor/laravel/framework/src/Illuminate/Pipeline/Pipeline.php(219): Illuminate/Http/Middleware/HandleCors->handle(Object(Illuminate/Http/Request), Object(Closure))
#31 C:/Users/Lenovo/CascadeProjects/gunjannagar-khanepani/vendor/laravel/framework/src/Illuminate/Http/Middleware/TrustProxies.php(58): Illuminate/Pipeline/Pipeline->Illuminate/Pipeline/{closure}(Object(Illuminate/Http/Request))
#32 C:/Users/Lenovo/CascadeProjects/gunjannagar-khanepani/vendor/laravel/framework/src/Illuminate/Pipeline/Pipeline.php(219): Illuminate/Http/Middleware/TrustProxies->handle(Object(Illuminate/Http/Request), Object(Closure))
#33 C:/Users/Lenovo/CascadeProjects/gunjannagar-khanepani/vendor/laravel/framework/src/Illuminate/Foundation/Http/Middleware/InvokeDeferredCallbacks.php(22): Illuminate/Pipeline/Pipeline->Illuminate/Pipeline/{closure}(Object(Illuminate/Http/Request))
#34 C:/Users/Lenovo/CascadeProjects/gunjannagar-khanepani/vendor/laravel/framework/src/Illuminate/Pipeline/Pipeline.php(219): Illuminate/Foundation/Http/Middleware/InvokeDeferredCallbacks->handle(Object(Illuminate/Http/Request), Object(Closure))
#35 C:/Users/Lenovo/CascadeProjects/gunjannagar-khanepani/vendor/laravel/framework/src/Illuminate/Http/Middleware/ValidatePathEncoding.php(26): Illuminate/Pipeline/Pipeline->Illuminate/Pipeline/{closure}(Object(Illuminate/Http/Request))
#36 C:/Users/Lenovo/CascadeProjects/gunjannagar-khanepani/vendor/laravel/framework/src/Illuminate/Pipeline/Pipeline.php(219): Illuminate/Http/Middleware/ValidatePathEncoding->handle(Object(Illuminate/Http/Request), Object(Closure))
#37 C:/Users/Lenovo/CascadeProjects/gunjannagar-khanepani/vendor/laravel/framework/src/Illuminate/Pipeline/Pipeline.php(137): Illuminate/Pipeline/Pipeline->Illuminate/Pipeline/{closure}(Object(Illuminate/Http/Request))
#38 C:/Users/Lenovo/CascadeProjects/gunjannagar-khanepani/vendor/laravel/framework/src/Illuminate/Foundation/Http/Kernel.php(175): Illuminate/Pipeline/Pipeline->then(Object(Closure))
#39 C:/Users/Lenovo/CascadeProjects/gunjannagar-khanepani/vendor/laravel/framework/src/Illuminate/Foundation/Http/Kernel.php(144): Illuminate/Foundation/Http/Kernel->sendRequestThroughRouter(Object(Illuminate/Http/Request))
#40 C:/Users/Lenovo/CascadeProjects/gunjannagar-khanepani/public/index.php(17): Illuminate/Foundation/Http/Kernel->handle(Object(Illuminate/Http/Request))
#41 C:/Users/Lenovo/CascadeProjects/gunjannagar-khanepani/vendor/laravel/framework/src/Illuminate/Foundation/resources/server.php(23): require_once('C://Users//Lenovo...')
#42 {main}
"} 
[2026-08-15 11:25:57] local.ERROR: View path not found. {"exception":"[object] (RuntimeException(code: 0): View path not found. at C:/Users/Lenovo/CascadeProjects/gunjannagar-khanepani/vendor/laravel/framework/src/Illuminate/Foundation/Console/ViewClearCommand.php:58)
[stacktrace]
#0 C:/Users/Lenovo/CascadeProjects/gunjannagar-khanepani/vendor/laravel/framework/src/Illuminate/Container/BoundMethod.php(36): Illuminate/Foundation/Console/ViewClearCommand->handle()
#1 C:/Users/Lenovo/CascadeProjects/gunjannagar-khanepani/vendor/laravel/framework/src/Illuminate/Container/Util.php(43): Illuminate/Container/BoundMethod::Illuminate/Container/{closure}()
#2 C:/Users/Lenovo/CascadeProjects/gunjannagar-khanepani/vendor/laravel/framework/src/Illuminate/Container/BoundMethod.php(96): Illuminate/Container/Util::unwrapIfClosure(Object(Closure))
#3 C:/Users/Lenovo/CascadeProjects/gunjannagar-khanepani/vendor/laravel/framework/src/Illuminate/Container/BoundMethod.php(35): Illuminate/Container/BoundMethod::callBoundMethod(Object(Illuminate/Foundation/Application), Array, Object(Closure))
#4 C:/Users/Lenovo/CascadeProjects/gunjannagar-khanepani/vendor/laravel/framework/src/Illuminate/Container/Container.php(799): Illuminate/Container/BoundMethod::call(Object(Illuminate/Foundation/Application), Array, Array, NULL)
#5 C:/Users/Lenovo/CascadeProjects/gunjannagar-khanepani/vendor/laravel/framework/src/Illuminate/Console/Command.php(211): Illuminate/Container/Container->call(Array)
#6 C:/Users/Lenovo/CascadeProjects/gunjannagar-khanepani/vendor/symfony/console/Command/Command.php(341): Illuminate/Console/Command->execute(Object(Symfony/Component/Console/Input/ArrayInput), Object(Illuminate/Console/OutputStyle))
#7 C:/Users/Lenovo/CascadeProjects/gunjannagar-khanepani/vendor/laravel/framework/src/Illuminate/Console/Command.php(180): Symfony/Component/Console/Command/Command->run(Object(Symfony/Component/Console/Input/ArrayInput), Object(Illuminate/Console/OutputStyle))
#8 C:/Users/Lenovo/CascadeProjects/gunjannagar-khanepani/vendor/laravel/framework/src/Illuminate/Console/Concerns/CallsCommands.php(68): Illuminate/Console/Command->run(Object(Symfony/Component/Console/Input/ArrayInput), Object(Symfony/Component/Console/Output/NullOutput))
#9 C:/Users/Lenovo/CascadeProjects/gunjannagar-khanepani/vendor/laravel/framework/src/Illuminate/Console/Concerns/CallsCommands.php(41): Illuminate/Console/Command->runCommand('view:clear', Array, Object(Symfony/Component/Console/Output/NullOutput))
#10 C:/Users/Lenovo/CascadeProjects/gunjannagar-khanepani/vendor/laravel/framework/src/Illuminate/Console/Concerns/CallsCommands.php(53): Illuminate/Console/Command->callSilent('view:clear', Array)
#11 C:/Users/Lenovo/CascadeProjects/gunjannagar-khanepani/vendor/laravel/framework/src/Illuminate/Foundation/Console/OptimizeClearCommand.php(48): Illuminate/Console/Command->callSilently('view:clear')
#12 C:/Users/Lenovo/CascadeProjects/gunjannagar-khanepani/vendor/laravel/framework/src/Illuminate/Console/View/Components/Task.php(41): Illuminate/Foundation/Console/OptimizeClearCommand->Illuminate/Foundation/Console/{closure}()
#13 C:/Users/Lenovo/CascadeProjects/gunjannagar-khanepani/vendor/laravel/framework/src/Illuminate/Console/View/Components/Factory.php(59): Illuminate/Console/View/Components/Task->render('views', Object(Closure))
#14 C:/Users/Lenovo/CascadeProjects/gunjannagar-khanepani/vendor/laravel/framework/src/Illuminate/Foundation/Console/OptimizeClearCommand.php(48): Illuminate/Console/View/Components/Factory->__call('task', Array)
#15 C:/Users/Lenovo/CascadeProjects/gunjannagar-khanepani/vendor/laravel/framework/src/Illuminate/Container/BoundMethod.php(36): Illuminate/Foundation/Console/OptimizeClearCommand->handle()
#16 C:/Users/Lenovo/CascadeProjects/gunjannagar-khanepani/vendor/laravel/framework/src/Illuminate/Container/Util.php(43): Illuminate/Container/BoundMethod::Illuminate/Container/{closure}()
#17 C:/Users/Lenovo/CascadeProjects/gunjannagar-khanepani/vendor/laravel/framework/src/Illuminate/Container/BoundMethod.php(96): Illuminate/Container/Util::unwrapIfClosure(Object(Closure))
#18 C:/Users/Lenovo/CascadeProjects/gunjannagar-khanepani/vendor/laravel/framework/src/Illuminate/Container/BoundMethod.php(35): Illuminate/Container/BoundMethod::callBoundMethod(Object(Illuminate/Foundation/Application), Array, Object(Closure))
#19 C:/Users/Lenovo/CascadeProjects/gunjannagar-khanepani/vendor/laravel/framework/src/Illuminate/Container/Container.php(799): Illuminate/Container/BoundMethod::call(Object(Illuminate/Foundation/Application), Array, Array, NULL)
#20 C:/Users/Lenovo/CascadeProjects/gunjannagar-khanepani/vendor/laravel/framework/src/Illuminate/Console/Command.php(211): Illuminate/Container/Container->call(Array)
#21 C:/Users/Lenovo/CascadeProjects/gunjannagar-khanepani/vendor/symfony/console/Command/Command.php(341): Illuminate/Console/Command->execute(Object(Symfony/Component/Console/Input/ArgvInput), Object(Illuminate/Console/OutputStyle))
#22 C:/Users/Lenovo/CascadeProjects/gunjannagar-khanepani/vendor/laravel/framework/src/Illuminate/Console/Command.php(180): Symfony/Component/Console/Command/Command->run(Object(Symfony/Component/Console/Input/ArgvInput), Object(Illuminate/Console/OutputStyle))
#23 C:/Users/Lenovo/CascadeProjects/gunjannagar-khanepani/vendor/symfony/console/Application.php(1117): Illuminate/Console/Command->run(Object(Symfony/Component/Console/Input/ArgvInput), Object(Symfony/Component/Console/Output/ConsoleOutput))
#24 C:/Users/Lenovo/CascadeProjects/gunjannagar-khanepani/vendor/symfony/console/Application.php(356): Symfony/Component/Console/Application->doRunCommand(Object(Illuminate/Foundation/Console/OptimizeClearCommand), Object(Symfony/Component/Console/Input/ArgvInput), Object(Symfony/Component/Console/Output/ConsoleOutput))
#25 C:/Users/Lenovo/CascadeProjects/gunjannagar-khanepani/vendor/symfony/console/Application.php(195): Symfony/Component/Console/Application->doRun(Object(Symfony/Component/Console/Input/ArgvInput), Object(Symfony/Component/Console/Output/ConsoleOutput))
#26 C:/Users/Lenovo/CascadeProjects/gunjannagar-khanepani/vendor/laravel/framework/src/Illuminate/Foundation/Console/Kernel.php(198): Symfony/Component/Console/Application->run(Object(Symfony/Component/Console/Input/ArgvInput), Object(Symfony/Component/Console/Output/ConsoleOutput))
#27 C:/Users/Lenovo/CascadeProjects/gunjannagar-khanepani/artisan(12): Illuminate/Foundation/Console/Kernel->handle(Object(Symfony/Component/Console/Input/ArgvInput), Object(Symfony/Component/Console/Output/ConsoleOutput))
#28 {main}
"} 
[2026-08-15 11:27:16] local.ERROR: Class "App\Http\Controllers\Controller" not found {"exception":"[object] (Error(code: 0): Class \"App\\Http\\Controllers\\Controller\" not found at C:/Users/Lenovo/CascadeProjects/gunjannagar-khanepani/app/Http/Controllers/HomeController.php:18)
[stacktrace]
#0 C:/Users/Lenovo/CascadeProjects/gunjannagar-khanepani/vendor/composer/ClassLoader.php(576): include()
#1 C:/Users/Lenovo/CascadeProjects/gunjannagar-khanepani/vendor/composer/ClassLoader.php(427): Composer/Autoload/{closure}('C://Users//Lenovo...')
#2 [internal function]: Composer/Autoload/ClassLoader->loadClass('App//Http//Contro...')
#3 C:/Users/Lenovo/CascadeProjects/gunjannagar-khanepani/vendor/laravel/framework/src/Illuminate/Routing/Route.php(1125): is_a('App//Http//Contro...', 'Illuminate//Rout...', true)
#4 C:/Users/Lenovo/CascadeProjects/gunjannagar-khanepani/vendor/laravel/framework/src/Illuminate/Routing/Route.php(1062): Illuminate/Routing/Route->controllerMiddleware()
#5 C:/Users/Lenovo/CascadeProjects/gunjannagar-khanepani/vendor/laravel/framework/src/Illuminate/Routing/Router.php(834): Illuminate/Routing/Route->gatherMiddleware()
#6 C:/Users/Lenovo/CascadeProjects/gunjannagar-khanepani/vendor/laravel/framework/src/Illuminate/Routing/Router.php(816): Illuminate/Routing/Router->gatherRouteMiddleware(Object(Illuminate/Routing/Route))
#7 C:/Users/Lenovo/CascadeProjects/gunjannagar-khanepani/vendor/laravel/framework/src/Illuminate/Routing/Router.php(800): Illuminate/Routing/Router->runRouteWithinStack(Object(Illuminate/Routing/Route), Object(Illuminate/Http/Request))
#8 C:/Users/Lenovo/CascadeProjects/gunjannagar-khanepani/vendor/laravel/framework/src/Illuminate/Routing/Router.php(764): Illuminate/Routing/Router->runRoute(Object(Illuminate/Http/Request), Object(Illuminate/Routing/Route))
#9 C:/Users/Lenovo/CascadeProjects/gunjannagar-khanepani/vendor/laravel/framework/src/Illuminate/Routing/Router.php(753): Illuminate/Routing/Router->dispatchToRoute(Object(Illuminate/Http/Request))
#10 C:/Users/Lenovo/CascadeProjects/gunjannagar-khanepani/vendor/laravel/framework/src/Illuminate/Foundation/Http/Kernel.php(200): Illuminate/Routing/Router->dispatch(Object(Illuminate/Http/Request))
#11 C:/Users/Lenovo/CascadeProjects/gunjannagar-khanepani/vendor/laravel/framework/src/Illuminate/Pipeline/Pipeline.php(180): Illuminate/Foundation/Http/Kernel->Illuminate/Foundation/Http/{closure}(Object(Illuminate/Http/Request))
#12 C:/Users/Lenovo/CascadeProjects/gunjannagar-khanepani/vendor/laravel/framework/src/Illuminate/Foundation/Http/Middleware/TransformsRequest.php(21): Illuminate/Pipeline/Pipeline->Illuminate/Pipeline/{closure}(Object(Illuminate/Http/Request))
#13 C:/Users/Lenovo/CascadeProjects/gunjannagar-khanepani/vendor/laravel/framework/src/Illuminate/Foundation/Http/Middleware/ConvertEmptyStringsToNull.php(31): Illuminate/Foundation/Http/Middleware/TransformsRequest->handle(Object(Illuminate/Http/Request), Object(Closure))
#14 C:/Users/Lenovo/CascadeProjects/gunjannagar-khanepani/vendor/laravel/framework/src/Illuminate/Pipeline/Pipeline.php(219): Illuminate/Foundation/Http/Middleware/ConvertEmptyStringsToNull->handle(Object(Illuminate/Http/Request), Object(Closure))
#15 C:/Users/Lenovo/CascadeProjects/gunjannagar-khanepani/vendor/laravel/framework/src/Illuminate/Foundation/Http/Middleware/TransformsRequest.php(21): Illuminate/Pipeline/Pipeline->Illuminate/Pipeline/{closure}(Object(Illuminate/Http/Request))
#16 C:/Users/Lenovo/CascadeProjects/gunjannagar-khanepani/vendor/laravel/framework/src/Illuminate/Foundation/Http/Middleware/TrimStrings.php(51): Illuminate/Foundation/Http/Middleware/TransformsRequest->handle(Object(Illuminate/Http/Request), Object(Closure))
#17 C:/Users/Lenovo/CascadeProjects/gunjannagar-khanepani/vendor/laravel/framework/src/Illuminate/Pipeline/Pipeline.php(219): Illuminate/Foundation/Http/Middleware/TrimStrings->handle(Object(Illuminate/Http/Request), Object(Closure))
#18 C:/Users/Lenovo/CascadeProjects/gunjannagar-khanepani/vendor/laravel/framework/src/Illuminate/Http/Middleware/ValidatePostSize.php(27): Illuminate/Pipeline/Pipeline->Illuminate/Pipeline/{closure}(Object(Illuminate/Http/Request))
#19 C:/Users/Lenovo/CascadeProjects/gunjannagar-khanepani/vendor/laravel/framework/src/Illuminate/Pipeline/Pipeline.php(219): Illuminate/Http/Middleware/ValidatePostSize->handle(Object(Illuminate/Http/Request), Object(Closure))
#20 C:/Users/Lenovo/CascadeProjects/gunjannagar-khanepani/vendor/laravel/framework/src/Illuminate/Foundation/Http/Middleware/PreventRequestsDuringMaintenance.php(109): Illuminate/Pipeline/Pipeline->Illuminate/Pipeline/{closure}(Object(Illuminate/Http/Request))
#21 C:/Users/Lenovo/CascadeProjects/gunjannagar-khanepani/vendor/laravel/framework/src/Illuminate/Pipeline/Pipeline.php(219): Illuminate/Foundation/Http/Middleware/PreventRequestsDuringMaintenance->handle(Object(Illuminate/Http/Request), Object(Closure))
#22 C:/Users/Lenovo/CascadeProjects/gunjannagar-khanepani/vendor/laravel/framework/src/Illuminate/Http/Middleware/HandleCors.php(61): Illuminate/Pipeline/Pipeline->Illuminate/Pipeline/{closure}(Object(Illuminate/Http/Request))
#23 C:/Users/Lenovo/CascadeProjects/gunjannagar-khanepani/vendor/laravel/framework/src/Illuminate/Pipeline/Pipeline.php(219): Illuminate/Http/Middleware/HandleCors->handle(Object(Illuminate/Http/Request), Object(Closure))
#24 C:/Users/Lenovo/CascadeProjects/gunjannagar-khanepani/vendor/laravel/framework/src/Illuminate/Http/Middleware/TrustProxies.php(58): Illuminate/Pipeline/Pipeline->Illuminate/Pipeline/{closure}(Object(Illuminate/Http/Request))
#25 C:/Users/Lenovo/CascadeProjects/gunjannagar-khanepani/vendor/laravel/framework/src/Illuminate/Pipeline/Pipeline.php(219): Illuminate/Http/Middleware/TrustProxies->handle(Object(Illuminate/Http/Request), Object(Closure))
#26 C:/Users/Lenovo/CascadeProjects/gunjannagar-khanepani/vendor/laravel/framework/src/Illuminate/Foundation/Http/Middleware/InvokeDeferredCallbacks.php(22): Illuminate/Pipeline/Pipeline->Illuminate/Pipeline/{closure}(Object(Illuminate/Http/Request))
#27 C:/Users/Lenovo/CascadeProjects/gunjannagar-khanepani/vendor/laravel/framework/src/Illuminate/Pipeline/Pipeline.php(219): Illuminate/Foundation/Http/Middleware/InvokeDeferredCallbacks->handle(Object(Illuminate/Http/Request), Object(Closure))
#28 C:/Users/Lenovo/CascadeProjects/gunjannagar-khanepani/vendor/laravel/framework/src/Illuminate/Http/Middleware/ValidatePathEncoding.php(26): Illuminate/Pipeline/Pipeline->Illuminate/Pipeline/{closure}(Object(Illuminate/Http/Request))
#29 C:/Users/Lenovo/CascadeProjects/gunjannagar-khanepani/vendor/laravel/framework/src/Illuminate/Pipeline/Pipeline.php(219): Illuminate/Http/Middleware/ValidatePathEncoding->handle(Object(Illuminate/Http/Request), Object(Closure))
#30 C:/Users/Lenovo/CascadeProjects/gunjannagar-khanepani/vendor/laravel/framework/src/Illuminate/Pipeline/Pipeline.php(137): Illuminate/Pipeline/Pipeline->Illuminate/Pipeline/{closure}(Object(Illuminate/Http/Request))
#31 C:/Users/Lenovo/CascadeProjects/gunjannagar-khanepani/vendor/laravel/framework/src/Illuminate/Foundation/Http/Kernel.php(175): Illuminate/Pipeline/Pipeline->then(Object(Closure))
#32 C:/Users/Lenovo/CascadeProjects/gunjannagar-khanepani/vendor/laravel/framework/src/Illuminate/Foundation/Http/Kernel.php(144): Illuminate/Foundation/Http/Kernel->sendRequestThroughRouter(Object(Illuminate/Http/Request))
#33 C:/Users/Lenovo/CascadeProjects/gunjannagar-khanepani/public/index.php(17): Illuminate/Foundation/Http/Kernel->handle(Object(Illuminate/Http/Request))
#34 C:/Users/Lenovo/CascadeProjects/gunjannagar-khanepani/vendor/laravel/framework/src/Illuminate/Foundation/resources/server.php(23): require_once('C://Users//Lenovo...')
#35 {main}
"} 
[2026-08-15 11:27:27] local.ERROR: Please provide a valid cache path. {"exception":"[object] (InvalidArgumentException(code: 0): Please provide a valid cache path. at C:/Users/Lenovo/CascadeProjects/gunjannagar-khanepani/vendor/laravel/framework/src/Illuminate/View/Compilers/Compiler.php:75)
[stacktrace]
#0 C:/Users/Lenovo/CascadeProjects/gunjannagar-khanepani/vendor/laravel/framework/src/Illuminate/View/ViewServiceProvider.php(97): Illuminate/View/Compilers/Compiler->__construct(Object(Illuminate/Filesystem/Filesystem), false, '', true, 'php', true)
#1 C:/Users/Lenovo/CascadeProjects/gunjannagar-khanepani/vendor/laravel/framework/src/Illuminate/Container/Container.php(1115): Illuminate/View/ViewServiceProvider->Illuminate/View/{closure}(Object(Illuminate/Foundation/Application), Array)
#2 C:/Users/Lenovo/CascadeProjects/gunjannagar-khanepani/vendor/laravel/framework/src/Illuminate/Container/Container.php(933): Illuminate/Container/Container->build(Object(Closure))
#3 C:/Users/Lenovo/CascadeProjects/gunjannagar-khanepani/vendor/laravel/framework/src/Illuminate/Foundation/Application.php(1078): Illuminate/Container/Container->resolve('blade.compiler', Array, true)
#4 C:/Users/Lenovo/CascadeProjects/gunjannagar-khanepani/vendor/laravel/framework/src/Illuminate/Container/Container.php(864): Illuminate/Foundation/Application->resolve('blade.compiler', Array)
#5 C:/Users/Lenovo/CascadeProjects/gunjannagar-khanepani/vendor/laravel/framework/src/Illuminate/Foundation/Application.php(1058): Illuminate/Container/Container->make('blade.compiler', Array)
#6 C:/Users/Lenovo/CascadeProjects/gunjannagar-khanepani/vendor/laravel/framework/src/Illuminate/View/ViewServiceProvider.php(169): Illuminate/Foundation/Application->make('blade.compiler')
#7 [internal function]: Illuminate/View/ViewServiceProvider->Illuminate/View/{closure}()
#8 C:/Users/Lenovo/CascadeProjects/gunjannagar-khanepani/vendor/laravel/framework/src/Illuminate/View/Engines/EngineResolver.php(55): call_user_func(Object(Closure))
#9 C:/Users/Lenovo/CascadeProjects/gunjannagar-khanepani/vendor/laravel/framework/src/Illuminate/View/Factory.php(325): Illuminate/View/Engines/EngineResolver->resolve('blade')
#10 C:/Users/Lenovo/CascadeProjects/gunjannagar-khanepani/vendor/laravel/framework/src/Illuminate/View/Factory.php(287): Illuminate/View/Factory->getEngineFromPath('C://Users//Lenovo...')
#11 C:/Users/Lenovo/CascadeProjects/gunjannagar-khanepani/vendor/laravel/framework/src/Illuminate/View/Factory.php(159): Illuminate/View/Factory->viewInstance('errors::404', 'C://Users//Lenovo...', Array)
#12 C:/Users/Lenovo/CascadeProjects/gunjannagar-khanepani/vendor/laravel/framework/src/Illuminate/Routing/ResponseFactory.php(91): Illuminate/View/Factory->make('errors::404', Array)
#13 C:/Users/Lenovo/CascadeProjects/gunjannagar-khanepani/vendor/laravel/framework/src/Illuminate/Foundation/Exceptions/Handler.php(926): Illuminate/Routing/ResponseFactory->view('errors::404', Array, 404, Array)
#14 C:/Users/Lenovo/CascadeProjects/gunjannagar-khanepani/vendor/laravel/framework/src/Illuminate/Foundation/Exceptions/Handler.php(847): Illuminate/Foundation/Exceptions/Handler->renderHttpException(Object(Symfony/Component/HttpKernel/Exception/NotFoundHttpException))
#15 C:/Users/Lenovo/CascadeProjects/gunjannagar-khanepani/vendor/laravel/framework/src/Illuminate/Foundation/Exceptions/Handler.php(738): Illuminate/Foundation/Exceptions/Handler->prepareResponse(Object(Illuminate/Http/Request), Object(Symfony/Component/HttpKernel/Exception/NotFoundHttpException))
#16 C:/Users/Lenovo/CascadeProjects/gunjannagar-khanepani/vendor/laravel/framework/src/Illuminate/Foundation/Exceptions/Handler.php(626): Illuminate/Foundation/Exceptions/Handler->renderExceptionResponse(Object(Illuminate/Http/Request), Object(Symfony/Component/HttpKernel/Exception/NotFoundHttpException))
#17 C:/Users/Lenovo/CascadeProjects/gunjannagar-khanepani/vendor/laravel/framework/src/Illuminate/Routing/Pipeline.php(51): Illuminate/Foundation/Exceptions/Handler->render(Object(Illuminate/Http/Request), Object(Symfony/Component/HttpKernel/Exception/NotFoundHttpException))
#18 C:/Users/Lenovo/CascadeProjects/gunjannagar-khanepani/vendor/laravel/framework/src/Illuminate/Pipeline/Pipeline.php(182): Illuminate/Routing/Pipeline->handleException(Object(Illuminate/Http/Request), Object(Symfony/Component/HttpKernel/Exception/NotFoundHttpException))
#19 C:/Users/Lenovo/CascadeProjects/gunjannagar-khanepani/vendor/laravel/framework/src/Illuminate/Foundation/Http/Middleware/TransformsRequest.php(21): Illuminate/Pipeline/Pipeline->Illuminate/Pipeline/{closure}(Object(Illuminate/Http/Request))
#20 C:/Users/Lenovo/CascadeProjects/gunjannagar-khanepani/vendor/laravel/framework/src/Illuminate/Foundation/Http/Middleware/ConvertEmptyStringsToNull.php(31): Illuminate/Foundation/Http/Middleware/TransformsRequest->handle(Object(Illuminate/Http/Request), Object(Closure))
#21 C:/Users/Lenovo/CascadeProjects/gunjannagar-khanepani/vendor/laravel/framework/src/Illuminate/Pipeline/Pipeline.php(219): Illuminate/Foundation/Http/Middleware/ConvertEmptyStringsToNull->handle(Object(Illuminate/Http/Request), Object(Closure))
#22 C:/Users/Lenovo/CascadeProjects/gunjannagar-khanepani/vendor/laravel/framework/src/Illuminate/Foundation/Http/Middleware/TransformsRequest.php(21): Illuminate/Pipeline/Pipeline->Illuminate/Pipeline/{closure}(Object(Illuminate/Http/Request))
#23 C:/Users/Lenovo/CascadeProjects/gunjannagar-khanepani/vendor/laravel/framework/src/Illuminate/Foundation/Http/Middleware/TrimStrings.php(51): Illuminate/Foundation/Http/Middleware/TransformsRequest->handle(Object(Illuminate/Http/Request), Object(Closure))
#24 C:/Users/Lenovo/CascadeProjects/gunjannagar-khanepani/vendor/laravel/framework/src/Illuminate/Pipeline/Pipeline.php(219): Illuminate/Foundation/Http/Middleware/TrimStrings->handle(Object(Illuminate/Http/Request), Object(Closure))
#25 C:/Users/Lenovo/CascadeProjects/gunjannagar-khanepani/vendor/laravel/framework/src/Illuminate/Http/Middleware/ValidatePostSize.php(27): Illuminate/Pipeline/Pipeline->Illuminate/Pipeline/{closure}(Object(Illuminate/Http/Request))
#26 C:/Users/Lenovo/CascadeProjects/gunjannagar-khanepani/vendor/laravel/framework/src/Illuminate/Pipeline/Pipeline.php(219): Illuminate/Http/Middleware/ValidatePostSize->handle(Object(Illuminate/Http/Request), Object(Closure))
#27 C:/Users/Lenovo/CascadeProjects/gunjannagar-khanepani/vendor/laravel/framework/src/Illuminate/Foundation/Http/Middleware/PreventRequestsDuringMaintenance.php(109): Illuminate/Pipeline/Pipeline->Illuminate/Pipeline/{closure}(Object(Illuminate/Http/Request))
#28 C:/Users/Lenovo/CascadeProjects/gunjannagar-khanepani/vendor/laravel/framework/src/Illuminate/Pipeline/Pipeline.php(219): Illuminate/Foundation/Http/Middleware/PreventRequestsDuringMaintenance->handle(Object(Illuminate/Http/Request), Object(Closure))
#29 C:/Users/Lenovo/CascadeProjects/gunjannagar-khanepani/vendor/laravel/framework/src/Illuminate/Http/Middleware/HandleCors.php(61): Illuminate/Pipeline/Pipeline->Illuminate/Pipeline/{closure}(Object(Illuminate/Http/Request))
#30 C:/Users/Lenovo/CascadeProjects/gunjannagar-khanepani/vendor/laravel/framework/src/Illuminate/Pipeline/Pipeline.php(219): Illuminate/Http/Middleware/HandleCors->handle(Object(Illuminate/Http/Request), Object(Closure))
#31 C:/Users/Lenovo/CascadeProjects/gunjannagar-khanepani/vendor/laravel/framework/src/Illuminate/Http/Middleware/TrustProxies.php(58): Illuminate/Pipeline/Pipeline->Illuminate/Pipeline/{closure}(Object(Illuminate/Http/Request))
#32 C:/Users/Lenovo/CascadeProjects/gunjannagar-khanepani/vendor/laravel/framework/src/Illuminate/Pipeline/Pipeline.php(219): Illuminate/Http/Middleware/TrustProxies->handle(Object(Illuminate/Http/Request), Object(Closure))
#33 C:/Users/Lenovo/CascadeProjects/gunjannagar-khanepani/vendor/laravel/framework/src/Illuminate/Foundation/Http/Middleware/InvokeDeferredCallbacks.php(22): Illuminate/Pipeline/Pipeline->Illuminate/Pipeline/{closure}(Object(Illuminate/Http/Request))
#34 C:/Users/Lenovo/CascadeProjects/gunjannagar-khanepani/vendor/laravel/framework/src/Illuminate/Pipeline/Pipeline.php(219): Illuminate/Foundation/Http/Middleware/InvokeDeferredCallbacks->handle(Object(Illuminate/Http/Request), Object(Closure))
#35 C:/Users/Lenovo/CascadeProjects/gunjannagar-khanepani/vendor/laravel/framework/src/Illuminate/Http/Middleware/ValidatePathEncoding.php(26): Illuminate/Pipeline/Pipeline->Illuminate/Pipeline/{closure}(Object(Illuminate/Http/Request))
#36 C:/Users/Lenovo/CascadeProjects/gunjannagar-khanepani/vendor/laravel/framework/src/Illuminate/Pipeline/Pipeline.php(219): Illuminate/Http/Middleware/ValidatePathEncoding->handle(Object(Illuminate/Http/Request), Object(Closure))
#37 C:/Users/Lenovo/CascadeProjects/gunjannagar-khanepani/vendor/laravel/framework/src/Illuminate/Pipeline/Pipeline.php(137): Illuminate/Pipeline/Pipeline->Illuminate/Pipeline/{closure}(Object(Illuminate/Http/Request))
#38 C:/Users/Lenovo/CascadeProjects/gunjannagar-khanepani/vendor/laravel/framework/src/Illuminate/Foundation/Http/Kernel.php(175): Illuminate/Pipeline/Pipeline->then(Object(Closure))
#39 C:/Users/Lenovo/CascadeProjects/gunjannagar-khanepani/vendor/laravel/framework/src/Illuminate/Foundation/Http/Kernel.php(144): Illuminate/Foundation/Http/Kernel->sendRequestThroughRouter(Object(Illuminate/Http/Request))
#40 C:/Users/Lenovo/CascadeProjects/gunjannagar-khanepani/public/index.php(17): Illuminate/Foundation/Http/Kernel->handle(Object(Illuminate/Http/Request))
#41 C:/Users/Lenovo/CascadeProjects/gunjannagar-khanepani/vendor/laravel/framework/src/Illuminate/Foundation/resources/server.php(23): require_once('C://Users//Lenovo...')
#42 {main}
"} 
[2026-08-15 11:29:42] local.ERROR: Class "App\Http\Controllers\Controller" not found {"exception":"[object] (Error(code: 0): Class \"App\\Http\\Controllers\\Controller\" not found at C:/Users/Lenovo/CascadeProjects/gunjannagar-khanepani/app/Http/Controllers/HomeController.php:18)
[stacktrace]
#0 C:/Users/Lenovo/CascadeProjects/gunjannagar-khanepani/vendor/composer/ClassLoader.php(576): include()
#1 C:/Users/Lenovo/CascadeProjects/gunjannagar-khanepani/vendor/composer/ClassLoader.php(427): Composer/Autoload/{closure}('C://Users//Lenovo...')
#2 [internal function]: Composer/Autoload/ClassLoader->loadClass('App//Http//Contro...')
#3 C:/Users/Lenovo/CascadeProjects/gunjannagar-khanepani/vendor/laravel/framework/src/Illuminate/Routing/Route.php(1125): is_a('App//Http//Contro...', 'Illuminate//Rout...', true)
#4 C:/Users/Lenovo/CascadeProjects/gunjannagar-khanepani/vendor/laravel/framework/src/Illuminate/Routing/Route.php(1062): Illuminate/Routing/Route->controllerMiddleware()
#5 C:/Users/Lenovo/CascadeProjects/gunjannagar-khanepani/vendor/laravel/framework/src/Illuminate/Routing/Router.php(834): Illuminate/Routing/Route->gatherMiddleware()
#6 C:/Users/Lenovo/CascadeProjects/gunjannagar-khanepani/vendor/laravel/framework/src/Illuminate/Routing/Router.php(816): Illuminate/Routing/Router->gatherRouteMiddleware(Object(Illuminate/Routing/Route))
#7 C:/Users/Lenovo/CascadeProjects/gunjannagar-khanepani/vendor/laravel/framework/src/Illuminate/Routing/Router.php(800): Illuminate/Routing/Router->runRouteWithinStack(Object(Illuminate/Routing/Route), Object(Illuminate/Http/Request))
#8 C:/Users/Lenovo/CascadeProjects/gunjannagar-khanepani/vendor/laravel/framework/src/Illuminate/Routing/Router.php(764): Illuminate/Routing/Router->runRoute(Object(Illuminate/Http/Request), Object(Illuminate/Routing/Route))
#9 C:/Users/Lenovo/CascadeProjects/gunjannagar-khanepani/vendor/laravel/framework/src/Illuminate/Routing/Router.php(753): Illuminate/Routing/Router->dispatchToRoute(Object(Illuminate/Http/Request))
#10 C:/Users/Lenovo/CascadeProjects/gunjannagar-khanepani/vendor/laravel/framework/src/Illuminate/Foundation/Http/Kernel.php(200): Illuminate/Routing/Router->dispatch(Object(Illuminate/Http/Request))
#11 C:/Users/Lenovo/CascadeProjects/gunjannagar-khanepani/vendor/laravel/framework/src/Illuminate/Pipeline/Pipeline.php(180): Illuminate/Foundation/Http/Kernel->Illuminate/Foundation/Http/{closure}(Object(Illuminate/Http/Request))
#12 C:/Users/Lenovo/CascadeProjects/gunjannagar-khanepani/vendor/laravel/framework/src/Illuminate/Foundation/Http/Middleware/TransformsRequest.php(21): Illuminate/Pipeline/Pipeline->Illuminate/Pipeline/{closure}(Object(Illuminate/Http/Request))
#13 C:/Users/Lenovo/CascadeProjects/gunjannagar-khanepani/vendor/laravel/framework/src/Illuminate/Foundation/Http/Middleware/ConvertEmptyStringsToNull.php(31): Illuminate/Foundation/Http/Middleware/TransformsRequest->handle(Object(Illuminate/Http/Request), Object(Closure))
#14 C:/Users/Lenovo/CascadeProjects/gunjannagar-khanepani/vendor/laravel/framework/src/Illuminate/Pipeline/Pipeline.php(219): Illuminate/Foundation/Http/Middleware/ConvertEmptyStringsToNull->handle(Object(Illuminate/Http/Request), Object(Closure))
#15 C:/Users/Lenovo/CascadeProjects/gunjannagar-khanepani/vendor/laravel/framework/src/Illuminate/Foundation/Http/Middleware/TransformsRequest.php(21): Illuminate/Pipeline/Pipeline->Illuminate/Pipeline/{closure}(Object(Illuminate/Http/Request))
#16 C:/Users/Lenovo/CascadeProjects/gunjannagar-khanepani/vendor/laravel/framework/src/Illuminate/Foundation/Http/Middleware/TrimStrings.php(51): Illuminate/Foundation/Http/Middleware/TransformsRequest->handle(Object(Illuminate/Http/Request), Object(Closure))
#17 C:/Users/Lenovo/CascadeProjects/gunjannagar-khanepani/vendor/laravel/framework/src/Illuminate/Pipeline/Pipeline.php(219): Illuminate/Foundation/Http/Middleware/TrimStrings->handle(Object(Illuminate/Http/Request), Object(Closure))
#18 C:/Users/Lenovo/CascadeProjects/gunjannagar-khanepani/vendor/laravel/framework/src/Illuminate/Http/Middleware/ValidatePostSize.php(27): Illuminate/Pipeline/Pipeline->Illuminate/Pipeline/{closure}(Object(Illuminate/Http/Request))
#19 C:/Users/Lenovo/CascadeProjects/gunjannagar-khanepani/vendor/laravel/framework/src/Illuminate/Pipeline/Pipeline.php(219): Illuminate/Http/Middleware/ValidatePostSize->handle(Object(Illuminate/Http/Request), Object(Closure))
#20 C:/Users/Lenovo/CascadeProjects/gunjannagar-khanepani/vendor/laravel/framework/src/Illuminate/Foundation/Http/Middleware/PreventRequestsDuringMaintenance.php(109): Illuminate/Pipeline/Pipeline->Illuminate/Pipeline/{closure}(Object(Illuminate/Http/Request))
#21 C:/Users/Lenovo/CascadeProjects/gunjannagar-khanepani/vendor/laravel/framework/src/Illuminate/Pipeline/Pipeline.php(219): Illuminate/Foundation/Http/Middleware/PreventRequestsDuringMaintenance->handle(Object(Illuminate/Http/Request), Object(Closure))
#22 C:/Users/Lenovo/CascadeProjects/gunjannagar-khanepani/vendor/laravel/framework/src/Illuminate/Http/Middleware/HandleCors.php(61): Illuminate/Pipeline/Pipeline->Illuminate/Pipeline/{closure}(Object(Illuminate/Http/Request))
#23 C:/Users/Lenovo/CascadeProjects/gunjannagar-khanepani/vendor/laravel/framework/src/Illuminate/Pipeline/Pipeline.php(219): Illuminate/Http/Middleware/HandleCors->handle(Object(Illuminate/Http/Request), Object(Closure))
#24 C:/Users/Lenovo/CascadeProjects/gunjannagar-khanepani/vendor/laravel/framework/src/Illuminate/Http/Middleware/TrustProxies.php(58): Illuminate/Pipeline/Pipeline->Illuminate/Pipeline/{closure}(Object(Illuminate/Http/Request))
#25 C:/Users/Lenovo/CascadeProjects/gunjannagar-khanepani/vendor/laravel/framework/src/Illuminate/Pipeline/Pipeline.php(219): Illuminate/Http/Middleware/TrustProxies->handle(Object(Illuminate/Http/Request), Object(Closure))
#26 C:/Users/Lenovo/CascadeProjects/gunjannagar-khanepani/vendor/laravel/framework/src/Illuminate/Foundation/Http/Middleware/InvokeDeferredCallbacks.php(22): Illuminate/Pipeline/Pipeline->Illuminate/Pipeline/{closure}(Object(Illuminate/Http/Request))
#27 C:/Users/Lenovo/CascadeProjects/gunjannagar-khanepani/vendor/laravel/framework/src/Illuminate/Pipeline/Pipeline.php(219): Illuminate/Foundation/Http/Middleware/InvokeDeferredCallbacks->handle(Object(Illuminate/Http/Request), Object(Closure))
#28 C:/Users/Lenovo/CascadeProjects/gunjannagar-khanepani/vendor/laravel/framework/src/Illuminate/Http/Middleware/ValidatePathEncoding.php(26): Illuminate/Pipeline/Pipeline->Illuminate/Pipeline/{closure}(Object(Illuminate/Http/Request))
#29 C:/Users/Lenovo/CascadeProjects/gunjannagar-khanepani/vendor/laravel/framework/src/Illuminate/Pipeline/Pipeline.php(219): Illuminate/Http/Middleware/ValidatePathEncoding->handle(Object(Illuminate/Http/Request), Object(Closure))
#30 C:/Users/Lenovo/CascadeProjects/gunjannagar-khanepani/vendor/laravel/framework/src/Illuminate/Pipeline/Pipeline.php(137): Illuminate/Pipeline/Pipeline->Illuminate/Pipeline/{closure}(Object(Illuminate/Http/Request))
#31 C:/Users/Lenovo/CascadeProjects/gunjannagar-khanepani/vendor/laravel/framework/src/Illuminate/Foundation/Http/Kernel.php(175): Illuminate/Pipeline/Pipeline->then(Object(Closure))
#32 C:/Users/Lenovo/CascadeProjects/gunjannagar-khanepani/vendor/laravel/framework/src/Illuminate/Foundation/Http/Kernel.php(144): Illuminate/Foundation/Http/Kernel->sendRequestThroughRouter(Object(Illuminate/Http/Request))
#33 C:/Users/Lenovo/CascadeProjects/gunjannagar-khanepani/public/index.php(17): Illuminate/Foundation/Http/Kernel->handle(Object(Illuminate/Http/Request))
#34 C:/Users/Lenovo/CascadeProjects/gunjannagar-khanepani/vendor/laravel/framework/src/Illuminate/Foundation/resources/server.php(23): require_once('C://Users//Lenovo...')
#35 {main}
"} 
[2026-08-15 11:29:51] local.ERROR: Please provide a valid cache path. {"exception":"[object] (InvalidArgumentException(code: 0): Please provide a valid cache path. at C:/Users/Lenovo/CascadeProjects/gunjannagar-khanepani/vendor/laravel/framework/src/Illuminate/View/Compilers/Compiler.php:75)
[stacktrace]
#0 C:/Users/Lenovo/CascadeProjects/gunjannagar-khanepani/vendor/laravel/framework/src/Illuminate/View/ViewServiceProvider.php(97): Illuminate/View/Compilers/Compiler->__construct(Object(Illuminate/Filesystem/Filesystem), false, '', true, 'php', true)
#1 C:/Users/Lenovo/CascadeProjects/gunjannagar-khanepani/vendor/laravel/framework/src/Illuminate/Container/Container.php(1115): Illuminate/View/ViewServiceProvider->Illuminate/View/{closure}(Object(Illuminate/Foundation/Application), Array)
#2 C:/Users/Lenovo/CascadeProjects/gunjannagar-khanepani/vendor/laravel/framework/src/Illuminate/Container/Container.php(933): Illuminate/Container/Container->build(Object(Closure))
#3 C:/Users/Lenovo/CascadeProjects/gunjannagar-khanepani/vendor/laravel/framework/src/Illuminate/Foundation/Application.php(1078): Illuminate/Container/Container->resolve('blade.compiler', Array, true)
#4 C:/Users/Lenovo/CascadeProjects/gunjannagar-khanepani/vendor/laravel/framework/src/Illuminate/Container/Container.php(864): Illuminate/Foundation/Application->resolve('blade.compiler', Array)
#5 C:/Users/Lenovo/CascadeProjects/gunjannagar-khanepani/vendor/laravel/framework/src/Illuminate/Foundation/Application.php(1058): Illuminate/Container/Container->make('blade.compiler', Array)
#6 C:/Users/Lenovo/CascadeProjects/gunjannagar-khanepani/vendor/laravel/framework/src/Illuminate/View/ViewServiceProvider.php(169): Illuminate/Foundation/Application->make('blade.compiler')
#7 [internal function]: Illuminate/View/ViewServiceProvider->Illuminate/View/{closure}()
#8 C:/Users/Lenovo/CascadeProjects/gunjannagar-khanepani/vendor/laravel/framework/src/Illuminate/View/Engines/EngineResolver.php(55): call_user_func(Object(Closure))
#9 C:/Users/Lenovo/CascadeProjects/gunjannagar-khanepani/vendor/laravel/framework/src/Illuminate/View/Factory.php(325): Illuminate/View/Engines/EngineResolver->resolve('blade')
#10 C:/Users/Lenovo/CascadeProjects/gunjannagar-khanepani/vendor/laravel/framework/src/Illuminate/View/Factory.php(287): Illuminate/View/Factory->getEngineFromPath('C://Users//Lenovo...')
#11 C:/Users/Lenovo/CascadeProjects/gunjannagar-khanepani/vendor/laravel/framework/src/Illuminate/View/Factory.php(159): Illuminate/View/Factory->viewInstance('errors::404', 'C://Users//Lenovo...', Array)
#12 C:/Users/Lenovo/CascadeProjects/gunjannagar-khanepani/vendor/laravel/framework/src/Illuminate/Routing/ResponseFactory.php(91): Illuminate/View/Factory->make('errors::404', Array)
#13 C:/Users/Lenovo/CascadeProjects/gunjannagar-khanepani/vendor/laravel/framework/src/Illuminate/Foundation/Exceptions/Handler.php(926): Illuminate/Routing/ResponseFactory->view('errors::404', Array, 404, Array)
#14 C:/Users/Lenovo/CascadeProjects/gunjannagar-khanepani/vendor/laravel/framework/src/Illuminate/Foundation/Exceptions/Handler.php(847): Illuminate/Foundation/Exceptions/Handler->renderHttpException(Object(Symfony/Component/HttpKernel/Exception/NotFoundHttpException))
#15 C:/Users/Lenovo/CascadeProjects/gunjannagar-khanepani/vendor/laravel/framework/src/Illuminate/Foundation/Exceptions/Handler.php(738): Illuminate/Foundation/Exceptions/Handler->prepareResponse(Object(Illuminate/Http/Request), Object(Symfony/Component/HttpKernel/Exception/NotFoundHttpException))
#16 C:/Users/Lenovo/CascadeProjects/gunjannagar-khanepani/vendor/laravel/framework/src/Illuminate/Foundation/Exceptions/Handler.php(626): Illuminate/Foundation/Exceptions/Handler->renderExceptionResponse(Object(Illuminate/Http/Request), Object(Symfony/Component/HttpKernel/Exception/NotFoundHttpException))
#17 C:/Users/Lenovo/CascadeProjects/gunjannagar-khanepani/vendor/laravel/framework/src/Illuminate/Routing/Pipeline.php(51): Illuminate/Foundation/Exceptions/Handler->render(Object(Illuminate/Http/Request), Object(Symfony/Component/HttpKernel/Exception/NotFoundHttpException))
#18 C:/Users/Lenovo/CascadeProjects/gunjannagar-khanepani/vendor/laravel/framework/src/Illuminate/Pipeline/Pipeline.php(182): Illuminate/Routing/Pipeline->handleException(Object(Illuminate/Http/Request), Object(Symfony/Component/HttpKernel/Exception/NotFoundHttpException))
#19 C:/Users/Lenovo/CascadeProjects/gunjannagar-khanepani/vendor/laravel/framework/src/Illuminate/Foundation/Http/Middleware/TransformsRequest.php(21): Illuminate/Pipeline/Pipeline->Illuminate/Pipeline/{closure}(Object(Illuminate/Http/Request))
#20 C:/Users/Lenovo/CascadeProjects/gunjannagar-khanepani/vendor/laravel/framework/src/Illuminate/Foundation/Http/Middleware/ConvertEmptyStringsToNull.php(31): Illuminate/Foundation/Http/Middleware/TransformsRequest->handle(Object(Illuminate/Http/Request), Object(Closure))
#21 C:/Users/Lenovo/CascadeProjects/gunjannagar-khanepani/vendor/laravel/framework/src/Illuminate/Pipeline/Pipeline.php(219): Illuminate/Foundation/Http/Middleware/ConvertEmptyStringsToNull->handle(Object(Illuminate/Http/Request), Object(Closure))
#22 C:/Users/Lenovo/CascadeProjects/gunjannagar-khanepani/vendor/laravel/framework/src/Illuminate/Foundation/Http/Middleware/TransformsRequest.php(21): Illuminate/Pipeline/Pipeline->Illuminate/Pipeline/{closure}(Object(Illuminate/Http/Request))
#23 C:/Users/Lenovo/CascadeProjects/gunjannagar-khanepani/vendor/laravel/framework/src/Illuminate/Foundation/Http/Middleware/TrimStrings.php(51): Illuminate/Foundation/Http/Middleware/TransformsRequest->handle(Object(Illuminate/Http/Request), Object(Closure))
#24 C:/Users/Lenovo/CascadeProjects/gunjannagar-khanepani/vendor/laravel/framework/src/Illuminate/Pipeline/Pipeline.php(219): Illuminate/Foundation/Http/Middleware/TrimStrings->handle(Object(Illuminate/Http/Request), Object(Closure))
#25 C:/Users/Lenovo/CascadeProjects/gunjannagar-khanepani/vendor/laravel/framework/src/Illuminate/Http/Middleware/ValidatePostSize.php(27): Illuminate/Pipeline/Pipeline->Illuminate/Pipeline/{closure}(Object(Illuminate/Http/Request))
#26 C:/Users/Lenovo/CascadeProjects/gunjannagar-khanepani/vendor/laravel/framework/src/Illuminate/Pipeline/Pipeline.php(219): Illuminate/Http/Middleware/ValidatePostSize->handle(Object(Illuminate/Http/Request), Object(Closure))
#27 C:/Users/Lenovo/CascadeProjects/gunjannagar-khanepani/vendor/laravel/framework/src/Illuminate/Foundation/Http/Middleware/PreventRequestsDuringMaintenance.php(109): Illuminate/Pipeline/Pipeline->Illuminate/Pipeline/{closure}(Object(Illuminate/Http/Request))
#28 C:/Users/Lenovo/CascadeProjects/gunjannagar-khanepani/vendor/laravel/framework/src/Illuminate/Pipeline/Pipeline.php(219): Illuminate/Foundation/Http/Middleware/PreventRequestsDuringMaintenance->handle(Object(Illuminate/Http/Request), Object(Closure))
#29 C:/Users/Lenovo/CascadeProjects/gunjannagar-khanepani/vendor/laravel/framework/src/Illuminate/Http/Middleware/HandleCors.php(61): Illuminate/Pipeline/Pipeline->Illuminate/Pipeline/{closure}(Object(Illuminate/Http/Request))
#30 C:/Users/Lenovo/CascadeProjects/gunjannagar-khanepani/vendor/laravel/framework/src/Illuminate/Pipeline/Pipeline.php(219): Illuminate/Http/Middleware/HandleCors->handle(Object(Illuminate/Http/Request), Object(Closure))
#31 C:/Users/Lenovo/CascadeProjects/gunjannagar-khanepani/vendor/laravel/framework/src/Illuminate/Http/Middleware/TrustProxies.php(58): Illuminate/Pipeline/Pipeline->Illuminate/Pipeline/{closure}(Object(Illuminate/Http/Request))
#32 C:/Users/Lenovo/CascadeProjects/gunjannagar-khanepani/vendor/laravel/framework/src/Illuminate/Pipeline/Pipeline.php(219): Illuminate/Http/Middleware/TrustProxies->handle(Object(Illuminate/Http/Request), Object(Closure))
#33 C:/Users/Lenovo/CascadeProjects/gunjannagar-khanepani/vendor/laravel/framework/src/Illuminate/Foundation/Http/Middleware/InvokeDeferredCallbacks.php(22): Illuminate/Pipeline/Pipeline->Illuminate/Pipeline/{closure}(Object(Illuminate/Http/Request))
#34 C:/Users/Lenovo/CascadeProjects/gunjannagar-khanepani/vendor/laravel/framework/src/Illuminate/Pipeline/Pipeline.php(219): Illuminate/Foundation/Http/Middleware/InvokeDeferredCallbacks->handle(Object(Illuminate/Http/Request), Object(Closure))
#35 C:/Users/Lenovo/CascadeProjects/gunjannagar-khanepani/vendor/laravel/framework/src/Illuminate/Http/Middleware/ValidatePathEncoding.php(26): Illuminate/Pipeline/Pipeline->Illuminate/Pipeline/{closure}(Object(Illuminate/Http/Request))
#36 C:/Users/Lenovo/CascadeProjects/gunjannagar-khanepani/vendor/laravel/framework/src/Illuminate/Pipeline/Pipeline.php(219): Illuminate/Http/Middleware/ValidatePathEncoding->handle(Object(Illuminate/Http/Request), Object(Closure))
#37 C:/Users/Lenovo/CascadeProjects/gunjannagar-khanepani/vendor/laravel/framework/src/Illuminate/Pipeline/Pipeline.php(137): Illuminate/Pipeline/Pipeline->Illuminate/Pipeline/{closure}(Object(Illuminate/Http/Request))
#38 C:/Users/Lenovo/CascadeProjects/gunjannagar-khanepani/vendor/laravel/framework/src/Illuminate/Foundation/Http/Kernel.php(175): Illuminate/Pipeline/Pipeline->then(Object(Closure))
#39 C:/Users/Lenovo/CascadeProjects/gunjannagar-khanepani/vendor/laravel/framework/src/Illuminate/Foundation/Http/Kernel.php(144): Illuminate/Foundation/Http/Kernel->sendRequestThroughRouter(Object(Illuminate/Http/Request))
#40 C:/Users/Lenovo/CascadeProjects/gunjannagar-khanepani/public/index.php(17): Illuminate/Foundation/Http/Kernel->handle(Object(Illuminate/Http/Request))
#41 C:/Users/Lenovo/CascadeProjects/gunjannagar-khanepani/vendor/laravel/framework/src/Illuminate/Foundation/resources/server.php(23): require_once('C://Users//Lenovo...')
#42 {main}
"} 
[2026-08-15 11:30:44] local.ERROR: Please provide a valid cache path. {"exception":"[object] (InvalidArgumentException(code: 0): Please provide a valid cache path. at C:/Users/Lenovo/CascadeProjects/gunjannagar-khanepani/vendor/laravel/framework/src/Illuminate/View/Compilers/Compiler.php:75)
[stacktrace]
#0 C:/Users/Lenovo/CascadeProjects/gunjannagar-khanepani/vendor/laravel/framework/src/Illuminate/View/ViewServiceProvider.php(97): Illuminate/View/Compilers/Compiler->__construct(Object(Illuminate/Filesystem/Filesystem), false, '', true, 'php', true)
#1 C:/Users/Lenovo/CascadeProjects/gunjannagar-khanepani/vendor/laravel/framework/src/Illuminate/Container/Container.php(1115): Illuminate/View/ViewServiceProvider->Illuminate/View/{closure}(Object(Illuminate/Foundation/Application), Array)
#2 C:/Users/Lenovo/CascadeProjects/gunjannagar-khanepani/vendor/laravel/framework/src/Illuminate/Container/Container.php(933): Illuminate/Container/Container->build(Object(Closure))
#3 C:/Users/Lenovo/CascadeProjects/gunjannagar-khanepani/vendor/laravel/framework/src/Illuminate/Foundation/Application.php(1078): Illuminate/Container/Container->resolve('blade.compiler', Array, true)
#4 C:/Users/Lenovo/CascadeProjects/gunjannagar-khanepani/vendor/laravel/framework/src/Illuminate/Container/Container.php(864): Illuminate/Foundation/Application->resolve('blade.compiler', Array)
#5 C:/Users/Lenovo/CascadeProjects/gunjannagar-khanepani/vendor/laravel/framework/src/Illuminate/Foundation/Application.php(1058): Illuminate/Container/Container->make('blade.compiler', Array)
#6 C:/Users/Lenovo/CascadeProjects/gunjannagar-khanepani/vendor/laravel/framework/src/Illuminate/View/ViewServiceProvider.php(169): Illuminate/Foundation/Application->make('blade.compiler')
#7 [internal function]: Illuminate/View/ViewServiceProvider->Illuminate/View/{closure}()
#8 C:/Users/Lenovo/CascadeProjects/gunjannagar-khanepani/vendor/laravel/framework/src/Illuminate/View/Engines/EngineResolver.php(55): call_user_func(Object(Closure))
#9 C:/Users/Lenovo/CascadeProjects/gunjannagar-khanepani/vendor/laravel/framework/src/Illuminate/View/Factory.php(325): Illuminate/View/Engines/EngineResolver->resolve('blade')
#10 C:/Users/Lenovo/CascadeProjects/gunjannagar-khanepani/vendor/laravel/framework/src/Illuminate/View/Factory.php(287): Illuminate/View/Factory->getEngineFromPath('C://Users//Lenovo...')
#11 C:/Users/Lenovo/CascadeProjects/gunjannagar-khanepani/vendor/laravel/framework/src/Illuminate/View/Factory.php(159): Illuminate/View/Factory->viewInstance('home', 'C://Users//Lenovo...', Array)
#12 C:/Users/Lenovo/CascadeProjects/gunjannagar-khanepani/vendor/laravel/framework/src/Illuminate/Foundation/helpers.php(1100): Illuminate/View/Factory->make('home', Array, Array)
#13 C:/Users/Lenovo/CascadeProjects/gunjannagar-khanepani/app/Http/Controllers/HomeController.php(34): view('home', Array)
#14 C:/Users/Lenovo/CascadeProjects/gunjannagar-khanepani/vendor/laravel/framework/src/Illuminate/Routing/Controller.php(54): App/Http/Controllers/HomeController->index()
#15 C:/Users/Lenovo/CascadeProjects/gunjannagar-khanepani/vendor/laravel/framework/src/Illuminate/Routing/ControllerDispatcher.php(43): Illuminate/Routing/Controller->callAction('index', Array)
#16 C:/Users/Lenovo/CascadeProjects/gunjannagar-khanepani/vendor/laravel/framework/src/Illuminate/Routing/Route.php(265): Illuminate/Routing/ControllerDispatcher->dispatch(Object(Illuminate/Routing/Route), Object(App/Http/Controllers/HomeController), 'index')
#17 C:/Users/Lenovo/CascadeProjects/gunjannagar-khanepani/vendor/laravel/framework/src/Illuminate/Routing/Route.php(211): Illuminate/Routing/Route->runController()
#18 C:/Users/Lenovo/CascadeProjects/gunjannagar-khanepani/vendor/laravel/framework/src/Illuminate/Routing/Router.php(822): Illuminate/Routing/Route->run()
#19 C:/Users/Lenovo/CascadeProjects/gunjannagar-khanepani/vendor/laravel/framework/src/Illuminate/Pipeline/Pipeline.php(180): Illuminate/Routing/Router->Illuminate/Routing/{closure}(Object(Illuminate/Http/Request))
#20 C:/Users/Lenovo/CascadeProjects/gunjannagar-khanepani/vendor/laravel/framework/src/Illuminate/Routing/Middleware/SubstituteBindings.php(50): Illuminate/Pipeline/Pipeline->Illuminate/Pipeline/{closure}(Object(Illuminate/Http/Request))
#21 C:/Users/Lenovo/CascadeProjects/gunjannagar-khanepani/vendor/laravel/framework/src/Illuminate/Pipeline/Pipeline.php(219): Illuminate/Routing/Middleware/SubstituteBindings->handle(Object(Illuminate/Http/Request), Object(Closure))
#22 C:/Users/Lenovo/CascadeProjects/gunjannagar-khanepani/vendor/laravel/framework/src/Illuminate/Foundation/Http/Middleware/VerifyCsrfToken.php(87): Illuminate/Pipeline/Pipeline->Illuminate/Pipeline/{closure}(Object(Illuminate/Http/Request))
#23 C:/Users/Lenovo/CascadeProjects/gunjannagar-khanepani/vendor/laravel/framework/src/Illuminate/Pipeline/Pipeline.php(219): Illuminate/Foundation/Http/Middleware/VerifyCsrfToken->handle(Object(Illuminate/Http/Request), Object(Closure))
#24 C:/Users/Lenovo/CascadeProjects/gunjannagar-khanepani/vendor/laravel/framework/src/Illuminate/View/Middleware/ShareErrorsFromSession.php(48): Illuminate/Pipeline/Pipeline->Illuminate/Pipeline/{closure}(Object(Illuminate/Http/Request))
#25 C:/Users/Lenovo/CascadeProjects/gunjannagar-khanepani/vendor/laravel/framework/src/Illuminate/Pipeline/Pipeline.php(219): Illuminate/View/Middleware/ShareErrorsFromSession->handle(Object(Illuminate/Http/Request), Object(Closure))
#26 C:/Users/Lenovo/CascadeProjects/gunjannagar-khanepani/vendor/laravel/framework/src/Illuminate/Session/Middleware/StartSession.php(120): Illuminate/Pipeline/Pipeline->Illuminate/Pipeline/{closure}(Object(Illuminate/Http/Request))
#27 C:/Users/Lenovo/CascadeProjects/gunjannagar-khanepani/vendor/laravel/framework/src/Illuminate/Session/Middleware/StartSession.php(63): Illuminate/Session/Middleware/StartSession->handleStatefulRequest(Object(Illuminate/Http/Request), Object(Illuminate/Session/Store), Object(Closure))
#28 C:/Users/Lenovo/CascadeProjects/gunjannagar-khanepani/vendor/laravel/framework/src/Illuminate/Pipeline/Pipeline.php(219): Illuminate/Session/Middleware/StartSession->handle(Object(Illuminate/Http/Request), Object(Closure))
#29 C:/Users/Lenovo/CascadeProjects/gunjannagar-khanepani/vendor/laravel/framework/src/Illuminate/Cookie/Middleware/AddQueuedCookiesToResponse.php(36): Illuminate/Pipeline/Pipeline->Illuminate/Pipeline/{closure}(Object(Illuminate/Http/Request))
#30 C:/Users/Lenovo/CascadeProjects/gunjannagar-khanepani/vendor/laravel/framework/src/Illuminate/Pipeline/Pipeline.php(219): Illuminate/Cookie/Middleware/AddQueuedCookiesToResponse->handle(Object(Illuminate/Http/Request), Object(Closure))
#31 C:/Users/Lenovo/CascadeProjects/gunjannagar-khanepani/vendor/laravel/framework/src/Illuminate/Cookie/Middleware/EncryptCookies.php(74): Illuminate/Pipeline/Pipeline->Illuminate/Pipeline/{closure}(Object(Illuminate/Http/Request))
#32 C:/Users/Lenovo/CascadeProjects/gunjannagar-khanepani/vendor/laravel/framework/src/Illuminate/Pipeline/Pipeline.php(219): Illuminate/Cookie/Middleware/EncryptCookies->handle(Object(Illuminate/Http/Request), Object(Closure))
#33 C:/Users/Lenovo/CascadeProjects/gunjannagar-khanepani/vendor/laravel/framework/src/Illuminate/Pipeline/Pipeline.php(137): Illuminate/Pipeline/Pipeline->Illuminate/Pipeline/{closure}(Object(Illuminate/Http/Request))
#34 C:/Users/Lenovo/CascadeProjects/gunjannagar-khanepani/vendor/laravel/framework/src/Illuminate/Routing/Router.php(821): Illuminate/Pipeline/Pipeline->then(Object(Closure))
#35 C:/Users/Lenovo/CascadeProjects/gunjannagar-khanepani/vendor/laravel/framework/src/Illuminate/Routing/Router.php(800): Illuminate/Routing/Router->runRouteWithinStack(Object(Illuminate/Routing/Route), Object(Illuminate/Http/Request))
#36 C:/Users/Lenovo/CascadeProjects/gunjannagar-khanepani/vendor/laravel/framework/src/Illuminate/Routing/Router.php(764): Illuminate/Routing/Router->runRoute(Object(Illuminate/Http/Request), Object(Illuminate/Routing/Route))
#37 C:/Users/Lenovo/CascadeProjects/gunjannagar-khanepani/vendor/laravel/framework/src/Illuminate/Routing/Router.php(753): Illuminate/Routing/Router->dispatchToRoute(Object(Illuminate/Http/Request))
#38 C:/Users/Lenovo/CascadeProjects/gunjannagar-khanepani/vendor/laravel/framework/src/Illuminate/Foundation/Http/Kernel.php(200): Illuminate/Routing/Router->dispatch(Object(Illuminate/Http/Request))
#39 C:/Users/Lenovo/CascadeProjects/gunjannagar-khanepani/vendor/laravel/framework/src/Illuminate/Pipeline/Pipeline.php(180): Illuminate/Foundation/Http/Kernel->Illuminate/Foundation/Http/{closure}(Object(Illuminate/Http/Request))
#40 C:/Users/Lenovo/CascadeProjects/gunjannagar-khanepani/vendor/laravel/framework/src/Illuminate/Foundation/Http/Middleware/TransformsRequest.php(21): Illuminate/Pipeline/Pipeline->Illuminate/Pipeline/{closure}(Object(Illuminate/Http/Request))
#41 C:/Users/Lenovo/CascadeProjects/gunjannagar-khanepani/vendor/laravel/framework/src/Illuminate/Foundation/Http/Middleware/ConvertEmptyStringsToNull.php(31): Illuminate/Foundation/Http/Middleware/TransformsRequest->handle(Object(Illuminate/Http/Request), Object(Closure))
#42 C:/Users/Lenovo/CascadeProjects/gunjannagar-khanepani/vendor/laravel/framework/src/Illuminate/Pipeline/Pipeline.php(219): Illuminate/Foundation/Http/Middleware/ConvertEmptyStringsToNull->handle(Object(Illuminate/Http/Request), Object(Closure))
#43 C:/Users/Lenovo/CascadeProjects/gunjannagar-khanepani/vendor/laravel/framework/src/Illuminate/Foundation/Http/Middleware/TransformsRequest.php(21): Illuminate/Pipeline/Pipeline->Illuminate/Pipeline/{closure}(Object(Illuminate/Http/Request))
#44 C:/Users/Lenovo/CascadeProjects/gunjannagar-khanepani/vendor/laravel/framework/src/Illuminate/Foundation/Http/Middleware/TrimStrings.php(51): Illuminate/Foundation/Http/Middleware/TransformsRequest->handle(Object(Illuminate/Http/Request), Object(Closure))
#45 C:/Users/Lenovo/CascadeProjects/gunjannagar-khanepani/vendor/laravel/framework/src/Illuminate/Pipeline/Pipeline.php(219): Illuminate/Foundation/Http/Middleware/TrimStrings->handle(Object(Illuminate/Http/Request), Object(Closure))
#46 C:/Users/Lenovo/CascadeProjects/gunjannagar-khanepani/vendor/laravel/framework/src/Illuminate/Http/Middleware/ValidatePostSize.php(27): Illuminate/Pipeline/Pipeline->Illuminate/Pipeline/{closure}(Object(Illuminate/Http/Request))
#47 C:/Users/Lenovo/CascadeProjects/gunjannagar-khanepani/vendor/laravel/framework/src/Illuminate/Pipeline/Pipeline.php(219): Illuminate/Http/Middleware/ValidatePostSize->handle(Object(Illuminate/Http/Request), Object(Closure))
#48 C:/Users/Lenovo/CascadeProjects/gunjannagar-khanepani/vendor/laravel/framework/src/Illuminate/Foundation/Http/Middleware/PreventRequestsDuringMaintenance.php(109): Illuminate/Pipeline/Pipeline->Illuminate/Pipeline/{closure}(Object(Illuminate/Http/Request))
#49 C:/Users/Lenovo/CascadeProjects/gunjannagar-khanepani/vendor/laravel/framework/src/Illuminate/Pipeline/Pipeline.php(219): Illuminate/Foundation/Http/Middleware/PreventRequestsDuringMaintenance->handle(Object(Illuminate/Http/Request), Object(Closure))
#50 C:/Users/Lenovo/CascadeProjects/gunjannagar-khanepani/vendor/laravel/framework/src/Illuminate/Http/Middleware/HandleCors.php(61): Illuminate/Pipeline/Pipeline->Illuminate/Pipeline/{closure}(Object(Illuminate/Http/Request))
#51 C:/Users/Lenovo/CascadeProjects/gunjannagar-khanepani/vendor/laravel/framework/src/Illuminate/Pipeline/Pipeline.php(219): Illuminate/Http/Middleware/HandleCors->handle(Object(Illuminate/Http/Request), Object(Closure))
#52 C:/Users/Lenovo/CascadeProjects/gunjannagar-khanepani/vendor/laravel/framework/src/Illuminate/Http/Middleware/TrustProxies.php(58): Illuminate/Pipeline/Pipeline->Illuminate/Pipeline/{closure}(Object(Illuminate/Http/Request))
#53 C:/Users/Lenovo/CascadeProjects/gunjannagar-khanepani/vendor/laravel/framework/src/Illuminate/Pipeline/Pipeline.php(219): Illuminate/Http/Middleware/TrustProxies->handle(Object(Illuminate/Http/Request), Object(Closure))
#54 C:/Users/Lenovo/CascadeProjects/gunjannagar-khanepani/vendor/laravel/framework/src/Illuminate/Foundation/Http/Middleware/InvokeDeferredCallbacks.php(22): Illuminate/Pipeline/Pipeline->Illuminate/Pipeline/{closure}(Object(Illuminate/Http/Request))
#55 C:/Users/Lenovo/CascadeProjects/gunjannagar-khanepani/vendor/laravel/framework/src/Illuminate/Pipeline/Pipeline.php(219): Illuminate/Foundation/Http/Middleware/InvokeDeferredCallbacks->handle(Object(Illuminate/Http/Request), Object(Closure))
#56 C:/Users/Lenovo/CascadeProjects/gunjannagar-khanepani/vendor/laravel/framework/src/Illuminate/Http/Middleware/ValidatePathEncoding.php(26): Illuminate/Pipeline/Pipeline->Illuminate/Pipeline/{closure}(Object(Illuminate/Http/Request))
#57 C:/Users/Lenovo/CascadeProjects/gunjannagar-khanepani/vendor/laravel/framework/src/Illuminate/Pipeline/Pipeline.php(219): Illuminate/Http/Middleware/ValidatePathEncoding->handle(Object(Illuminate/Http/Request), Object(Closure))
#58 C:/Users/Lenovo/CascadeProjects/gunjannagar-khanepani/vendor/laravel/framework/src/Illuminate/Pipeline/Pipeline.php(137): Illuminate/Pipeline/Pipeline->Illuminate/Pipeline/{closure}(Object(Illuminate/Http/Request))
#59 C:/Users/Lenovo/CascadeProjects/gunjannagar-khanepani/vendor/laravel/framework/src/Illuminate/Foundation/Http/Kernel.php(175): Illuminate/Pipeline/Pipeline->then(Object(Closure))
#60 C:/Users/Lenovo/CascadeProjects/gunjannagar-khanepani/vendor/laravel/framework/src/Illuminate/Foundation/Http/Kernel.php(144): Illuminate/Foundation/Http/Kernel->sendRequestThroughRouter(Object(Illuminate/Http/Request))
#61 C:/Users/Lenovo/CascadeProjects/gunjannagar-khanepani/public/index.php(17): Illuminate/Foundation/Http/Kernel->handle(Object(Illuminate/Http/Request))
#62 C:/Users/Lenovo/CascadeProjects/gunjannagar-khanepani/vendor/laravel/framework/src/Illuminate/Foundation/resources/server.php(23): require_once('C://Users//Lenovo...')
#63 {main}
"} 
[2026-08-15 11:30:45] local.ERROR: file_put_contents(C:\Users\Lenovo\CascadeProjects\gunjannagar-khanepani\storage\framework/sessions/GZTjcZoSgzkOQqDfyXMr9Aqrc9tjuZiub8VCV4Xy): Failed to open stream: No such file or directory {"exception":"[object] (ErrorException(code: 0): file_put_contents(C:\\Users\\Lenovo\\CascadeProjects\\gunjannagar-khanepani\\storage\\framework/sessions/GZTjcZoSgzkOQqDfyXMr9Aqrc9tjuZiub8VCV4Xy): Failed to open stream: No such file or directory at C:/Users/Lenovo/CascadeProjects/gunjannagar-khanepani/vendor/laravel/framework/src/Illuminate/Filesystem/Filesystem.php:204)
[stacktrace]
#0 C:/Users/Lenovo/CascadeProjects/gunjannagar-khanepani/vendor/laravel/framework/src/Illuminate/Foundation/Bootstrap/HandleExceptions.php(262): Illuminate/Foundation/Bootstrap/HandleExceptions->handleError(2, 'file_put_conten...', 'C://Users//Lenovo...', 204)
#1 [internal function]: Illuminate/Foundation/Bootstrap/HandleExceptions->Illuminate/Foundation/Bootstrap/{closure}(2, 'file_put_conten...', 'C://Users//Lenovo...', 204)
#2 C:/Users/Lenovo/CascadeProjects/gunjannagar-khanepani/vendor/laravel/framework/src/Illuminate/Filesystem/Filesystem.php(204): file_put_contents('C://Users//Lenovo...', 'a:3:{s:6:\"_toke...', 2)
#3 C:/Users/Lenovo/CascadeProjects/gunjannagar-khanepani/vendor/laravel/framework/src/Illuminate/Session/FileSessionHandler.php(89): Illuminate/Filesystem/Filesystem->put('C://Users//Lenovo...', 'a:3:{s:6:\"_toke...', true)
#4 C:/Users/Lenovo/CascadeProjects/gunjannagar-khanepani/vendor/laravel/framework/src/Illuminate/Session/Store.php(187): Illuminate/Session/FileSessionHandler->write('GZTjcZoSgzkOQqD...', 'a:3:{s:6:\"_toke...')
#5 C:/Users/Lenovo/CascadeProjects/gunjannagar-khanepani/vendor/laravel/framework/src/Illuminate/Session/Middleware/StartSession.php(248): Illuminate/Session/Store->save()
#6 C:/Users/Lenovo/CascadeProjects/gunjannagar-khanepani/vendor/laravel/framework/src/Illuminate/Session/Middleware/StartSession.php(129): Illuminate/Session/Middleware/StartSession->saveSession(Object(Illuminate/Http/Request))
#7 C:/Users/Lenovo/CascadeProjects/gunjannagar-khanepani/vendor/laravel/framework/src/Illuminate/Session/Middleware/StartSession.php(63): Illuminate/Session/Middleware/StartSession->handleStatefulRequest(Object(Illuminate/Http/Request), Object(Illuminate/Session/Store), Object(Closure))
#8 C:/Users/Lenovo/CascadeProjects/gunjannagar-khanepani/vendor/laravel/framework/src/Illuminate/Pipeline/Pipeline.php(219): Illuminate/Session/Middleware/StartSession->handle(Object(Illuminate/Http/Request), Object(Closure))
#9 C:/Users/Lenovo/CascadeProjects/gunjannagar-khanepani/vendor/laravel/framework/src/Illuminate/Cookie/Middleware/AddQueuedCookiesToResponse.php(36): Illuminate/Pipeline/Pipeline->Illuminate/Pipeline/{closure}(Object(Illuminate/Http/Request))
#10 C:/Users/Lenovo/CascadeProjects/gunjannagar-khanepani/vendor/laravel/framework/src/Illuminate/Pipeline/Pipeline.php(219): Illuminate/Cookie/Middleware/AddQueuedCookiesToResponse->handle(Object(Illuminate/Http/Request), Object(Closure))
#11 C:/Users/Lenovo/CascadeProjects/gunjannagar-khanepani/vendor/laravel/framework/src/Illuminate/Cookie/Middleware/EncryptCookies.php(74): Illuminate/Pipeline/Pipeline->Illuminate/Pipeline/{closure}(Object(Illuminate/Http/Request))
#12 C:/Users/Lenovo/CascadeProjects/gunjannagar-khanepani/vendor/laravel/framework/src/Illuminate/Pipeline/Pipeline.php(219): Illuminate/Cookie/Middleware/EncryptCookies->handle(Object(Illuminate/Http/Request), Object(Closure))
#13 C:/Users/Lenovo/CascadeProjects/gunjannagar-khanepani/vendor/laravel/framework/src/Illuminate/Pipeline/Pipeline.php(137): Illuminate/Pipeline/Pipeline->Illuminate/Pipeline/{closure}(Object(Illuminate/Http/Request))
#14 C:/Users/Lenovo/CascadeProjects/gunjannagar-khanepani/vendor/laravel/framework/src/Illuminate/Routing/Router.php(821): Illuminate/Pipeline/Pipeline->then(Object(Closure))
#15 C:/Users/Lenovo/CascadeProjects/gunjannagar-khanepani/vendor/laravel/framework/src/Illuminate/Routing/Router.php(800): Illuminate/Routing/Router->runRouteWithinStack(Object(Illuminate/Routing/Route), Object(Illuminate/Http/Request))
#16 C:/Users/Lenovo/CascadeProjects/gunjannagar-khanepani/vendor/laravel/framework/src/Illuminate/Routing/Router.php(764): Illuminate/Routing/Router->runRoute(Object(Illuminate/Http/Request), Object(Illuminate/Routing/Route))
#17 C:/Users/Lenovo/CascadeProjects/gunjannagar-khanepani/vendor/laravel/framework/src/Illuminate/Routing/Router.php(753): Illuminate/Routing/Router->dispatchToRoute(Object(Illuminate/Http/Request))
#18 C:/Users/Lenovo/CascadeProjects/gunjannagar-khanepani/vendor/laravel/framework/src/Illuminate/Foundation/Http/Kernel.php(200): Illuminate/Routing/Router->dispatch(Object(Illuminate/Http/Request))
#19 C:/Users/Lenovo/CascadeProjects/gunjannagar-khanepani/vendor/laravel/framework/src/Illuminate/Pipeline/Pipeline.php(180): Illuminate/Foundation/Http/Kernel->Illuminate/Foundation/Http/{closure}(Object(Illuminate/Http/Request))
#20 C:/Users/Lenovo/CascadeProjects/gunjannagar-khanepani/vendor/laravel/framework/src/Illuminate/Foundation/Http/Middleware/TransformsRequest.php(21): Illuminate/Pipeline/Pipeline->Illuminate/Pipeline/{closure}(Object(Illuminate/Http/Request))
#21 C:/Users/Lenovo/CascadeProjects/gunjannagar-khanepani/vendor/laravel/framework/src/Illuminate/Foundation/Http/Middleware/ConvertEmptyStringsToNull.php(31): Illuminate/Foundation/Http/Middleware/TransformsRequest->handle(Object(Illuminate/Http/Request), Object(Closure))
#22 C:/Users/Lenovo/CascadeProjects/gunjannagar-khanepani/vendor/laravel/framework/src/Illuminate/Pipeline/Pipeline.php(219): Illuminate/Foundation/Http/Middleware/ConvertEmptyStringsToNull->handle(Object(Illuminate/Http/Request), Object(Closure))
#23 C:/Users/Lenovo/CascadeProjects/gunjannagar-khanepani/vendor/laravel/framework/src/Illuminate/Foundation/Http/Middleware/TransformsRequest.php(21): Illuminate/Pipeline/Pipeline->Illuminate/Pipeline/{closure}(Object(Illuminate/Http/Request))
#24 C:/Users/Lenovo/CascadeProjects/gunjannagar-khanepani/vendor/laravel/framework/src/Illuminate/Foundation/Http/Middleware/TrimStrings.php(51): Illuminate/Foundation/Http/Middleware/TransformsRequest->handle(Object(Illuminate/Http/Request), Object(Closure))
#25 C:/Users/Lenovo/CascadeProjects/gunjannagar-khanepani/vendor/laravel/framework/src/Illuminate/Pipeline/Pipeline.php(219): Illuminate/Foundation/Http/Middleware/TrimStrings->handle(Object(Illuminate/Http/Request), Object(Closure))
#26 C:/Users/Lenovo/CascadeProjects/gunjannagar-khanepani/vendor/laravel/framework/src/Illuminate/Http/Middleware/ValidatePostSize.php(27): Illuminate/Pipeline/Pipeline->Illuminate/Pipeline/{closure}(Object(Illuminate/Http/Request))
#27 C:/Users/Lenovo/CascadeProjects/gunjannagar-khanepani/vendor/laravel/framework/src/Illuminate/Pipeline/Pipeline.php(219): Illuminate/Http/Middleware/ValidatePostSize->handle(Object(Illuminate/Http/Request), Object(Closure))
#28 C:/Users/Lenovo/CascadeProjects/gunjannagar-khanepani/vendor/laravel/framework/src/Illuminate/Foundation/Http/Middleware/PreventRequestsDuringMaintenance.php(109): Illuminate/Pipeline/Pipeline->Illuminate/Pipeline/{closure}(Object(Illuminate/Http/Request))
#29 C:/Users/Lenovo/CascadeProjects/gunjannagar-khanepani/vendor/laravel/framework/src/Illuminate/Pipeline/Pipeline.php(219): Illuminate/Foundation/Http/Middleware/PreventRequestsDuringMaintenance->handle(Object(Illuminate/Http/Request), Object(Closure))
#30 C:/Users/Lenovo/CascadeProjects/gunjannagar-khanepani/vendor/laravel/framework/src/Illuminate/Http/Middleware/HandleCors.php(61): Illuminate/Pipeline/Pipeline->Illuminate/Pipeline/{closure}(Object(Illuminate/Http/Request))
#31 C:/Users/Lenovo/CascadeProjects/gunjannagar-khanepani/vendor/laravel/framework/src/Illuminate/Pipeline/Pipeline.php(219): Illuminate/Http/Middleware/HandleCors->handle(Object(Illuminate/Http/Request), Object(Closure))
#32 C:/Users/Lenovo/CascadeProjects/gunjannagar-khanepani/vendor/laravel/framework/src/Illuminate/Http/Middleware/TrustProxies.php(58): Illuminate/Pipeline/Pipeline->Illuminate/Pipeline/{closure}(Object(Illuminate/Http/Request))
#33 C:/Users/Lenovo/CascadeProjects/gunjannagar-khanepani/vendor/laravel/framework/src/Illuminate/Pipeline/Pipeline.php(219): Illuminate/Http/Middleware/TrustProxies->handle(Object(Illuminate/Http/Request), Object(Closure))
#34 C:/Users/Lenovo/CascadeProjects/gunjannagar-khanepani/vendor/laravel/framework/src/Illuminate/Foundation/Http/Middleware/InvokeDeferredCallbacks.php(22): Illuminate/Pipeline/Pipeline->Illuminate/Pipeline/{closure}(Object(Illuminate/Http/Request))
#35 C:/Users/Lenovo/CascadeProjects/gunjannagar-khanepani/vendor/laravel/framework/src/Illuminate/Pipeline/Pipeline.php(219): Illuminate/Foundation/Http/Middleware/InvokeDeferredCallbacks->handle(Object(Illuminate/Http/Request), Object(Closure))
#36 C:/Users/Lenovo/CascadeProjects/gunjannagar-khanepani/vendor/laravel/framework/src/Illuminate/Http/Middleware/ValidatePathEncoding.php(26): Illuminate/Pipeline/Pipeline->Illuminate/Pipeline/{closure}(Object(Illuminate/Http/Request))
#37 C:/Users/Lenovo/CascadeProjects/gunjannagar-khanepani/vendor/laravel/framework/src/Illuminate/Pipeline/Pipeline.php(219): Illuminate/Http/Middleware/ValidatePathEncoding->handle(Object(Illuminate/Http/Request), Object(Closure))
#38 C:/Users/Lenovo/CascadeProjects/gunjannagar-khanepani/vendor/laravel/framework/src/Illuminate/Pipeline/Pipeline.php(137): Illuminate/Pipeline/Pipeline->Illuminate/Pipeline/{closure}(Object(Illuminate/Http/Request))
#39 C:/Users/Lenovo/CascadeProjects/gunjannagar-khanepani/vendor/laravel/framework/src/Illuminate/Foundation/Http/Kernel.php(175): Illuminate/Pipeline/Pipeline->then(Object(Closure))
#40 C:/Users/Lenovo/CascadeProjects/gunjannagar-khanepani/vendor/laravel/framework/src/Illuminate/Foundation/Http/Kernel.php(144): Illuminate/Foundation/Http/Kernel->sendRequestThroughRouter(Object(Illuminate/Http/Request))
#41 C:/Users/Lenovo/CascadeProjects/gunjannagar-khanepani/public/index.php(17): Illuminate/Foundation/Http/Kernel->handle(Object(Illuminate/Http/Request))
#42 C:/Users/Lenovo/CascadeProjects/gunjannagar-khanepani/vendor/laravel/framework/src/Illuminate/Foundation/resources/server.php(23): require_once('C://Users//Lenovo...')
#43 {main}
"} 
[2026-08-15 11:30:47] local.ERROR: Please provide a valid cache path. {"exception":"[object] (InvalidArgumentException(code: 0): Please provide a valid cache path. at C:/Users/Lenovo/CascadeProjects/gunjannagar-khanepani/vendor/laravel/framework/src/Illuminate/View/Compilers/Compiler.php:75)
[stacktrace]
#0 C:/Users/Lenovo/CascadeProjects/gunjannagar-khanepani/vendor/laravel/framework/src/Illuminate/View/ViewServiceProvider.php(97): Illuminate/View/Compilers/Compiler->__construct(Object(Illuminate/Filesystem/Filesystem), false, '', true, 'php', true)
#1 C:/Users/Lenovo/CascadeProjects/gunjannagar-khanepani/vendor/laravel/framework/src/Illuminate/Container/Container.php(1115): Illuminate/View/ViewServiceProvider->Illuminate/View/{closure}(Object(Illuminate/Foundation/Application), Array)
#2 C:/Users/Lenovo/CascadeProjects/gunjannagar-khanepani/vendor/laravel/framework/src/Illuminate/Container/Container.php(933): Illuminate/Container/Container->build(Object(Closure))
#3 C:/Users/Lenovo/CascadeProjects/gunjannagar-khanepani/vendor/laravel/framework/src/Illuminate/Foundation/Application.php(1078): Illuminate/Container/Container->resolve('blade.compiler', Array, true)
#4 C:/Users/Lenovo/CascadeProjects/gunjannagar-khanepani/vendor/laravel/framework/src/Illuminate/Container/Container.php(864): Illuminate/Foundation/Application->resolve('blade.compiler', Array)
#5 C:/Users/Lenovo/CascadeProjects/gunjannagar-khanepani/vendor/laravel/framework/src/Illuminate/Foundation/Application.php(1058): Illuminate/Container/Container->make('blade.compiler', Array)
#6 C:/Users/Lenovo/CascadeProjects/gunjannagar-khanepani/vendor/laravel/framework/src/Illuminate/View/ViewServiceProvider.php(169): Illuminate/Foundation/Application->make('blade.compiler')
#7 [internal function]: Illuminate/View/ViewServiceProvider->Illuminate/View/{closure}()
#8 C:/Users/Lenovo/CascadeProjects/gunjannagar-khanepani/vendor/laravel/framework/src/Illuminate/View/Engines/EngineResolver.php(55): call_user_func(Object(Closure))
#9 C:/Users/Lenovo/CascadeProjects/gunjannagar-khanepani/vendor/laravel/framework/src/Illuminate/View/Factory.php(325): Illuminate/View/Engines/EngineResolver->resolve('blade')
#10 C:/Users/Lenovo/CascadeProjects/gunjannagar-khanepani/vendor/laravel/framework/src/Illuminate/View/Factory.php(287): Illuminate/View/Factory->getEngineFromPath('C://Users//Lenovo...')
#11 C:/Users/Lenovo/CascadeProjects/gunjannagar-khanepani/vendor/laravel/framework/src/Illuminate/View/Factory.php(159): Illuminate/View/Factory->viewInstance('errors::404', 'C://Users//Lenovo...', Array)
#12 C:/Users/Lenovo/CascadeProjects/gunjannagar-khanepani/vendor/laravel/framework/src/Illuminate/Routing/ResponseFactory.php(91): Illuminate/View/Factory->make('errors::404', Array)
#13 C:/Users/Lenovo/CascadeProjects/gunjannagar-khanepani/vendor/laravel/framework/src/Illuminate/Foundation/Exceptions/Handler.php(926): Illuminate/Routing/ResponseFactory->view('errors::404', Array, 404, Array)
#14 C:/Users/Lenovo/CascadeProjects/gunjannagar-khanepani/vendor/laravel/framework/src/Illuminate/Foundation/Exceptions/Handler.php(847): Illuminate/Foundation/Exceptions/Handler->renderHttpException(Object(Symfony/Component/HttpKernel/Exception/NotFoundHttpException))
#15 C:/Users/Lenovo/CascadeProjects/gunjannagar-khanepani/vendor/laravel/framework/src/Illuminate/Foundation/Exceptions/Handler.php(738): Illuminate/Foundation/Exceptions/Handler->prepareResponse(Object(Illuminate/Http/Request), Object(Symfony/Component/HttpKernel/Exception/NotFoundHttpException))
#16 C:/Users/Lenovo/CascadeProjects/gunjannagar-khanepani/vendor/laravel/framework/src/Illuminate/Foundation/Exceptions/Handler.php(626): Illuminate/Foundation/Exceptions/Handler->renderExceptionResponse(Object(Illuminate/Http/Request), Object(Symfony/Component/HttpKernel/Exception/NotFoundHttpException))
#17 C:/Users/Lenovo/CascadeProjects/gunjannagar-khanepani/vendor/laravel/framework/src/Illuminate/Routing/Pipeline.php(51): Illuminate/Foundation/Exceptions/Handler->render(Object(Illuminate/Http/Request), Object(Symfony/Component/HttpKernel/Exception/NotFoundHttpException))
#18 C:/Users/Lenovo/CascadeProjects/gunjannagar-khanepani/vendor/laravel/framework/src/Illuminate/Pipeline/Pipeline.php(182): Illuminate/Routing/Pipeline->handleException(Object(Illuminate/Http/Request), Object(Symfony/Component/HttpKernel/Exception/NotFoundHttpException))
#19 C:/Users/Lenovo/CascadeProjects/gunjannagar-khanepani/vendor/laravel/framework/src/Illuminate/Foundation/Http/Middleware/TransformsRequest.php(21): Illuminate/Pipeline/Pipeline->Illuminate/Pipeline/{closure}(Object(Illuminate/Http/Request))
#20 C:/Users/Lenovo/CascadeProjects/gunjannagar-khanepani/vendor/laravel/framework/src/Illuminate/Foundation/Http/Middleware/ConvertEmptyStringsToNull.php(31): Illuminate/Foundation/Http/Middleware/TransformsRequest->handle(Object(Illuminate/Http/Request), Object(Closure))
#21 C:/Users/Lenovo/CascadeProjects/gunjannagar-khanepani/vendor/laravel/framework/src/Illuminate/Pipeline/Pipeline.php(219): Illuminate/Foundation/Http/Middleware/ConvertEmptyStringsToNull->handle(Object(Illuminate/Http/Request), Object(Closure))
#22 C:/Users/Lenovo/CascadeProjects/gunjannagar-khanepani/vendor/laravel/framework/src/Illuminate/Foundation/Http/Middleware/TransformsRequest.php(21): Illuminate/Pipeline/Pipeline->Illuminate/Pipeline/{closure}(Object(Illuminate/Http/Request))
#23 C:/Users/Lenovo/CascadeProjects/gunjannagar-khanepani/vendor/laravel/framework/src/Illuminate/Foundation/Http/Middleware/TrimStrings.php(51): Illuminate/Foundation/Http/Middleware/TransformsRequest->handle(Object(Illuminate/Http/Request), Object(Closure))
#24 C:/Users/Lenovo/CascadeProjects/gunjannagar-khanepani/vendor/laravel/framework/src/Illuminate/Pipeline/Pipeline.php(219): Illuminate/Foundation/Http/Middleware/TrimStrings->handle(Object(Illuminate/Http/Request), Object(Closure))
#25 C:/Users/Lenovo/CascadeProjects/gunjannagar-khanepani/vendor/laravel/framework/src/Illuminate/Http/Middleware/ValidatePostSize.php(27): Illuminate/Pipeline/Pipeline->Illuminate/Pipeline/{closure}(Object(Illuminate/Http/Request))
#26 C:/Users/Lenovo/CascadeProjects/gunjannagar-khanepani/vendor/laravel/framework/src/Illuminate/Pipeline/Pipeline.php(219): Illuminate/Http/Middleware/ValidatePostSize->handle(Object(Illuminate/Http/Request), Object(Closure))
#27 C:/Users/Lenovo/CascadeProjects/gunjannagar-khanepani/vendor/laravel/framework/src/Illuminate/Foundation/Http/Middleware/PreventRequestsDuringMaintenance.php(109): Illuminate/Pipeline/Pipeline->Illuminate/Pipeline/{closure}(Object(Illuminate/Http/Request))
#28 C:/Users/Lenovo/CascadeProjects/gunjannagar-khanepani/vendor/laravel/framework/src/Illuminate/Pipeline/Pipeline.php(219): Illuminate/Foundation/Http/Middleware/PreventRequestsDuringMaintenance->handle(Object(Illuminate/Http/Request), Object(Closure))
#29 C:/Users/Lenovo/CascadeProjects/gunjannagar-khanepani/vendor/laravel/framework/src/Illuminate/Http/Middleware/HandleCors.php(61): Illuminate/Pipeline/Pipeline->Illuminate/Pipeline/{closure}(Object(Illuminate/Http/Request))
#30 C:/Users/Lenovo/CascadeProjects/gunjannagar-khanepani/vendor/laravel/framework/src/Illuminate/Pipeline/Pipeline.php(219): Illuminate/Http/Middleware/HandleCors->handle(Object(Illuminate/Http/Request), Object(Closure))
#31 C:/Users/Lenovo/CascadeProjects/gunjannagar-khanepani/vendor/laravel/framework/src/Illuminate/Http/Middleware/TrustProxies.php(58): Illuminate/Pipeline/Pipeline->Illuminate/Pipeline/{closure}(Object(Illuminate/Http/Request))
#32 C:/Users/Lenovo/CascadeProjects/gunjannagar-khanepani/vendor/laravel/framework/src/Illuminate/Pipeline/Pipeline.php(219): Illuminate/Http/Middleware/TrustProxies->handle(Object(Illuminate/Http/Request), Object(Closure))
#33 C:/Users/Lenovo/CascadeProjects/gunjannagar-khanepani/vendor/laravel/framework/src/Illuminate/Foundation/Http/Middleware/InvokeDeferredCallbacks.php(22): Illuminate/Pipeline/Pipeline->Illuminate/Pipeline/{closure}(Object(Illuminate/Http/Request))
#34 C:/Users/Lenovo/CascadeProjects/gunjannagar-khanepani/vendor/laravel/framework/src/Illuminate/Pipeline/Pipeline.php(219): Illuminate/Foundation/Http/Middleware/InvokeDeferredCallbacks->handle(Object(Illuminate/Http/Request), Object(Closure))
#35 C:/Users/Lenovo/CascadeProjects/gunjannagar-khanepani/vendor/laravel/framework/src/Illuminate/Http/Middleware/ValidatePathEncoding.php(26): Illuminate/Pipeline/Pipeline->Illuminate/Pipeline/{closure}(Object(Illuminate/Http/Request))
#36 C:/Users/Lenovo/CascadeProjects/gunjannagar-khanepani/vendor/laravel/framework/src/Illuminate/Pipeline/Pipeline.php(219): Illuminate/Http/Middleware/ValidatePathEncoding->handle(Object(Illuminate/Http/Request), Object(Closure))
#37 C:/Users/Lenovo/CascadeProjects/gunjannagar-khanepani/vendor/laravel/framework/src/Illuminate/Pipeline/Pipeline.php(137): Illuminate/Pipeline/Pipeline->Illuminate/Pipeline/{closure}(Object(Illuminate/Http/Request))
#38 C:/Users/Lenovo/CascadeProjects/gunjannagar-khanepani/vendor/laravel/framework/src/Illuminate/Foundation/Http/Kernel.php(175): Illuminate/Pipeline/Pipeline->then(Object(Closure))
#39 C:/Users/Lenovo/CascadeProjects/gunjannagar-khanepani/vendor/laravel/framework/src/Illuminate/Foundation/Http/Kernel.php(144): Illuminate/Foundation/Http/Kernel->sendRequestThroughRouter(Object(Illuminate/Http/Request))
#40 C:/Users/Lenovo/CascadeProjects/gunjannagar-khanepani/public/index.php(17): Illuminate/Foundation/Http/Kernel->handle(Object(Illuminate/Http/Request))
#41 C:/Users/Lenovo/CascadeProjects/gunjannagar-khanepani/vendor/laravel/framework/src/Illuminate/Foundation/resources/server.php(23): require_once('C://Users//Lenovo...')
#42 {main}
"} 
[2026-08-15 11:31:49] local.ERROR: Class "Setting" not found {"exception":"[object] (Spatie\\LaravelIgnition\\Exceptions\\ViewException(code: 0): Class \"Setting\" not found at C:/Users/Lenovo/CascadeProjects/gunjannagar-khanepani/resources/views/home.blade.php:15)
[stacktrace]
#0 C:/Users/Lenovo/CascadeProjects/gunjannagar-khanepani/vendor/laravel/framework/src/Illuminate/Filesystem/Filesystem.php(123): require()
#1 C:/Users/Lenovo/CascadeProjects/gunjannagar-khanepani/vendor/laravel/framework/src/Illuminate/Filesystem/Filesystem.php(124): Illuminate/Filesystem/Filesystem::Illuminate/Filesystem/{closure}()
#2 C:/Users/Lenovo/CascadeProjects/gunjannagar-khanepani/vendor/laravel/framework/src/Illuminate/View/Engines/PhpEngine.php(57): Illuminate/Filesystem/Filesystem->getRequire('C://Users//Lenovo...', Array)
#3 C:/Users/Lenovo/CascadeProjects/gunjannagar-khanepani/vendor/laravel/framework/src/Illuminate/View/Engines/CompilerEngine.php(76): Illuminate/View/Engines/PhpEngine->evaluatePath('C://Users//Lenovo...', Array)
#4 C:/Users/Lenovo/CascadeProjects/gunjannagar-khanepani/vendor/laravel/framework/src/Illuminate/View/View.php(208): Illuminate/View/Engines/CompilerEngine->get('C://Users//Lenovo...', Array)
#5 C:/Users/Lenovo/CascadeProjects/gunjannagar-khanepani/vendor/laravel/framework/src/Illuminate/View/View.php(191): Illuminate/View/View->getContents()
#6 C:/Users/Lenovo/CascadeProjects/gunjannagar-khanepani/vendor/laravel/framework/src/Illuminate/View/View.php(160): Illuminate/View/View->renderContents()
#7 C:/Users/Lenovo/CascadeProjects/gunjannagar-khanepani/vendor/laravel/framework/src/Illuminate/Http/Response.php(78): Illuminate/View/View->render()
#8 C:/Users/Lenovo/CascadeProjects/gunjannagar-khanepani/vendor/laravel/framework/src/Illuminate/Http/Response.php(34): Illuminate/Http/Response->setContent(Object(Illuminate/View/View))
#9 C:/Users/Lenovo/CascadeProjects/gunjannagar-khanepani/vendor/laravel/framework/src/Illuminate/Routing/Router.php(939): Illuminate/Http/Response->__construct(Object(Illuminate/View/View), 200, Array)
#10 C:/Users/Lenovo/CascadeProjects/gunjannagar-khanepani/vendor/laravel/framework/src/Illuminate/Routing/Router.php(906): Illuminate/Routing/Router::toResponse(Object(Illuminate/Http/Request), Object(Illuminate/View/View))
#11 C:/Users/Lenovo/CascadeProjects/gunjannagar-khanepani/vendor/laravel/framework/src/Illuminate/Routing/Router.php(821): Illuminate/Routing/Router->prepareResponse(Object(Illuminate/Http/Request), Object(Illuminate/View/View))
#12 C:/Users/Lenovo/CascadeProjects/gunjannagar-khanepani/vendor/laravel/framework/src/Illuminate/Pipeline/Pipeline.php(180): Illuminate/Routing/Router->Illuminate/Routing/{closure}(Object(Illuminate/Http/Request))
#13 C:/Users/Lenovo/CascadeProjects/gunjannagar-khanepani/vendor/laravel/framework/src/Illuminate/Routing/Middleware/SubstituteBindings.php(50): Illuminate/Pipeline/Pipeline->Illuminate/Pipeline/{closure}(Object(Illuminate/Http/Request))
#14 C:/Users/Lenovo/CascadeProjects/gunjannagar-khanepani/vendor/laravel/framework/src/Illuminate/Pipeline/Pipeline.php(219): Illuminate/Routing/Middleware/SubstituteBindings->handle(Object(Illuminate/Http/Request), Object(Closure))
#15 C:/Users/Lenovo/CascadeProjects/gunjannagar-khanepani/vendor/laravel/framework/src/Illuminate/Foundation/Http/Middleware/VerifyCsrfToken.php(87): Illuminate/Pipeline/Pipeline->Illuminate/Pipeline/{closure}(Object(Illuminate/Http/Request))
#16 C:/Users/Lenovo/CascadeProjects/gunjannagar-khanepani/vendor/laravel/framework/src/Illuminate/Pipeline/Pipeline.php(219): Illuminate/Foundation/Http/Middleware/VerifyCsrfToken->handle(Object(Illuminate/Http/Request), Object(Closure))
#17 C:/Users/Lenovo/CascadeProjects/gunjannagar-khanepani/vendor/laravel/framework/src/Illuminate/View/Middleware/ShareErrorsFromSession.php(48): Illuminate/Pipeline/Pipeline->Illuminate/Pipeline/{closure}(Object(Illuminate/Http/Request))
#18 C:/Users/Lenovo/CascadeProjects/gunjannagar-khanepani/vendor/laravel/framework/src/Illuminate/Pipeline/Pipeline.php(219): Illuminate/View/Middleware/ShareErrorsFromSession->handle(Object(Illuminate/Http/Request), Object(Closure))
#19 C:/Users/Lenovo/CascadeProjects/gunjannagar-khanepani/vendor/laravel/framework/src/Illuminate/Session/Middleware/StartSession.php(120): Illuminate/Pipeline/Pipeline->Illuminate/Pipeline/{closure}(Object(Illuminate/Http/Request))
#20 C:/Users/Lenovo/CascadeProjects/gunjannagar-khanepani/vendor/laravel/framework/src/Illuminate/Session/Middleware/StartSession.php(63): Illuminate/Session/Middleware/StartSession->handleStatefulRequest(Object(Illuminate/Http/Request), Object(Illuminate/Session/Store), Object(Closure))
#21 C:/Users/Lenovo/CascadeProjects/gunjannagar-khanepani/vendor/laravel/framework/src/Illuminate/Pipeline/Pipeline.php(219): Illuminate/Session/Middleware/StartSession->handle(Object(Illuminate/Http/Request), Object(Closure))
#22 C:/Users/Lenovo/CascadeProjects/gunjannagar-khanepani/vendor/laravel/framework/src/Illuminate/Cookie/Middleware/AddQueuedCookiesToResponse.php(36): Illuminate/Pipeline/Pipeline->Illuminate/Pipeline/{closure}(Object(Illuminate/Http/Request))
#23 C:/Users/Lenovo/CascadeProjects/gunjannagar-khanepani/vendor/laravel/framework/src/Illuminate/Pipeline/Pipeline.php(219): Illuminate/Cookie/Middleware/AddQueuedCookiesToResponse->handle(Object(Illuminate/Http/Request), Object(Closure))
#24 C:/Users/Lenovo/CascadeProjects/gunjannagar-khanepani/vendor/laravel/framework/src/Illuminate/Cookie/Middleware/EncryptCookies.php(74): Illuminate/Pipeline/Pipeline->Illuminate/Pipeline/{closure}(Object(Illuminate/Http/Request))
#25 C:/Users/Lenovo/CascadeProjects/gunjannagar-khanepani/vendor/laravel/framework/src/Illuminate/Pipeline/Pipeline.php(219): Illuminate/Cookie/Middleware/EncryptCookies->handle(Object(Illuminate/Http/Request), Object(Closure))
#26 C:/Users/Lenovo/CascadeProjects/gunjannagar-khanepani/vendor/laravel/framework/src/Illuminate/Pipeline/Pipeline.php(137): Illuminate/Pipeline/Pipeline->Illuminate/Pipeline/{closure}(Object(Illuminate/Http/Request))
#27 C:/Users/Lenovo/CascadeProjects/gunjannagar-khanepani/vendor/laravel/framework/src/Illuminate/Routing/Router.php(821): Illuminate/Pipeline/Pipeline->then(Object(Closure))
#28 C:/Users/Lenovo/CascadeProjects/gunjannagar-khanepani/vendor/laravel/framework/src/Illuminate/Routing/Router.php(800): Illuminate/Routing/Router->runRouteWithinStack(Object(Illuminate/Routing/Route), Object(Illuminate/Http/Request))
#29 C:/Users/Lenovo/CascadeProjects/gunjannagar-khanepani/vendor/laravel/framework/src/Illuminate/Routing/Router.php(764): Illuminate/Routing/Router->runRoute(Object(Illuminate/Http/Request), Object(Illuminate/Routing/Route))
#30 C:/Users/Lenovo/CascadeProjects/gunjannagar-khanepani/vendor/laravel/framework/src/Illuminate/Routing/Router.php(753): Illuminate/Routing/Router->dispatchToRoute(Object(Illuminate/Http/Request))
#31 C:/Users/Lenovo/CascadeProjects/gunjannagar-khanepani/vendor/laravel/framework/src/Illuminate/Foundation/Http/Kernel.php(200): Illuminate/Routing/Router->dispatch(Object(Illuminate/Http/Request))
#32 C:/Users/Lenovo/CascadeProjects/gunjannagar-khanepani/vendor/laravel/framework/src/Illuminate/Pipeline/Pipeline.php(180): Illuminate/Foundation/Http/Kernel->Illuminate/Foundation/Http/{closure}(Object(Illuminate/Http/Request))
#33 C:/Users/Lenovo/CascadeProjects/gunjannagar-khanepani/vendor/laravel/framework/src/Illuminate/Foundation/Http/Middleware/TransformsRequest.php(21): Illuminate/Pipeline/Pipeline->Illuminate/Pipeline/{closure}(Object(Illuminate/Http/Request))
#34 C:/Users/Lenovo/CascadeProjects/gunjannagar-khanepani/vendor/laravel/framework/src/Illuminate/Foundation/Http/Middleware/ConvertEmptyStringsToNull.php(31): Illuminate/Foundation/Http/Middleware/TransformsRequest->handle(Object(Illuminate/Http/Request), Object(Closure))
#35 C:/Users/Lenovo/CascadeProjects/gunjannagar-khanepani/vendor/laravel/framework/src/Illuminate/Pipeline/Pipeline.php(219): Illuminate/Foundation/Http/Middleware/ConvertEmptyStringsToNull->handle(Object(Illuminate/Http/Request), Object(Closure))
#36 C:/Users/Lenovo/CascadeProjects/gunjannagar-khanepani/vendor/laravel/framework/src/Illuminate/Foundation/Http/Middleware/TransformsRequest.php(21): Illuminate/Pipeline/Pipeline->Illuminate/Pipeline/{closure}(Object(Illuminate/Http/Request))
#37 C:/Users/Lenovo/CascadeProjects/gunjannagar-khanepani/vendor/laravel/framework/src/Illuminate/Foundation/Http/Middleware/TrimStrings.php(51): Illuminate/Foundation/Http/Middleware/TransformsRequest->handle(Object(Illuminate/Http/Request), Object(Closure))
#38 C:/Users/Lenovo/CascadeProjects/gunjannagar-khanepani/vendor/laravel/framework/src/Illuminate/Pipeline/Pipeline.php(219): Illuminate/Foundation/Http/Middleware/TrimStrings->handle(Object(Illuminate/Http/Request), Object(Closure))
#39 C:/Users/Lenovo/CascadeProjects/gunjannagar-khanepani/vendor/laravel/framework/src/Illuminate/Http/Middleware/ValidatePostSize.php(27): Illuminate/Pipeline/Pipeline->Illuminate/Pipeline/{closure}(Object(Illuminate/Http/Request))
#40 C:/Users/Lenovo/CascadeProjects/gunjannagar-khanepani/vendor/laravel/framework/src/Illuminate/Pipeline/Pipeline.php(219): Illuminate/Http/Middleware/ValidatePostSize->handle(Object(Illuminate/Http/Request), Object(Closure))
#41 C:/Users/Lenovo/CascadeProjects/gunjannagar-khanepani/vendor/laravel/framework/src/Illuminate/Foundation/Http/Middleware/PreventRequestsDuringMaintenance.php(109): Illuminate/Pipeline/Pipeline->Illuminate/Pipeline/{closure}(Object(Illuminate/Http/Request))
#42 C:/Users/Lenovo/CascadeProjects/gunjannagar-khanepani/vendor/laravel/framework/src/Illuminate/Pipeline/Pipeline.php(219): Illuminate/Foundation/Http/Middleware/PreventRequestsDuringMaintenance->handle(Object(Illuminate/Http/Request), Object(Closure))
#43 C:/Users/Lenovo/CascadeProjects/gunjannagar-khanepani/vendor/laravel/framework/src/Illuminate/Http/Middleware/HandleCors.php(61): Illuminate/Pipeline/Pipeline->Illuminate/Pipeline/{closure}(Object(Illuminate/Http/Request))
#44 C:/Users/Lenovo/CascadeProjects/gunjannagar-khanepani/vendor/laravel/framework/src/Illuminate/Pipeline/Pipeline.php(219): Illuminate/Http/Middleware/HandleCors->handle(Object(Illuminate/Http/Request), Object(Closure))
#45 C:/Users/Lenovo/CascadeProjects/gunjannagar-khanepani/vendor/laravel/framework/src/Illuminate/Http/Middleware/TrustProxies.php(58): Illuminate/Pipeline/Pipeline->Illuminate/Pipeline/{closure}(Object(Illuminate/Http/Request))
#46 C:/Users/Lenovo/CascadeProjects/gunjannagar-khanepani/vendor/laravel/framework/src/Illuminate/Pipeline/Pipeline.php(219): Illuminate/Http/Middleware/TrustProxies->handle(Object(Illuminate/Http/Request), Object(Closure))
#47 C:/Users/Lenovo/CascadeProjects/gunjannagar-khanepani/vendor/laravel/framework/src/Illuminate/Foundation/Http/Middleware/InvokeDeferredCallbacks.php(22): Illuminate/Pipeline/Pipeline->Illuminate/Pipeline/{closure}(Object(Illuminate/Http/Request))
#48 C:/Users/Lenovo/CascadeProjects/gunjannagar-khanepani/vendor/laravel/framework/src/Illuminate/Pipeline/Pipeline.php(219): Illuminate/Foundation/Http/Middleware/InvokeDeferredCallbacks->handle(Object(Illuminate/Http/Request), Object(Closure))
#49 C:/Users/Lenovo/CascadeProjects/gunjannagar-khanepani/vendor/laravel/framework/src/Illuminate/Http/Middleware/ValidatePathEncoding.php(26): Illuminate/Pipeline/Pipeline->Illuminate/Pipeline/{closure}(Object(Illuminate/Http/Request))
#50 C:/Users/Lenovo/CascadeProjects/gunjannagar-khanepani/vendor/laravel/framework/src/Illuminate/Pipeline/Pipeline.php(219): Illuminate/Http/Middleware/ValidatePathEncoding->handle(Object(Illuminate/Http/Request), Object(Closure))
#51 C:/Users/Lenovo/CascadeProjects/gunjannagar-khanepani/vendor/laravel/framework/src/Illuminate/Pipeline/Pipeline.php(137): Illuminate/Pipeline/Pipeline->Illuminate/Pipeline/{closure}(Object(Illuminate/Http/Request))
#52 C:/Users/Lenovo/CascadeProjects/gunjannagar-khanepani/vendor/laravel/framework/src/Illuminate/Foundation/Http/Kernel.php(175): Illuminate/Pipeline/Pipeline->then(Object(Closure))
#53 C:/Users/Lenovo/CascadeProjects/gunjannagar-khanepani/vendor/laravel/framework/src/Illuminate/Foundation/Http/Kernel.php(144): Illuminate/Foundation/Http/Kernel->sendRequestThroughRouter(Object(Illuminate/Http/Request))
#54 C:/Users/Lenovo/CascadeProjects/gunjannagar-khanepani/public/index.php(17): Illuminate/Foundation/Http/Kernel->handle(Object(Illuminate/Http/Request))
#55 C:/Users/Lenovo/CascadeProjects/gunjannagar-khanepani/vendor/laravel/framework/src/Illuminate/Foundation/resources/server.php(23): require_once('C://Users//Lenovo...')
#56 {main}

[previous exception] [object] (Error(code: 0): Class \"Setting\" not found at C:/Users/Lenovo/CascadeProjects/gunjannagar-khanepani/storage/framework/views/0c824db939ec43fbd2d4a360e940a452.php:13)
[stacktrace]
#0 C:/Users/Lenovo/CascadeProjects/gunjannagar-khanepani/vendor/laravel/framework/src/Illuminate/Filesystem/Filesystem.php(123): require()
#1 C:/Users/Lenovo/CascadeProjects/gunjannagar-khanepani/vendor/laravel/framework/src/Illuminate/Filesystem/Filesystem.php(124): Illuminate/Filesystem/Filesystem::Illuminate/Filesystem/{closure}()
#2 C:/Users/Lenovo/CascadeProjects/gunjannagar-khanepani/vendor/laravel/framework/src/Illuminate/View/Engines/PhpEngine.php(57): Illuminate/Filesystem/Filesystem->getRequire('C://Users//Lenovo...', Array)
#3 C:/Users/Lenovo/CascadeProjects/gunjannagar-khanepani/vendor/laravel/framework/src/Illuminate/View/Engines/CompilerEngine.php(76): Illuminate/View/Engines/PhpEngine->evaluatePath('C://Users//Lenovo...', Array)
#4 C:/Users/Lenovo/CascadeProjects/gunjannagar-khanepani/vendor/laravel/framework/src/Illuminate/View/View.php(208): Illuminate/View/Engines/CompilerEngine->get('C://Users//Lenovo...', Array)
#5 C:/Users/Lenovo/CascadeProjects/gunjannagar-khanepani/vendor/laravel/framework/src/Illuminate/View/View.php(191): Illuminate/View/View->getContents()
#6 C:/Users/Lenovo/CascadeProjects/gunjannagar-khanepani/vendor/laravel/framework/src/Illuminate/View/View.php(160): Illuminate/View/View->renderContents()
#7 C:/Users/Lenovo/CascadeProjects/gunjannagar-khanepani/vendor/laravel/framework/src/Illuminate/Http/Response.php(78): Illuminate/View/View->render()
#8 C:/Users/Lenovo/CascadeProjects/gunjannagar-khanepani/vendor/laravel/framework/src/Illuminate/Http/Response.php(34): Illuminate/Http/Response->setContent(Object(Illuminate/View/View))
#9 C:/Users/Lenovo/CascadeProjects/gunjannagar-khanepani/vendor/laravel/framework/src/Illuminate/Routing/Router.php(939): Illuminate/Http/Response->__construct(Object(Illuminate/View/View), 200, Array)
#10 C:/Users/Lenovo/CascadeProjects/gunjannagar-khanepani/vendor/laravel/framework/src/Illuminate/Routing/Router.php(906): Illuminate/Routing/Router::toResponse(Object(Illuminate/Http/Request), Object(Illuminate/View/View))
#11 C:/Users/Lenovo/CascadeProjects/gunjannagar-khanepani/vendor/laravel/framework/src/Illuminate/Routing/Router.php(821): Illuminate/Routing/Router->prepareResponse(Object(Illuminate/Http/Request), Object(Illuminate/View/View))
#12 C:/Users/Lenovo/CascadeProjects/gunjannagar-khanepani/vendor/laravel/framework/src/Illuminate/Pipeline/Pipeline.php(180): Illuminate/Routing/Router->Illuminate/Routing/{closure}(Object(Illuminate/Http/Request))
#13 C:/Users/Lenovo/CascadeProjects/gunjannagar-khanepani/vendor/laravel/framework/src/Illuminate/Routing/Middleware/SubstituteBindings.php(50): Illuminate/Pipeline/Pipeline->Illuminate/Pipeline/{closure}(Object(Illuminate/Http/Request))
#14 C:/Users/Lenovo/CascadeProjects/gunjannagar-khanepani/vendor/laravel/framework/src/Illuminate/Pipeline/Pipeline.php(219): Illuminate/Routing/Middleware/SubstituteBindings->handle(Object(Illuminate/Http/Request), Object(Closure))
#15 C:/Users/Lenovo/CascadeProjects/gunjannagar-khanepani/vendor/laravel/framework/src/Illuminate/Foundation/Http/Middleware/VerifyCsrfToken.php(87): Illuminate/Pipeline/Pipeline->Illuminate/Pipeline/{closure}(Object(Illuminate/Http/Request))
#16 C:/Users/Lenovo/CascadeProjects/gunjannagar-khanepani/vendor/laravel/framework/src/Illuminate/Pipeline/Pipeline.php(219): Illuminate/Foundation/Http/Middleware/VerifyCsrfToken->handle(Object(Illuminate/Http/Request), Object(Closure))
#17 C:/Users/Lenovo/CascadeProjects/gunjannagar-khanepani/vendor/laravel/framework/src/Illuminate/View/Middleware/ShareErrorsFromSession.php(48): Illuminate/Pipeline/Pipeline->Illuminate/Pipeline/{closure}(Object(Illuminate/Http/Request))
#18 C:/Users/Lenovo/CascadeProjects/gunjannagar-khanepani/vendor/laravel/framework/src/Illuminate/Pipeline/Pipeline.php(219): Illuminate/View/Middleware/ShareErrorsFromSession->handle(Object(Illuminate/Http/Request), Object(Closure))
#19 C:/Users/Lenovo/CascadeProjects/gunjannagar-khanepani/vendor/laravel/framework/src/Illuminate/Session/Middleware/StartSession.php(120): Illuminate/Pipeline/Pipeline->Illuminate/Pipeline/{closure}(Object(Illuminate/Http/Request))
#20 C:/Users/Lenovo/CascadeProjects/gunjannagar-khanepani/vendor/laravel/framework/src/Illuminate/Session/Middleware/StartSession.php(63): Illuminate/Session/Middleware/StartSession->handleStatefulRequest(Object(Illuminate/Http/Request), Object(Illuminate/Session/Store), Object(Closure))
#21 C:/Users/Lenovo/CascadeProjects/gunjannagar-khanepani/vendor/laravel/framework/src/Illuminate/Pipeline/Pipeline.php(219): Illuminate/Session/Middleware/StartSession->handle(Object(Illuminate/Http/Request), Object(Closure))
#22 C:/Users/Lenovo/CascadeProjects/gunjannagar-khanepani/vendor/laravel/framework/src/Illuminate/Cookie/Middleware/AddQueuedCookiesToResponse.php(36): Illuminate/Pipeline/Pipeline->Illuminate/Pipeline/{closure}(Object(Illuminate/Http/Request))
#23 C:/Users/Lenovo/CascadeProjects/gunjannagar-khanepani/vendor/laravel/framework/src/Illuminate/Pipeline/Pipeline.php(219): Illuminate/Cookie/Middleware/AddQueuedCookiesToResponse->handle(Object(Illuminate/Http/Request), Object(Closure))
#24 C:/Users/Lenovo/CascadeProjects/gunjannagar-khanepani/vendor/laravel/framework/src/Illuminate/Cookie/Middleware/EncryptCookies.php(74): Illuminate/Pipeline/Pipeline->Illuminate/Pipeline/{closure}(Object(Illuminate/Http/Request))
#25 C:/Users/Lenovo/CascadeProjects/gunjannagar-khanepani/vendor/laravel/framework/src/Illuminate/Pipeline/Pipeline.php(219): Illuminate/Cookie/Middleware/EncryptCookies->handle(Object(Illuminate/Http/Request), Object(Closure))
#26 C:/Users/Lenovo/CascadeProjects/gunjannagar-khanepani/vendor/laravel/framework/src/Illuminate/Pipeline/Pipeline.php(137): Illuminate/Pipeline/Pipeline->Illuminate/Pipeline/{closure}(Object(Illuminate/Http/Request))
#27 C:/Users/Lenovo/CascadeProjects/gunjannagar-khanepani/vendor/laravel/framework/src/Illuminate/Routing/Router.php(821): Illuminate/Pipeline/Pipeline->then(Object(Closure))
#28 C:/Users/Lenovo/CascadeProjects/gunjannagar-khanepani/vendor/laravel/framework/src/Illuminate/Routing/Router.php(800): Illuminate/Routing/Router->runRouteWithinStack(Object(Illuminate/Routing/Route), Object(Illuminate/Http/Request))
#29 C:/Users/Lenovo/CascadeProjects/gunjannagar-khanepani/vendor/laravel/framework/src/Illuminate/Routing/Router.php(764): Illuminate/Routing/Router->runRoute(Object(Illuminate/Http/Request), Object(Illuminate/Routing/Route))
#30 C:/Users/Lenovo/CascadeProjects/gunjannagar-khanepani/vendor/laravel/framework/src/Illuminate/Routing/Router.php(753): Illuminate/Routing/Router->dispatchToRoute(Object(Illuminate/Http/Request))
#31 C:/Users/Lenovo/CascadeProjects/gunjannagar-khanepani/vendor/laravel/framework/src/Illuminate/Foundation/Http/Kernel.php(200): Illuminate/Routing/Router->dispatch(Object(Illuminate/Http/Request))
#32 C:/Users/Lenovo/CascadeProjects/gunjannagar-khanepani/vendor/laravel/framework/src/Illuminate/Pipeline/Pipeline.php(180): Illuminate/Foundation/Http/Kernel->Illuminate/Foundation/Http/{closure}(Object(Illuminate/Http/Request))
#33 C:/Users/Lenovo/CascadeProjects/gunjannagar-khanepani/vendor/laravel/framework/src/Illuminate/Foundation/Http/Middleware/TransformsRequest.php(21): Illuminate/Pipeline/Pipeline->Illuminate/Pipeline/{closure}(Object(Illuminate/Http/Request))
#34 C:/Users/Lenovo/CascadeProjects/gunjannagar-khanepani/vendor/laravel/framework/src/Illuminate/Foundation/Http/Middleware/ConvertEmptyStringsToNull.php(31): Illuminate/Foundation/Http/Middleware/TransformsRequest->handle(Object(Illuminate/Http/Request), Object(Closure))
#35 C:/Users/Lenovo/CascadeProjects/gunjannagar-khanepani/vendor/laravel/framework/src/Illuminate/Pipeline/Pipeline.php(219): Illuminate/Foundation/Http/Middleware/ConvertEmptyStringsToNull->handle(Object(Illuminate/Http/Request), Object(Closure))
#36 C:/Users/Lenovo/CascadeProjects/gunjannagar-khanepani/vendor/laravel/framework/src/Illuminate/Foundation/Http/Middleware/TransformsRequest.php(21): Illuminate/Pipeline/Pipeline->Illuminate/Pipeline/{closure}(Object(Illuminate/Http/Request))
#37 C:/Users/Lenovo/CascadeProjects/gunjannagar-khanepani/vendor/laravel/framework/src/Illuminate/Foundation/Http/Middleware/TrimStrings.php(51): Illuminate/Foundation/Http/Middleware/TransformsRequest->handle(Object(Illuminate/Http/Request), Object(Closure))
#38 C:/Users/Lenovo/CascadeProjects/gunjannagar-khanepani/vendor/laravel/framework/src/Illuminate/Pipeline/Pipeline.php(219): Illuminate/Foundation/Http/Middleware/TrimStrings->handle(Object(Illuminate/Http/Request), Object(Closure))
#39 C:/Users/Lenovo/CascadeProjects/gunjannagar-khanepani/vendor/laravel/framework/src/Illuminate/Http/Middleware/ValidatePostSize.php(27): Illuminate/Pipeline/Pipeline->Illuminate/Pipeline/{closure}(Object(Illuminate/Http/Request))
#40 C:/Users/Lenovo/CascadeProjects/gunjannagar-khanepani/vendor/laravel/framework/src/Illuminate/Pipeline/Pipeline.php(219): Illuminate/Http/Middleware/ValidatePostSize->handle(Object(Illuminate/Http/Request), Object(Closure))
#41 C:/Users/Lenovo/CascadeProjects/gunjannagar-khanepani/vendor/laravel/framework/src/Illuminate/Foundation/Http/Middleware/PreventRequestsDuringMaintenance.php(109): Illuminate/Pipeline/Pipeline->Illuminate/Pipeline/{closure}(Object(Illuminate/Http/Request))
#42 C:/Users/Lenovo/CascadeProjects/gunjannagar-khanepani/vendor/laravel/framework/src/Illuminate/Pipeline/Pipeline.php(219): Illuminate/Foundation/Http/Middleware/PreventRequestsDuringMaintenance->handle(Object(Illuminate/Http/Request), Object(Closure))
#43 C:/Users/Lenovo/CascadeProjects/gunjannagar-khanepani/vendor/laravel/framework/src/Illuminate/Http/Middleware/HandleCors.php(61): Illuminate/Pipeline/Pipeline->Illuminate/Pipeline/{closure}(Object(Illuminate/Http/Request))
#44 C:/Users/Lenovo/CascadeProjects/gunjannagar-khanepani/vendor/laravel/framework/src/Illuminate/Pipeline/Pipeline.php(219): Illuminate/Http/Middleware/HandleCors->handle(Object(Illuminate/Http/Request), Object(Closure))
#45 C:/Users/Lenovo/CascadeProjects/gunjannagar-khanepani/vendor/laravel/framework/src/Illuminate/Http/Middleware/TrustProxies.php(58): Illuminate/Pipeline/Pipeline->Illuminate/Pipeline/{closure}(Object(Illuminate/Http/Request))
#46 C:/Users/Lenovo/CascadeProjects/gunjannagar-khanepani/vendor/laravel/framework/src/Illuminate/Pipeline/Pipeline.php(219): Illuminate/Http/Middleware/TrustProxies->handle(Object(Illuminate/Http/Request), Object(Closure))
#47 C:/Users/Lenovo/CascadeProjects/gunjannagar-khanepani/vendor/laravel/framework/src/Illuminate/Foundation/Http/Middleware/InvokeDeferredCallbacks.php(22): Illuminate/Pipeline/Pipeline->Illuminate/Pipeline/{closure}(Object(Illuminate/Http/Request))
#48 C:/Users/Lenovo/CascadeProjects/gunjannagar-khanepani/vendor/laravel/framework/src/Illuminate/Pipeline/Pipeline.php(219): Illuminate/Foundation/Http/Middleware/InvokeDeferredCallbacks->handle(Object(Illuminate/Http/Request), Object(Closure))
#49 C:/Users/Lenovo/CascadeProjects/gunjannagar-khanepani/vendor/laravel/framework/src/Illuminate/Http/Middleware/ValidatePathEncoding.php(26): Illuminate/Pipeline/Pipeline->Illuminate/Pipeline/{closure}(Object(Illuminate/Http/Request))
#50 C:/Users/Lenovo/CascadeProjects/gunjannagar-khanepani/vendor/laravel/framework/src/Illuminate/Pipeline/Pipeline.php(219): Illuminate/Http/Middleware/ValidatePathEncoding->handle(Object(Illuminate/Http/Request), Object(Closure))
#51 C:/Users/Lenovo/CascadeProjects/gunjannagar-khanepani/vendor/laravel/framework/src/Illuminate/Pipeline/Pipeline.php(137): Illuminate/Pipeline/Pipeline->Illuminate/Pipeline/{closure}(Object(Illuminate/Http/Request))
#52 C:/Users/Lenovo/CascadeProjects/gunjannagar-khanepani/vendor/laravel/framework/src/Illuminate/Foundation/Http/Kernel.php(175): Illuminate/Pipeline/Pipeline->then(Object(Closure))
#53 C:/Users/Lenovo/CascadeProjects/gunjannagar-khanepani/vendor/laravel/framework/src/Illuminate/Foundation/Http/Kernel.php(144): Illuminate/Foundation/Http/Kernel->sendRequestThroughRouter(Object(Illuminate/Http/Request))
#54 C:/Users/Lenovo/CascadeProjects/gunjannagar-khanepani/public/index.php(17): Illuminate/Foundation/Http/Kernel->handle(Object(Illuminate/Http/Request))
#55 C:/Users/Lenovo/CascadeProjects/gunjannagar-khanepani/vendor/laravel/framework/src/Illuminate/Foundation/resources/server.php(23): require_once('C://Users//Lenovo...')
#56 {main}
"} 
[2026-08-15 11:32:35] local.ERROR: Class "Str" not found {"exception":"[object] (Spatie\\LaravelIgnition\\Exceptions\\ViewException(code: 0): Class \"Str\" not found at C:/Users/Lenovo/CascadeProjects/gunjannagar-khanepani/resources/views/home.blade.php:82)
[stacktrace]
#0 C:/Users/Lenovo/CascadeProjects/gunjannagar-khanepani/vendor/laravel/framework/src/Illuminate/Filesystem/Filesystem.php(123): require()
#1 C:/Users/Lenovo/CascadeProjects/gunjannagar-khanepani/vendor/laravel/framework/src/Illuminate/Filesystem/Filesystem.php(124): Illuminate/Filesystem/Filesystem::Illuminate/Filesystem/{closure}()
#2 C:/Users/Lenovo/CascadeProjects/gunjannagar-khanepani/vendor/laravel/framework/src/Illuminate/View/Engines/PhpEngine.php(57): Illuminate/Filesystem/Filesystem->getRequire('C://Users//Lenovo...', Array)
#3 C:/Users/Lenovo/CascadeProjects/gunjannagar-khanepani/vendor/laravel/framework/src/Illuminate/View/Engines/CompilerEngine.php(76): Illuminate/View/Engines/PhpEngine->evaluatePath('C://Users//Lenovo...', Array)
#4 C:/Users/Lenovo/CascadeProjects/gunjannagar-khanepani/vendor/laravel/framework/src/Illuminate/View/View.php(208): Illuminate/View/Engines/CompilerEngine->get('C://Users//Lenovo...', Array)
#5 C:/Users/Lenovo/CascadeProjects/gunjannagar-khanepani/vendor/laravel/framework/src/Illuminate/View/View.php(191): Illuminate/View/View->getContents()
#6 C:/Users/Lenovo/CascadeProjects/gunjannagar-khanepani/vendor/laravel/framework/src/Illuminate/View/View.php(160): Illuminate/View/View->renderContents()
#7 C:/Users/Lenovo/CascadeProjects/gunjannagar-khanepani/vendor/laravel/framework/src/Illuminate/Http/Response.php(78): Illuminate/View/View->render()
#8 C:/Users/Lenovo/CascadeProjects/gunjannagar-khanepani/vendor/laravel/framework/src/Illuminate/Http/Response.php(34): Illuminate/Http/Response->setContent(Object(Illuminate/View/View))
#9 C:/Users/Lenovo/CascadeProjects/gunjannagar-khanepani/vendor/laravel/framework/src/Illuminate/Routing/Router.php(939): Illuminate/Http/Response->__construct(Object(Illuminate/View/View), 200, Array)
#10 C:/Users/Lenovo/CascadeProjects/gunjannagar-khanepani/vendor/laravel/framework/src/Illuminate/Routing/Router.php(906): Illuminate/Routing/Router::toResponse(Object(Illuminate/Http/Request), Object(Illuminate/View/View))
#11 C:/Users/Lenovo/CascadeProjects/gunjannagar-khanepani/vendor/laravel/framework/src/Illuminate/Routing/Router.php(821): Illuminate/Routing/Router->prepareResponse(Object(Illuminate/Http/Request), Object(Illuminate/View/View))
#12 C:/Users/Lenovo/CascadeProjects/gunjannagar-khanepani/vendor/laravel/framework/src/Illuminate/Pipeline/Pipeline.php(180): Illuminate/Routing/Router->Illuminate/Routing/{closure}(Object(Illuminate/Http/Request))
#13 C:/Users/Lenovo/CascadeProjects/gunjannagar-khanepani/vendor/laravel/framework/src/Illuminate/Routing/Middleware/SubstituteBindings.php(50): Illuminate/Pipeline/Pipeline->Illuminate/Pipeline/{closure}(Object(Illuminate/Http/Request))
#14 C:/Users/Lenovo/CascadeProjects/gunjannagar-khanepani/vendor/laravel/framework/src/Illuminate/Pipeline/Pipeline.php(219): Illuminate/Routing/Middleware/SubstituteBindings->handle(Object(Illuminate/Http/Request), Object(Closure))
#15 C:/Users/Lenovo/CascadeProjects/gunjannagar-khanepani/vendor/laravel/framework/src/Illuminate/Foundation/Http/Middleware/VerifyCsrfToken.php(87): Illuminate/Pipeline/Pipeline->Illuminate/Pipeline/{closure}(Object(Illuminate/Http/Request))
#16 C:/Users/Lenovo/CascadeProjects/gunjannagar-khanepani/vendor/laravel/framework/src/Illuminate/Pipeline/Pipeline.php(219): Illuminate/Foundation/Http/Middleware/VerifyCsrfToken->handle(Object(Illuminate/Http/Request), Object(Closure))
#17 C:/Users/Lenovo/CascadeProjects/gunjannagar-khanepani/vendor/laravel/framework/src/Illuminate/View/Middleware/ShareErrorsFromSession.php(48): Illuminate/Pipeline/Pipeline->Illuminate/Pipeline/{closure}(Object(Illuminate/Http/Request))
#18 C:/Users/Lenovo/CascadeProjects/gunjannagar-khanepani/vendor/laravel/framework/src/Illuminate/Pipeline/Pipeline.php(219): Illuminate/View/Middleware/ShareErrorsFromSession->handle(Object(Illuminate/Http/Request), Object(Closure))
#19 C:/Users/Lenovo/CascadeProjects/gunjannagar-khanepani/vendor/laravel/framework/src/Illuminate/Session/Middleware/StartSession.php(120): Illuminate/Pipeline/Pipeline->Illuminate/Pipeline/{closure}(Object(Illuminate/Http/Request))
#20 C:/Users/Lenovo/CascadeProjects/gunjannagar-khanepani/vendor/laravel/framework/src/Illuminate/Session/Middleware/StartSession.php(63): Illuminate/Session/Middleware/StartSession->handleStatefulRequest(Object(Illuminate/Http/Request), Object(Illuminate/Session/Store), Object(Closure))
#21 C:/Users/Lenovo/CascadeProjects/gunjannagar-khanepani/vendor/laravel/framework/src/Illuminate/Pipeline/Pipeline.php(219): Illuminate/Session/Middleware/StartSession->handle(Object(Illuminate/Http/Request), Object(Closure))
#22 C:/Users/Lenovo/CascadeProjects/gunjannagar-khanepani/vendor/laravel/framework/src/Illuminate/Cookie/Middleware/AddQueuedCookiesToResponse.php(36): Illuminate/Pipeline/Pipeline->Illuminate/Pipeline/{closure}(Object(Illuminate/Http/Request))
#23 C:/Users/Lenovo/CascadeProjects/gunjannagar-khanepani/vendor/laravel/framework/src/Illuminate/Pipeline/Pipeline.php(219): Illuminate/Cookie/Middleware/AddQueuedCookiesToResponse->handle(Object(Illuminate/Http/Request), Object(Closure))
#24 C:/Users/Lenovo/CascadeProjects/gunjannagar-khanepani/vendor/laravel/framework/src/Illuminate/Cookie/Middleware/EncryptCookies.php(74): Illuminate/Pipeline/Pipeline->Illuminate/Pipeline/{closure}(Object(Illuminate/Http/Request))
#25 C:/Users/Lenovo/CascadeProjects/gunjannagar-khanepani/vendor/laravel/framework/src/Illuminate/Pipeline/Pipeline.php(219): Illuminate/Cookie/Middleware/EncryptCookies->handle(Object(Illuminate/Http/Request), Object(Closure))
#26 C:/Users/Lenovo/CascadeProjects/gunjannagar-khanepani/vendor/laravel/framework/src/Illuminate/Pipeline/Pipeline.php(137): Illuminate/Pipeline/Pipeline->Illuminate/Pipeline/{closure}(Object(Illuminate/Http/Request))
#27 C:/Users/Lenovo/CascadeProjects/gunjannagar-khanepani/vendor/laravel/framework/src/Illuminate/Routing/Router.php(821): Illuminate/Pipeline/Pipeline->then(Object(Closure))
#28 C:/Users/Lenovo/CascadeProjects/gunjannagar-khanepani/vendor/laravel/framework/src/Illuminate/Routing/Router.php(800): Illuminate/Routing/Router->runRouteWithinStack(Object(Illuminate/Routing/Route), Object(Illuminate/Http/Request))
#29 C:/Users/Lenovo/CascadeProjects/gunjannagar-khanepani/vendor/laravel/framework/src/Illuminate/Routing/Router.php(764): Illuminate/Routing/Router->runRoute(Object(Illuminate/Http/Request), Object(Illuminate/Routing/Route))
#30 C:/Users/Lenovo/CascadeProjects/gunjannagar-khanepani/vendor/laravel/framework/src/Illuminate/Routing/Router.php(753): Illuminate/Routing/Router->dispatchToRoute(Object(Illuminate/Http/Request))
#31 C:/Users/Lenovo/CascadeProjects/gunjannagar-khanepani/vendor/laravel/framework/src/Illuminate/Foundation/Http/Kernel.php(200): Illuminate/Routing/Router->dispatch(Object(Illuminate/Http/Request))
#32 C:/Users/Lenovo/CascadeProjects/gunjannagar-khanepani/vendor/laravel/framework/src/Illuminate/Pipeline/Pipeline.php(180): Illuminate/Foundation/Http/Kernel->Illuminate/Foundation/Http/{closure}(Object(Illuminate/Http/Request))
#33 C:/Users/Lenovo/CascadeProjects/gunjannagar-khanepani/vendor/laravel/framework/src/Illuminate/Foundation/Http/Middleware/TransformsRequest.php(21): Illuminate/Pipeline/Pipeline->Illuminate/Pipeline/{closure}(Object(Illuminate/Http/Request))
#34 C:/Users/Lenovo/CascadeProjects/gunjannagar-khanepani/vendor/laravel/framework/src/Illuminate/Foundation/Http/Middleware/ConvertEmptyStringsToNull.php(31): Illuminate/Foundation/Http/Middleware/TransformsRequest->handle(Object(Illuminate/Http/Request), Object(Closure))
#35 C:/Users/Lenovo/CascadeProjects/gunjannagar-khanepani/vendor/laravel/framework/src/Illuminate/Pipeline/Pipeline.php(219): Illuminate/Foundation/Http/Middleware/ConvertEmptyStringsToNull->handle(Object(Illuminate/Http/Request), Object(Closure))
#36 C:/Users/Lenovo/CascadeProjects/gunjannagar-khanepani/vendor/laravel/framework/src/Illuminate/Foundation/Http/Middleware/TransformsRequest.php(21): Illuminate/Pipeline/Pipeline->Illuminate/Pipeline/{closure}(Object(Illuminate/Http/Request))
#37 C:/Users/Lenovo/CascadeProjects/gunjannagar-khanepani/vendor/laravel/framework/src/Illuminate/Foundation/Http/Middleware/TrimStrings.php(51): Illuminate/Foundation/Http/Middleware/TransformsRequest->handle(Object(Illuminate/Http/Request), Object(Closure))
#38 C:/Users/Lenovo/CascadeProjects/gunjannagar-khanepani/vendor/laravel/framework/src/Illuminate/Pipeline/Pipeline.php(219): Illuminate/Foundation/Http/Middleware/TrimStrings->handle(Object(Illuminate/Http/Request), Object(Closure))
#39 C:/Users/Lenovo/CascadeProjects/gunjannagar-khanepani/vendor/laravel/framework/src/Illuminate/Http/Middleware/ValidatePostSize.php(27): Illuminate/Pipeline/Pipeline->Illuminate/Pipeline/{closure}(Object(Illuminate/Http/Request))
#40 C:/Users/Lenovo/CascadeProjects/gunjannagar-khanepani/vendor/laravel/framework/src/Illuminate/Pipeline/Pipeline.php(219): Illuminate/Http/Middleware/ValidatePostSize->handle(Object(Illuminate/Http/Request), Object(Closure))
#41 C:/Users/Lenovo/CascadeProjects/gunjannagar-khanepani/vendor/laravel/framework/src/Illuminate/Foundation/Http/Middleware/PreventRequestsDuringMaintenance.php(109): Illuminate/Pipeline/Pipeline->Illuminate/Pipeline/{closure}(Object(Illuminate/Http/Request))
#42 C:/Users/Lenovo/CascadeProjects/gunjannagar-khanepani/vendor/laravel/framework/src/Illuminate/Pipeline/Pipeline.php(219): Illuminate/Foundation/Http/Middleware/PreventRequestsDuringMaintenance->handle(Object(Illuminate/Http/Request), Object(Closure))
#43 C:/Users/Lenovo/CascadeProjects/gunjannagar-khanepani/vendor/laravel/framework/src/Illuminate/Http/Middleware/HandleCors.php(61): Illuminate/Pipeline/Pipeline->Illuminate/Pipeline/{closure}(Object(Illuminate/Http/Request))
#44 C:/Users/Lenovo/CascadeProjects/gunjannagar-khanepani/vendor/laravel/framework/src/Illuminate/Pipeline/Pipeline.php(219): Illuminate/Http/Middleware/HandleCors->handle(Object(Illuminate/Http/Request), Object(Closure))
#45 C:/Users/Lenovo/CascadeProjects/gunjannagar-khanepani/vendor/laravel/framework/src/Illuminate/Http/Middleware/TrustProxies.php(58): Illuminate/Pipeline/Pipeline->Illuminate/Pipeline/{closure}(Object(Illuminate/Http/Request))
#46 C:/Users/Lenovo/CascadeProjects/gunjannagar-khanepani/vendor/laravel/framework/src/Illuminate/Pipeline/Pipeline.php(219): Illuminate/Http/Middleware/TrustProxies->handle(Object(Illuminate/Http/Request), Object(Closure))
#47 C:/Users/Lenovo/CascadeProjects/gunjannagar-khanepani/vendor/laravel/framework/src/Illuminate/Foundation/Http/Middleware/InvokeDeferredCallbacks.php(22): Illuminate/Pipeline/Pipeline->Illuminate/Pipeline/{closure}(Object(Illuminate/Http/Request))
#48 C:/Users/Lenovo/CascadeProjects/gunjannagar-khanepani/vendor/laravel/framework/src/Illuminate/Pipeline/Pipeline.php(219): Illuminate/Foundation/Http/Middleware/InvokeDeferredCallbacks->handle(Object(Illuminate/Http/Request), Object(Closure))
#49 C:/Users/Lenovo/CascadeProjects/gunjannagar-khanepani/vendor/laravel/framework/src/Illuminate/Http/Middleware/ValidatePathEncoding.php(26): Illuminate/Pipeline/Pipeline->Illuminate/Pipeline/{closure}(Object(Illuminate/Http/Request))
#50 C:/Users/Lenovo/CascadeProjects/gunjannagar-khanepani/vendor/laravel/framework/src/Illuminate/Pipeline/Pipeline.php(219): Illuminate/Http/Middleware/ValidatePathEncoding->handle(Object(Illuminate/Http/Request), Object(Closure))
#51 C:/Users/Lenovo/CascadeProjects/gunjannagar-khanepani/vendor/laravel/framework/src/Illuminate/Pipeline/Pipeline.php(137): Illuminate/Pipeline/Pipeline->Illuminate/Pipeline/{closure}(Object(Illuminate/Http/Request))
#52 C:/Users/Lenovo/CascadeProjects/gunjannagar-khanepani/vendor/laravel/framework/src/Illuminate/Foundation/Http/Kernel.php(175): Illuminate/Pipeline/Pipeline->then(Object(Closure))
#53 C:/Users/Lenovo/CascadeProjects/gunjannagar-khanepani/vendor/laravel/framework/src/Illuminate/Foundation/Http/Kernel.php(144): Illuminate/Foundation/Http/Kernel->sendRequestThroughRouter(Object(Illuminate/Http/Request))
#54 C:/Users/Lenovo/CascadeProjects/gunjannagar-khanepani/public/index.php(17): Illuminate/Foundation/Http/Kernel->handle(Object(Illuminate/Http/Request))
#55 C:/Users/Lenovo/CascadeProjects/gunjannagar-khanepani/vendor/laravel/framework/src/Illuminate/Foundation/resources/server.php(23): require_once('C://Users//Lenovo...')
#56 {main}

[previous exception] [object] (Error(code: 0): Class \"Str\" not found at C:/Users/Lenovo/CascadeProjects/gunjannagar-khanepani/storage/framework/views/0c824db939ec43fbd2d4a360e940a452.php:80)
[stacktrace]
#0 C:/Users/Lenovo/CascadeProjects/gunjannagar-khanepani/vendor/laravel/framework/src/Illuminate/Filesystem/Filesystem.php(123): require()
#1 C:/Users/Lenovo/CascadeProjects/gunjannagar-khanepani/vendor/laravel/framework/src/Illuminate/Filesystem/Filesystem.php(124): Illuminate/Filesystem/Filesystem::Illuminate/Filesystem/{closure}()
#2 C:/Users/Lenovo/CascadeProjects/gunjannagar-khanepani/vendor/laravel/framework/src/Illuminate/View/Engines/PhpEngine.php(57): Illuminate/Filesystem/Filesystem->getRequire('C://Users//Lenovo...', Array)
#3 C:/Users/Lenovo/CascadeProjects/gunjannagar-khanepani/vendor/laravel/framework/src/Illuminate/View/Engines/CompilerEngine.php(76): Illuminate/View/Engines/PhpEngine->evaluatePath('C://Users//Lenovo...', Array)
#4 C:/Users/Lenovo/CascadeProjects/gunjannagar-khanepani/vendor/laravel/framework/src/Illuminate/View/View.php(208): Illuminate/View/Engines/CompilerEngine->get('C://Users//Lenovo...', Array)
#5 C:/Users/Lenovo/CascadeProjects/gunjannagar-khanepani/vendor/laravel/framework/src/Illuminate/View/View.php(191): Illuminate/View/View->getContents()
#6 C:/Users/Lenovo/CascadeProjects/gunjannagar-khanepani/vendor/laravel/framework/src/Illuminate/View/View.php(160): Illuminate/View/View->renderContents()
#7 C:/Users/Lenovo/CascadeProjects/gunjannagar-khanepani/vendor/laravel/framework/src/Illuminate/Http/Response.php(78): Illuminate/View/View->render()
#8 C:/Users/Lenovo/CascadeProjects/gunjannagar-khanepani/vendor/laravel/framework/src/Illuminate/Http/Response.php(34): Illuminate/Http/Response->setContent(Object(Illuminate/View/View))
#9 C:/Users/Lenovo/CascadeProjects/gunjannagar-khanepani/vendor/laravel/framework/src/Illuminate/Routing/Router.php(939): Illuminate/Http/Response->__construct(Object(Illuminate/View/View), 200, Array)
#10 C:/Users/Lenovo/CascadeProjects/gunjannagar-khanepani/vendor/laravel/framework/src/Illuminate/Routing/Router.php(906): Illuminate/Routing/Router::toResponse(Object(Illuminate/Http/Request), Object(Illuminate/View/View))
#11 C:/Users/Lenovo/CascadeProjects/gunjannagar-khanepani/vendor/laravel/framework/src/Illuminate/Routing/Router.php(821): Illuminate/Routing/Router->prepareResponse(Object(Illuminate/Http/Request), Object(Illuminate/View/View))
#12 C:/Users/Lenovo/CascadeProjects/gunjannagar-khanepani/vendor/laravel/framework/src/Illuminate/Pipeline/Pipeline.php(180): Illuminate/Routing/Router->Illuminate/Routing/{closure}(Object(Illuminate/Http/Request))
#13 C:/Users/Lenovo/CascadeProjects/gunjannagar-khanepani/vendor/laravel/framework/src/Illuminate/Routing/Middleware/SubstituteBindings.php(50): Illuminate/Pipeline/Pipeline->Illuminate/Pipeline/{closure}(Object(Illuminate/Http/Request))
#14 C:/Users/Lenovo/CascadeProjects/gunjannagar-khanepani/vendor/laravel/framework/src/Illuminate/Pipeline/Pipeline.php(219): Illuminate/Routing/Middleware/SubstituteBindings->handle(Object(Illuminate/Http/Request), Object(Closure))
#15 C:/Users/Lenovo/CascadeProjects/gunjannagar-khanepani/vendor/laravel/framework/src/Illuminate/Foundation/Http/Middleware/VerifyCsrfToken.php(87): Illuminate/Pipeline/Pipeline->Illuminate/Pipeline/{closure}(Object(Illuminate/Http/Request))
#16 C:/Users/Lenovo/CascadeProjects/gunjannagar-khanepani/vendor/laravel/framework/src/Illuminate/Pipeline/Pipeline.php(219): Illuminate/Foundation/Http/Middleware/VerifyCsrfToken->handle(Object(Illuminate/Http/Request), Object(Closure))
#17 C:/Users/Lenovo/CascadeProjects/gunjannagar-khanepani/vendor/laravel/framework/src/Illuminate/View/Middleware/ShareErrorsFromSession.php(48): Illuminate/Pipeline/Pipeline->Illuminate/Pipeline/{closure}(Object(Illuminate/Http/Request))
#18 C:/Users/Lenovo/CascadeProjects/gunjannagar-khanepani/vendor/laravel/framework/src/Illuminate/Pipeline/Pipeline.php(219): Illuminate/View/Middleware/ShareErrorsFromSession->handle(Object(Illuminate/Http/Request), Object(Closure))
#19 C:/Users/Lenovo/CascadeProjects/gunjannagar-khanepani/vendor/laravel/framework/src/Illuminate/Session/Middleware/StartSession.php(120): Illuminate/Pipeline/Pipeline->Illuminate/Pipeline/{closure}(Object(Illuminate/Http/Request))
#20 C:/Users/Lenovo/CascadeProjects/gunjannagar-khanepani/vendor/laravel/framework/src/Illuminate/Session/Middleware/StartSession.php(63): Illuminate/Session/Middleware/StartSession->handleStatefulRequest(Object(Illuminate/Http/Request), Object(Illuminate/Session/Store), Object(Closure))
#21 C:/Users/Lenovo/CascadeProjects/gunjannagar-khanepani/vendor/laravel/framework/src/Illuminate/Pipeline/Pipeline.php(219): Illuminate/Session/Middleware/StartSession->handle(Object(Illuminate/Http/Request), Object(Closure))
#22 C:/Users/Lenovo/CascadeProjects/gunjannagar-khanepani/vendor/laravel/framework/src/Illuminate/Cookie/Middleware/AddQueuedCookiesToResponse.php(36): Illuminate/Pipeline/Pipeline->Illuminate/Pipeline/{closure}(Object(Illuminate/Http/Request))
#23 C:/Users/Lenovo/CascadeProjects/gunjannagar-khanepani/vendor/laravel/framework/src/Illuminate/Pipeline/Pipeline.php(219): Illuminate/Cookie/Middleware/AddQueuedCookiesToResponse->handle(Object(Illuminate/Http/Request), Object(Closure))
#24 C:/Users/Lenovo/CascadeProjects/gunjannagar-khanepani/vendor/laravel/framework/src/Illuminate/Cookie/Middleware/EncryptCookies.php(74): Illuminate/Pipeline/Pipeline->Illuminate/Pipeline/{closure}(Object(Illuminate/Http/Request))
#25 C:/Users/Lenovo/CascadeProjects/gunjannagar-khanepani/vendor/laravel/framework/src/Illuminate/Pipeline/Pipeline.php(219): Illuminate/Cookie/Middleware/EncryptCookies->handle(Object(Illuminate/Http/Request), Object(Closure))
#26 C:/Users/Lenovo/CascadeProjects/gunjannagar-khanepani/vendor/laravel/framework/src/Illuminate/Pipeline/Pipeline.php(137): Illuminate/Pipeline/Pipeline->Illuminate/Pipeline/{closure}(Object(Illuminate/Http/Request))
#27 C:/Users/Lenovo/CascadeProjects/gunjannagar-khanepani/vendor/laravel/framework/src/Illuminate/Routing/Router.php(821): Illuminate/Pipeline/Pipeline->then(Object(Closure))
#28 C:/Users/Lenovo/CascadeProjects/gunjannagar-khanepani/vendor/laravel/framework/src/Illuminate/Routing/Router.php(800): Illuminate/Routing/Router->runRouteWithinStack(Object(Illuminate/Routing/Route), Object(Illuminate/Http/Request))
#29 C:/Users/Lenovo/CascadeProjects/gunjannagar-khanepani/vendor/laravel/framework/src/Illuminate/Routing/Router.php(764): Illuminate/Routing/Router->runRoute(Object(Illuminate/Http/Request), Object(Illuminate/Routing/Route))
#30 C:/Users/Lenovo/CascadeProjects/gunjannagar-khanepani/vendor/laravel/framework/src/Illuminate/Routing/Router.php(753): Illuminate/Routing/Router->dispatchToRoute(Object(Illuminate/Http/Request))
#31 C:/Users/Lenovo/CascadeProjects/gunjannagar-khanepani/vendor/laravel/framework/src/Illuminate/Foundation/Http/Kernel.php(200): Illuminate/Routing/Router->dispatch(Object(Illuminate/Http/Request))
#32 C:/Users/Lenovo/CascadeProjects/gunjannagar-khanepani/vendor/laravel/framework/src/Illuminate/Pipeline/Pipeline.php(180): Illuminate/Foundation/Http/Kernel->Illuminate/Foundation/Http/{closure}(Object(Illuminate/Http/Request))
#33 C:/Users/Lenovo/CascadeProjects/gunjannagar-khanepani/vendor/laravel/framework/src/Illuminate/Foundation/Http/Middleware/TransformsRequest.php(21): Illuminate/Pipeline/Pipeline->Illuminate/Pipeline/{closure}(Object(Illuminate/Http/Request))
#34 C:/Users/Lenovo/CascadeProjects/gunjannagar-khanepani/vendor/laravel/framework/src/Illuminate/Foundation/Http/Middleware/ConvertEmptyStringsToNull.php(31): Illuminate/Foundation/Http/Middleware/TransformsRequest->handle(Object(Illuminate/Http/Request), Object(Closure))
#35 C:/Users/Lenovo/CascadeProjects/gunjannagar-khanepani/vendor/laravel/framework/src/Illuminate/Pipeline/Pipeline.php(219): Illuminate/Foundation/Http/Middleware/ConvertEmptyStringsToNull->handle(Object(Illuminate/Http/Request), Object(Closure))
#36 C:/Users/Lenovo/CascadeProjects/gunjannagar-khanepani/vendor/laravel/framework/src/Illuminate/Foundation/Http/Middleware/TransformsRequest.php(21): Illuminate/Pipeline/Pipeline->Illuminate/Pipeline/{closure}(Object(Illuminate/Http/Request))
#37 C:/Users/Lenovo/CascadeProjects/gunjannagar-khanepani/vendor/laravel/framework/src/Illuminate/Foundation/Http/Middleware/TrimStrings.php(51): Illuminate/Foundation/Http/Middleware/TransformsRequest->handle(Object(Illuminate/Http/Request), Object(Closure))
#38 C:/Users/Lenovo/CascadeProjects/gunjannagar-khanepani/vendor/laravel/framework/src/Illuminate/Pipeline/Pipeline.php(219): Illuminate/Foundation/Http/Middleware/TrimStrings->handle(Object(Illuminate/Http/Request), Object(Closure))
#39 C:/Users/Lenovo/CascadeProjects/gunjannagar-khanepani/vendor/laravel/framework/src/Illuminate/Http/Middleware/ValidatePostSize.php(27): Illuminate/Pipeline/Pipeline->Illuminate/Pipeline/{closure}(Object(Illuminate/Http/Request))
#40 C:/Users/Lenovo/CascadeProjects/gunjannagar-khanepani/vendor/laravel/framework/src/Illuminate/Pipeline/Pipeline.php(219): Illuminate/Http/Middleware/ValidatePostSize->handle(Object(Illuminate/Http/Request), Object(Closure))
#41 C:/Users/Lenovo/CascadeProjects/gunjannagar-khanepani/vendor/laravel/framework/src/Illuminate/Foundation/Http/Middleware/PreventRequestsDuringMaintenance.php(109): Illuminate/Pipeline/Pipeline->Illuminate/Pipeline/{closure}(Object(Illuminate/Http/Request))
#42 C:/Users/Lenovo/CascadeProjects/gunjannagar-khanepani/vendor/laravel/framework/src/Illuminate/Pipeline/Pipeline.php(219): Illuminate/Foundation/Http/Middleware/PreventRequestsDuringMaintenance->handle(Object(Illuminate/Http/Request), Object(Closure))
#43 C:/Users/Lenovo/CascadeProjects/gunjannagar-khanepani/vendor/laravel/framework/src/Illuminate/Http/Middleware/HandleCors.php(61): Illuminate/Pipeline/Pipeline->Illuminate/Pipeline/{closure}(Object(Illuminate/Http/Request))
#44 C:/Users/Lenovo/CascadeProjects/gunjannagar-khanepani/vendor/laravel/framework/src/Illuminate/Pipeline/Pipeline.php(219): Illuminate/Http/Middleware/HandleCors->handle(Object(Illuminate/Http/Request), Object(Closure))
#45 C:/Users/Lenovo/CascadeProjects/gunjannagar-khanepani/vendor/laravel/framework/src/Illuminate/Http/Middleware/TrustProxies.php(58): Illuminate/Pipeline/Pipeline->Illuminate/Pipeline/{closure}(Object(Illuminate/Http/Request))
#46 C:/Users/Lenovo/CascadeProjects/gunjannagar-khanepani/vendor/laravel/framework/src/Illuminate/Pipeline/Pipeline.php(219): Illuminate/Http/Middleware/TrustProxies->handle(Object(Illuminate/Http/Request), Object(Closure))
#47 C:/Users/Lenovo/CascadeProjects/gunjannagar-khanepani/vendor/laravel/framework/src/Illuminate/Foundation/Http/Middleware/InvokeDeferredCallbacks.php(22): Illuminate/Pipeline/Pipeline->Illuminate/Pipeline/{closure}(Object(Illuminate/Http/Request))
#48 C:/Users/Lenovo/CascadeProjects/gunjannagar-khanepani/vendor/laravel/framework/src/Illuminate/Pipeline/Pipeline.php(219): Illuminate/Foundation/Http/Middleware/InvokeDeferredCallbacks->handle(Object(Illuminate/Http/Request), Object(Closure))
#49 C:/Users/Lenovo/CascadeProjects/gunjannagar-khanepani/vendor/laravel/framework/src/Illuminate/Http/Middleware/ValidatePathEncoding.php(26): Illuminate/Pipeline/Pipeline->Illuminate/Pipeline/{closure}(Object(Illuminate/Http/Request))
#50 C:/Users/Lenovo/CascadeProjects/gunjannagar-khanepani/vendor/laravel/framework/src/Illuminate/Pipeline/Pipeline.php(219): Illuminate/Http/Middleware/ValidatePathEncoding->handle(Object(Illuminate/Http/Request), Object(Closure))
#51 C:/Users/Lenovo/CascadeProjects/gunjannagar-khanepani/vendor/laravel/framework/src/Illuminate/Pipeline/Pipeline.php(137): Illuminate/Pipeline/Pipeline->Illuminate/Pipeline/{closure}(Object(Illuminate/Http/Request))
#52 C:/Users/Lenovo/CascadeProjects/gunjannagar-khanepani/vendor/laravel/framework/src/Illuminate/Foundation/Http/Kernel.php(175): Illuminate/Pipeline/Pipeline->then(Object(Closure))
#53 C:/Users/Lenovo/CascadeProjects/gunjannagar-khanepani/vendor/laravel/framework/src/Illuminate/Foundation/Http/Kernel.php(144): Illuminate/Foundation/Http/Kernel->sendRequestThroughRouter(Object(Illuminate/Http/Request))
#54 C:/Users/Lenovo/CascadeProjects/gunjannagar-khanepani/public/index.php(17): Illuminate/Foundation/Http/Kernel->handle(Object(Illuminate/Http/Request))
#55 C:/Users/Lenovo/CascadeProjects/gunjannagar-khanepani/vendor/laravel/framework/src/Illuminate/Foundation/resources/server.php(23): require_once('C://Users//Lenovo...')
#56 {main}
"} 
[2026-08-15 11:33:03] local.ERROR: Route [news.show] not defined. {"exception":"[object] (Spatie\\LaravelIgnition\\Exceptions\\ViewException(code: 0): Route [news.show] not defined. at C:/Users/Lenovo/CascadeProjects/gunjannagar-khanepani/vendor/laravel/framework/src/Illuminate/Routing/UrlGenerator.php:536)
[stacktrace]
#0 C:/Users/Lenovo/CascadeProjects/gunjannagar-khanepani/vendor/laravel/framework/src/Illuminate/Foundation/helpers.php(870): Illuminate/Routing/UrlGenerator->route('news.show', 'new-water-tank-...', true)
#1 C:/Users/Lenovo/CascadeProjects/gunjannagar-khanepani/resources/views/home.blade.php(141): route('news.show', 'new-water-tank-...')
#2 C:/Users/Lenovo/CascadeProjects/gunjannagar-khanepani/vendor/laravel/framework/src/Illuminate/Filesystem/Filesystem.php(123): require('C://Users//Lenovo...')
#3 C:/Users/Lenovo/CascadeProjects/gunjannagar-khanepani/vendor/laravel/framework/src/Illuminate/Filesystem/Filesystem.php(124): Illuminate/Filesystem/Filesystem::Illuminate/Filesystem/{closure}()
#4 C:/Users/Lenovo/CascadeProjects/gunjannagar-khanepani/vendor/laravel/framework/src/Illuminate/View/Engines/PhpEngine.php(57): Illuminate/Filesystem/Filesystem->getRequire('C://Users//Lenovo...', Array)
#5 C:/Users/Lenovo/CascadeProjects/gunjannagar-khanepani/vendor/laravel/framework/src/Illuminate/View/Engines/CompilerEngine.php(76): Illuminate/View/Engines/PhpEngine->evaluatePath('C://Users//Lenovo...', Array)
#6 C:/Users/Lenovo/CascadeProjects/gunjannagar-khanepani/vendor/laravel/framework/src/Illuminate/View/View.php(208): Illuminate/View/Engines/CompilerEngine->get('C://Users//Lenovo...', Array)
#7 C:/Users/Lenovo/CascadeProjects/gunjannagar-khanepani/vendor/laravel/framework/src/Illuminate/View/View.php(191): Illuminate/View/View->getContents()
#8 C:/Users/Lenovo/CascadeProjects/gunjannagar-khanepani/vendor/laravel/framework/src/Illuminate/View/View.php(160): Illuminate/View/View->renderContents()
#9 C:/Users/Lenovo/CascadeProjects/gunjannagar-khanepani/vendor/laravel/framework/src/Illuminate/Http/Response.php(78): Illuminate/View/View->render()
#10 C:/Users/Lenovo/CascadeProjects/gunjannagar-khanepani/vendor/laravel/framework/src/Illuminate/Http/Response.php(34): Illuminate/Http/Response->setContent(Object(Illuminate/View/View))
#11 C:/Users/Lenovo/CascadeProjects/gunjannagar-khanepani/vendor/laravel/framework/src/Illuminate/Routing/Router.php(939): Illuminate/Http/Response->__construct(Object(Illuminate/View/View), 200, Array)
#12 C:/Users/Lenovo/CascadeProjects/gunjannagar-khanepani/vendor/laravel/framework/src/Illuminate/Routing/Router.php(906): Illuminate/Routing/Router::toResponse(Object(Illuminate/Http/Request), Object(Illuminate/View/View))
#13 C:/Users/Lenovo/CascadeProjects/gunjannagar-khanepani/vendor/laravel/framework/src/Illuminate/Routing/Router.php(821): Illuminate/Routing/Router->prepareResponse(Object(Illuminate/Http/Request), Object(Illuminate/View/View))
#14 C:/Users/Lenovo/CascadeProjects/gunjannagar-khanepani/vendor/laravel/framework/src/Illuminate/Pipeline/Pipeline.php(180): Illuminate/Routing/Router->Illuminate/Routing/{closure}(Object(Illuminate/Http/Request))
#15 C:/Users/Lenovo/CascadeProjects/gunjannagar-khanepani/vendor/laravel/framework/src/Illuminate/Routing/Middleware/SubstituteBindings.php(50): Illuminate/Pipeline/Pipeline->Illuminate/Pipeline/{closure}(Object(Illuminate/Http/Request))
#16 C:/Users/Lenovo/CascadeProjects/gunjannagar-khanepani/vendor/laravel/framework/src/Illuminate/Pipeline/Pipeline.php(219): Illuminate/Routing/Middleware/SubstituteBindings->handle(Object(Illuminate/Http/Request), Object(Closure))
#17 C:/Users/Lenovo/CascadeProjects/gunjannagar-khanepani/vendor/laravel/framework/src/Illuminate/Foundation/Http/Middleware/VerifyCsrfToken.php(87): Illuminate/Pipeline/Pipeline->Illuminate/Pipeline/{closure}(Object(Illuminate/Http/Request))
#18 C:/Users/Lenovo/CascadeProjects/gunjannagar-khanepani/vendor/laravel/framework/src/Illuminate/Pipeline/Pipeline.php(219): Illuminate/Foundation/Http/Middleware/VerifyCsrfToken->handle(Object(Illuminate/Http/Request), Object(Closure))
#19 C:/Users/Lenovo/CascadeProjects/gunjannagar-khanepani/vendor/laravel/framework/src/Illuminate/View/Middleware/ShareErrorsFromSession.php(48): Illuminate/Pipeline/Pipeline->Illuminate/Pipeline/{closure}(Object(Illuminate/Http/Request))
#20 C:/Users/Lenovo/CascadeProjects/gunjannagar-khanepani/vendor/laravel/framework/src/Illuminate/Pipeline/Pipeline.php(219): Illuminate/View/Middleware/ShareErrorsFromSession->handle(Object(Illuminate/Http/Request), Object(Closure))
#21 C:/Users/Lenovo/CascadeProjects/gunjannagar-khanepani/vendor/laravel/framework/src/Illuminate/Session/Middleware/StartSession.php(120): Illuminate/Pipeline/Pipeline->Illuminate/Pipeline/{closure}(Object(Illuminate/Http/Request))
#22 C:/Users/Lenovo/CascadeProjects/gunjannagar-khanepani/vendor/laravel/framework/src/Illuminate/Session/Middleware/StartSession.php(63): Illuminate/Session/Middleware/StartSession->handleStatefulRequest(Object(Illuminate/Http/Request), Object(Illuminate/Session/Store), Object(Closure))
#23 C:/Users/Lenovo/CascadeProjects/gunjannagar-khanepani/vendor/laravel/framework/src/Illuminate/Pipeline/Pipeline.php(219): Illuminate/Session/Middleware/StartSession->handle(Object(Illuminate/Http/Request), Object(Closure))
#24 C:/Users/Lenovo/CascadeProjects/gunjannagar-khanepani/vendor/laravel/framework/src/Illuminate/Cookie/Middleware/AddQueuedCookiesToResponse.php(36): Illuminate/Pipeline/Pipeline->Illuminate/Pipeline/{closure}(Object(Illuminate/Http/Request))
#25 C:/Users/Lenovo/CascadeProjects/gunjannagar-khanepani/vendor/laravel/framework/src/Illuminate/Pipeline/Pipeline.php(219): Illuminate/Cookie/Middleware/AddQueuedCookiesToResponse->handle(Object(Illuminate/Http/Request), Object(Closure))
#26 C:/Users/Lenovo/CascadeProjects/gunjannagar-khanepani/vendor/laravel/framework/src/Illuminate/Cookie/Middleware/EncryptCookies.php(74): Illuminate/Pipeline/Pipeline->Illuminate/Pipeline/{closure}(Object(Illuminate/Http/Request))
#27 C:/Users/Lenovo/CascadeProjects/gunjannagar-khanepani/vendor/laravel/framework/src/Illuminate/Pipeline/Pipeline.php(219): Illuminate/Cookie/Middleware/EncryptCookies->handle(Object(Illuminate/Http/Request), Object(Closure))
#28 C:/Users/Lenovo/CascadeProjects/gunjannagar-khanepani/vendor/laravel/framework/src/Illuminate/Pipeline/Pipeline.php(137): Illuminate/Pipeline/Pipeline->Illuminate/Pipeline/{closure}(Object(Illuminate/Http/Request))
#29 C:/Users/Lenovo/CascadeProjects/gunjannagar-khanepani/vendor/laravel/framework/src/Illuminate/Routing/Router.php(821): Illuminate/Pipeline/Pipeline->then(Object(Closure))
#30 C:/Users/Lenovo/CascadeProjects/gunjannagar-khanepani/vendor/laravel/framework/src/Illuminate/Routing/Router.php(800): Illuminate/Routing/Router->runRouteWithinStack(Object(Illuminate/Routing/Route), Object(Illuminate/Http/Request))
#31 C:/Users/Lenovo/CascadeProjects/gunjannagar-khanepani/vendor/laravel/framework/src/Illuminate/Routing/Router.php(764): Illuminate/Routing/Router->runRoute(Object(Illuminate/Http/Request), Object(Illuminate/Routing/Route))
#32 C:/Users/Lenovo/CascadeProjects/gunjannagar-khanepani/vendor/laravel/framework/src/Illuminate/Routing/Router.php(753): Illuminate/Routing/Router->dispatchToRoute(Object(Illuminate/Http/Request))
#33 C:/Users/Lenovo/CascadeProjects/gunjannagar-khanepani/vendor/laravel/framework/src/Illuminate/Foundation/Http/Kernel.php(200): Illuminate/Routing/Router->dispatch(Object(Illuminate/Http/Request))
#34 C:/Users/Lenovo/CascadeProjects/gunjannagar-khanepani/vendor/laravel/framework/src/Illuminate/Pipeline/Pipeline.php(180): Illuminate/Foundation/Http/Kernel->Illuminate/Foundation/Http/{closure}(Object(Illuminate/Http/Request))
#35 C:/Users/Lenovo/CascadeProjects/gunjannagar-khanepani/vendor/laravel/framework/src/Illuminate/Foundation/Http/Middleware/TransformsRequest.php(21): Illuminate/Pipeline/Pipeline->Illuminate/Pipeline/{closure}(Object(Illuminate/Http/Request))
#36 C:/Users/Lenovo/CascadeProjects/gunjannagar-khanepani/vendor/laravel/framework/src/Illuminate/Foundation/Http/Middleware/ConvertEmptyStringsToNull.php(31): Illuminate/Foundation/Http/Middleware/TransformsRequest->handle(Object(Illuminate/Http/Request), Object(Closure))
#37 C:/Users/Lenovo/CascadeProjects/gunjannagar-khanepani/vendor/laravel/framework/src/Illuminate/Pipeline/Pipeline.php(219): Illuminate/Foundation/Http/Middleware/ConvertEmptyStringsToNull->handle(Object(Illuminate/Http/Request), Object(Closure))
#38 C:/Users/Lenovo/CascadeProjects/gunjannagar-khanepani/vendor/laravel/framework/src/Illuminate/Foundation/Http/Middleware/TransformsRequest.php(21): Illuminate/Pipeline/Pipeline->Illuminate/Pipeline/{closure}(Object(Illuminate/Http/Request))
#39 C:/Users/Lenovo/CascadeProjects/gunjannagar-khanepani/vendor/laravel/framework/src/Illuminate/Foundation/Http/Middleware/TrimStrings.php(51): Illuminate/Foundation/Http/Middleware/TransformsRequest->handle(Object(Illuminate/Http/Request), Object(Closure))
#40 C:/Users/Lenovo/CascadeProjects/gunjannagar-khanepani/vendor/laravel/framework/src/Illuminate/Pipeline/Pipeline.php(219): Illuminate/Foundation/Http/Middleware/TrimStrings->handle(Object(Illuminate/Http/Request), Object(Closure))
#41 C:/Users/Lenovo/CascadeProjects/gunjannagar-khanepani/vendor/laravel/framework/src/Illuminate/Http/Middleware/ValidatePostSize.php(27): Illuminate/Pipeline/Pipeline->Illuminate/Pipeline/{closure}(Object(Illuminate/Http/Request))
#42 C:/Users/Lenovo/CascadeProjects/gunjannagar-khanepani/vendor/laravel/framework/src/Illuminate/Pipeline/Pipeline.php(219): Illuminate/Http/Middleware/ValidatePostSize->handle(Object(Illuminate/Http/Request), Object(Closure))
#43 C:/Users/Lenovo/CascadeProjects/gunjannagar-khanepani/vendor/laravel/framework/src/Illuminate/Foundation/Http/Middleware/PreventRequestsDuringMaintenance.php(109): Illuminate/Pipeline/Pipeline->Illuminate/Pipeline/{closure}(Object(Illuminate/Http/Request))
#44 C:/Users/Lenovo/CascadeProjects/gunjannagar-khanepani/vendor/laravel/framework/src/Illuminate/Pipeline/Pipeline.php(219): Illuminate/Foundation/Http/Middleware/PreventRequestsDuringMaintenance->handle(Object(Illuminate/Http/Request), Object(Closure))
#45 C:/Users/Lenovo/CascadeProjects/gunjannagar-khanepani/vendor/laravel/framework/src/Illuminate/Http/Middleware/HandleCors.php(61): Illuminate/Pipeline/Pipeline->Illuminate/Pipeline/{closure}(Object(Illuminate/Http/Request))
#46 C:/Users/Lenovo/CascadeProjects/gunjannagar-khanepani/vendor/laravel/framework/src/Illuminate/Pipeline/Pipeline.php(219): Illuminate/Http/Middleware/HandleCors->handle(Object(Illuminate/Http/Request), Object(Closure))
#47 C:/Users/Lenovo/CascadeProjects/gunjannagar-khanepani/vendor/laravel/framework/src/Illuminate/Http/Middleware/TrustProxies.php(58): Illuminate/Pipeline/Pipeline->Illuminate/Pipeline/{closure}(Object(Illuminate/Http/Request))
#48 C:/Users/Lenovo/CascadeProjects/gunjannagar-khanepani/vendor/laravel/framework/src/Illuminate/Pipeline/Pipeline.php(219): Illuminate/Http/Middleware/TrustProxies->handle(Object(Illuminate/Http/Request), Object(Closure))
#49 C:/Users/Lenovo/CascadeProjects/gunjannagar-khanepani/vendor/laravel/framework/src/Illuminate/Foundation/Http/Middleware/InvokeDeferredCallbacks.php(22): Illuminate/Pipeline/Pipeline->Illuminate/Pipeline/{closure}(Object(Illuminate/Http/Request))
#50 C:/Users/Lenovo/CascadeProjects/gunjannagar-khanepani/vendor/laravel/framework/src/Illuminate/Pipeline/Pipeline.php(219): Illuminate/Foundation/Http/Middleware/InvokeDeferredCallbacks->handle(Object(Illuminate/Http/Request), Object(Closure))
#51 C:/Users/Lenovo/CascadeProjects/gunjannagar-khanepani/vendor/laravel/framework/src/Illuminate/Http/Middleware/ValidatePathEncoding.php(26): Illuminate/Pipeline/Pipeline->Illuminate/Pipeline/{closure}(Object(Illuminate/Http/Request))
#52 C:/Users/Lenovo/CascadeProjects/gunjannagar-khanepani/vendor/laravel/framework/src/Illuminate/Pipeline/Pipeline.php(219): Illuminate/Http/Middleware/ValidatePathEncoding->handle(Object(Illuminate/Http/Request), Object(Closure))
#53 C:/Users/Lenovo/CascadeProjects/gunjannagar-khanepani/vendor/laravel/framework/src/Illuminate/Pipeline/Pipeline.php(137): Illuminate/Pipeline/Pipeline->Illuminate/Pipeline/{closure}(Object(Illuminate/Http/Request))
#54 C:/Users/Lenovo/CascadeProjects/gunjannagar-khanepani/vendor/laravel/framework/src/Illuminate/Foundation/Http/Kernel.php(175): Illuminate/Pipeline/Pipeline->then(Object(Closure))
#55 C:/Users/Lenovo/CascadeProjects/gunjannagar-khanepani/vendor/laravel/framework/src/Illuminate/Foundation/Http/Kernel.php(144): Illuminate/Foundation/Http/Kernel->sendRequestThroughRouter(Object(Illuminate/Http/Request))
#56 C:/Users/Lenovo/CascadeProjects/gunjannagar-khanepani/public/index.php(17): Illuminate/Foundation/Http/Kernel->handle(Object(Illuminate/Http/Request))
#57 C:/Users/Lenovo/CascadeProjects/gunjannagar-khanepani/vendor/laravel/framework/src/Illuminate/Foundation/resources/server.php(23): require_once('C://Users//Lenovo...')
#58 {main}

[previous exception] [object] (Symfony\\Component\\Routing\\Exception\\RouteNotFoundException(code: 0): Route [news.show] not defined. at C:/Users/Lenovo/CascadeProjects/gunjannagar-khanepani/vendor/laravel/framework/src/Illuminate/Routing/UrlGenerator.php:536)
[stacktrace]
#0 C:/Users/Lenovo/CascadeProjects/gunjannagar-khanepani/vendor/laravel/framework/src/Illuminate/Foundation/helpers.php(870): Illuminate/Routing/UrlGenerator->route('news.show', 'new-water-tank-...', true)
#1 C:/Users/Lenovo/CascadeProjects/gunjannagar-khanepani/storage/framework/views/0c824db939ec43fbd2d4a360e940a452.php(140): route('news.show', 'new-water-tank-...')
#2 C:/Users/Lenovo/CascadeProjects/gunjannagar-khanepani/vendor/laravel/framework/src/Illuminate/Filesystem/Filesystem.php(123): require('C://Users//Lenovo...')
#3 C:/Users/Lenovo/CascadeProjects/gunjannagar-khanepani/vendor/laravel/framework/src/Illuminate/Filesystem/Filesystem.php(124): Illuminate/Filesystem/Filesystem::Illuminate/Filesystem/{closure}()
#4 C:/Users/Lenovo/CascadeProjects/gunjannagar-khanepani/vendor/laravel/framework/src/Illuminate/View/Engines/PhpEngine.php(57): Illuminate/Filesystem/Filesystem->getRequire('C://Users//Lenovo...', Array)
#5 C:/Users/Lenovo/CascadeProjects/gunjannagar-khanepani/vendor/laravel/framework/src/Illuminate/View/Engines/CompilerEngine.php(76): Illuminate/View/Engines/PhpEngine->evaluatePath('C://Users//Lenovo...', Array)
#6 C:/Users/Lenovo/CascadeProjects/gunjannagar-khanepani/vendor/laravel/framework/src/Illuminate/View/View.php(208): Illuminate/View/Engines/CompilerEngine->get('C://Users//Lenovo...', Array)
#7 C:/Users/Lenovo/CascadeProjects/gunjannagar-khanepani/vendor/laravel/framework/src/Illuminate/View/View.php(191): Illuminate/View/View->getContents()
#8 C:/Users/Lenovo/CascadeProjects/gunjannagar-khanepani/vendor/laravel/framework/src/Illuminate/View/View.php(160): Illuminate/View/View->renderContents()
#9 C:/Users/Lenovo/CascadeProjects/gunjannagar-khanepani/vendor/laravel/framework/src/Illuminate/Http/Response.php(78): Illuminate/View/View->render()
#10 C:/Users/Lenovo/CascadeProjects/gunjannagar-khanepani/vendor/laravel/framework/src/Illuminate/Http/Response.php(34): Illuminate/Http/Response->setContent(Object(Illuminate/View/View))
#11 C:/Users/Lenovo/CascadeProjects/gunjannagar-khanepani/vendor/laravel/framework/src/Illuminate/Routing/Router.php(939): Illuminate/Http/Response->__construct(Object(Illuminate/View/View), 200, Array)
#12 C:/Users/Lenovo/CascadeProjects/gunjannagar-khanepani/vendor/laravel/framework/src/Illuminate/Routing/Router.php(906): Illuminate/Routing/Router::toResponse(Object(Illuminate/Http/Request), Object(Illuminate/View/View))
#13 C:/Users/Lenovo/CascadeProjects/gunjannagar-khanepani/vendor/laravel/framework/src/Illuminate/Routing/Router.php(821): Illuminate/Routing/Router->prepareResponse(Object(Illuminate/Http/Request), Object(Illuminate/View/View))
#14 C:/Users/Lenovo/CascadeProjects/gunjannagar-khanepani/vendor/laravel/framework/src/Illuminate/Pipeline/Pipeline.php(180): Illuminate/Routing/Router->Illuminate/Routing/{closure}(Object(Illuminate/Http/Request))
#15 C:/Users/Lenovo/CascadeProjects/gunjannagar-khanepani/vendor/laravel/framework/src/Illuminate/Routing/Middleware/SubstituteBindings.php(50): Illuminate/Pipeline/Pipeline->Illuminate/Pipeline/{closure}(Object(Illuminate/Http/Request))
#16 C:/Users/Lenovo/CascadeProjects/gunjannagar-khanepani/vendor/laravel/framework/src/Illuminate/Pipeline/Pipeline.php(219): Illuminate/Routing/Middleware/SubstituteBindings->handle(Object(Illuminate/Http/Request), Object(Closure))
#17 C:/Users/Lenovo/CascadeProjects/gunjannagar-khanepani/vendor/laravel/framework/src/Illuminate/Foundation/Http/Middleware/VerifyCsrfToken.php(87): Illuminate/Pipeline/Pipeline->Illuminate/Pipeline/{closure}(Object(Illuminate/Http/Request))
#18 C:/Users/Lenovo/CascadeProjects/gunjannagar-khanepani/vendor/laravel/framework/src/Illuminate/Pipeline/Pipeline.php(219): Illuminate/Foundation/Http/Middleware/VerifyCsrfToken->handle(Object(Illuminate/Http/Request), Object(Closure))
#19 C:/Users/Lenovo/CascadeProjects/gunjannagar-khanepani/vendor/laravel/framework/src/Illuminate/View/Middleware/ShareErrorsFromSession.php(48): Illuminate/Pipeline/Pipeline->Illuminate/Pipeline/{closure}(Object(Illuminate/Http/Request))
#20 C:/Users/Lenovo/CascadeProjects/gunjannagar-khanepani/vendor/laravel/framework/src/Illuminate/Pipeline/Pipeline.php(219): Illuminate/View/Middleware/ShareErrorsFromSession->handle(Object(Illuminate/Http/Request), Object(Closure))
#21 C:/Users/Lenovo/CascadeProjects/gunjannagar-khanepani/vendor/laravel/framework/src/Illuminate/Session/Middleware/StartSession.php(120): Illuminate/Pipeline/Pipeline->Illuminate/Pipeline/{closure}(Object(Illuminate/Http/Request))
#22 C:/Users/Lenovo/CascadeProjects/gunjannagar-khanepani/vendor/laravel/framework/src/Illuminate/Session/Middleware/StartSession.php(63): Illuminate/Session/Middleware/StartSession->handleStatefulRequest(Object(Illuminate/Http/Request), Object(Illuminate/Session/Store), Object(Closure))
#23 C:/Users/Lenovo/CascadeProjects/gunjannagar-khanepani/vendor/laravel/framework/src/Illuminate/Pipeline/Pipeline.php(219): Illuminate/Session/Middleware/StartSession->handle(Object(Illuminate/Http/Request), Object(Closure))
#24 C:/Users/Lenovo/CascadeProjects/gunjannagar-khanepani/vendor/laravel/framework/src/Illuminate/Cookie/Middleware/AddQueuedCookiesToResponse.php(36): Illuminate/Pipeline/Pipeline->Illuminate/Pipeline/{closure}(Object(Illuminate/Http/Request))
#25 C:/Users/Lenovo/CascadeProjects/gunjannagar-khanepani/vendor/laravel/framework/src/Illuminate/Pipeline/Pipeline.php(219): Illuminate/Cookie/Middleware/AddQueuedCookiesToResponse->handle(Object(Illuminate/Http/Request), Object(Closure))
#26 C:/Users/Lenovo/CascadeProjects/gunjannagar-khanepani/vendor/laravel/framework/src/Illuminate/Cookie/Middleware/EncryptCookies.php(74): Illuminate/Pipeline/Pipeline->Illuminate/Pipeline/{closure}(Object(Illuminate/Http/Request))
#27 C:/Users/Lenovo/CascadeProjects/gunjannagar-khanepani/vendor/laravel/framework/src/Illuminate/Pipeline/Pipeline.php(219): Illuminate/Cookie/Middleware/EncryptCookies->handle(Object(Illuminate/Http/Request), Object(Closure))
#28 C:/Users/Lenovo/CascadeProjects/gunjannagar-khanepani/vendor/laravel/framework/src/Illuminate/Pipeline/Pipeline.php(137): Illuminate/Pipeline/Pipeline->Illuminate/Pipeline/{closure}(Object(Illuminate/Http/Request))
#29 C:/Users/Lenovo/CascadeProjects/gunjannagar-khanepani/vendor/laravel/framework/src/Illuminate/Routing/Router.php(821): Illuminate/Pipeline/Pipeline->then(Object(Closure))
#30 C:/Users/Lenovo/CascadeProjects/gunjannagar-khanepani/vendor/laravel/framework/src/Illuminate/Routing/Router.php(800): Illuminate/Routing/Router->runRouteWithinStack(Object(Illuminate/Routing/Route), Object(Illuminate/Http/Request))
#31 C:/Users/Lenovo/CascadeProjects/gunjannagar-khanepani/vendor/laravel/framework/src/Illuminate/Routing/Router.php(764): Illuminate/Routing/Router->runRoute(Object(Illuminate/Http/Request), Object(Illuminate/Routing/Route))
#32 C:/Users/Lenovo/CascadeProjects/gunjannagar-khanepani/vendor/laravel/framework/src/Illuminate/Routing/Router.php(753): Illuminate/Routing/Router->dispatchToRoute(Object(Illuminate/Http/Request))
#33 C:/Users/Lenovo/CascadeProjects/gunjannagar-khanepani/vendor/laravel/framework/src/Illuminate/Foundation/Http/Kernel.php(200): Illuminate/Routing/Router->dispatch(Object(Illuminate/Http/Request))
#34 C:/Users/Lenovo/CascadeProjects/gunjannagar-khanepani/vendor/laravel/framework/src/Illuminate/Pipeline/Pipeline.php(180): Illuminate/Foundation/Http/Kernel->Illuminate/Foundation/Http/{closure}(Object(Illuminate/Http/Request))
#35 C:/Users/Lenovo/CascadeProjects/gunjannagar-khanepani/vendor/laravel/framework/src/Illuminate/Foundation/Http/Middleware/TransformsRequest.php(21): Illuminate/Pipeline/Pipeline->Illuminate/Pipeline/{closure}(Object(Illuminate/Http/Request))
#36 C:/Users/Lenovo/CascadeProjects/gunjannagar-khanepani/vendor/laravel/framework/src/Illuminate/Foundation/Http/Middleware/ConvertEmptyStringsToNull.php(31): Illuminate/Foundation/Http/Middleware/TransformsRequest->handle(Object(Illuminate/Http/Request), Object(Closure))
#37 C:/Users/Lenovo/CascadeProjects/gunjannagar-khanepani/vendor/laravel/framework/src/Illuminate/Pipeline/Pipeline.php(219): Illuminate/Foundation/Http/Middleware/ConvertEmptyStringsToNull->handle(Object(Illuminate/Http/Request), Object(Closure))
#38 C:/Users/Lenovo/CascadeProjects/gunjannagar-khanepani/vendor/laravel/framework/src/Illuminate/Foundation/Http/Middleware/TransformsRequest.php(21): Illuminate/Pipeline/Pipeline->Illuminate/Pipeline/{closure}(Object(Illuminate/Http/Request))
#39 C:/Users/Lenovo/CascadeProjects/gunjannagar-khanepani/vendor/laravel/framework/src/Illuminate/Foundation/Http/Middleware/TrimStrings.php(51): Illuminate/Foundation/Http/Middleware/TransformsRequest->handle(Object(Illuminate/Http/Request), Object(Closure))
#40 C:/Users/Lenovo/CascadeProjects/gunjannagar-khanepani/vendor/laravel/framework/src/Illuminate/Pipeline/Pipeline.php(219): Illuminate/Foundation/Http/Middleware/TrimStrings->handle(Object(Illuminate/Http/Request), Object(Closure))
#41 C:/Users/Lenovo/CascadeProjects/gunjannagar-khanepani/vendor/laravel/framework/src/Illuminate/Http/Middleware/ValidatePostSize.php(27): Illuminate/Pipeline/Pipeline->Illuminate/Pipeline/{closure}(Object(Illuminate/Http/Request))
#42 C:/Users/Lenovo/CascadeProjects/gunjannagar-khanepani/vendor/laravel/framework/src/Illuminate/Pipeline/Pipeline.php(219): Illuminate/Http/Middleware/ValidatePostSize->handle(Object(Illuminate/Http/Request), Object(Closure))
#43 C:/Users/Lenovo/CascadeProjects/gunjannagar-khanepani/vendor/laravel/framework/src/Illuminate/Foundation/Http/Middleware/PreventRequestsDuringMaintenance.php(109): Illuminate/Pipeline/Pipeline->Illuminate/Pipeline/{closure}(Object(Illuminate/Http/Request))
#44 C:/Users/Lenovo/CascadeProjects/gunjannagar-khanepani/vendor/laravel/framework/src/Illuminate/Pipeline/Pipeline.php(219): Illuminate/Foundation/Http/Middleware/PreventRequestsDuringMaintenance->handle(Object(Illuminate/Http/Request), Object(Closure))
#45 C:/Users/Lenovo/CascadeProjects/gunjannagar-khanepani/vendor/laravel/framework/src/Illuminate/Http/Middleware/HandleCors.php(61): Illuminate/Pipeline/Pipeline->Illuminate/Pipeline/{closure}(Object(Illuminate/Http/Request))
#46 C:/Users/Lenovo/CascadeProjects/gunjannagar-khanepani/vendor/laravel/framework/src/Illuminate/Pipeline/Pipeline.php(219): Illuminate/Http/Middleware/HandleCors->handle(Object(Illuminate/Http/Request), Object(Closure))
#47 C:/Users/Lenovo/CascadeProjects/gunjannagar-khanepani/vendor/laravel/framework/src/Illuminate/Http/Middleware/TrustProxies.php(58): Illuminate/Pipeline/Pipeline->Illuminate/Pipeline/{closure}(Object(Illuminate/Http/Request))
#48 C:/Users/Lenovo/CascadeProjects/gunjannagar-khanepani/vendor/laravel/framework/src/Illuminate/Pipeline/Pipeline.php(219): Illuminate/Http/Middleware/TrustProxies->handle(Object(Illuminate/Http/Request), Object(Closure))
#49 C:/Users/Lenovo/CascadeProjects/gunjannagar-khanepani/vendor/laravel/framework/src/Illuminate/Foundation/Http/Middleware/InvokeDeferredCallbacks.php(22): Illuminate/Pipeline/Pipeline->Illuminate/Pipeline/{closure}(Object(Illuminate/Http/Request))
#50 C:/Users/Lenovo/CascadeProjects/gunjannagar-khanepani/vendor/laravel/framework/src/Illuminate/Pipeline/Pipeline.php(219): Illuminate/Foundation/Http/Middleware/InvokeDeferredCallbacks->handle(Object(Illuminate/Http/Request), Object(Closure))
#51 C:/Users/Lenovo/CascadeProjects/gunjannagar-khanepani/vendor/laravel/framework/src/Illuminate/Http/Middleware/ValidatePathEncoding.php(26): Illuminate/Pipeline/Pipeline->Illuminate/Pipeline/{closure}(Object(Illuminate/Http/Request))
#52 C:/Users/Lenovo/CascadeProjects/gunjannagar-khanepani/vendor/laravel/framework/src/Illuminate/Pipeline/Pipeline.php(219): Illuminate/Http/Middleware/ValidatePathEncoding->handle(Object(Illuminate/Http/Request), Object(Closure))
#53 C:/Users/Lenovo/CascadeProjects/gunjannagar-khanepani/vendor/laravel/framework/src/Illuminate/Pipeline/Pipeline.php(137): Illuminate/Pipeline/Pipeline->Illuminate/Pipeline/{closure}(Object(Illuminate/Http/Request))
#54 C:/Users/Lenovo/CascadeProjects/gunjannagar-khanepani/vendor/laravel/framework/src/Illuminate/Foundation/Http/Kernel.php(175): Illuminate/Pipeline/Pipeline->then(Object(Closure))
#55 C:/Users/Lenovo/CascadeProjects/gunjannagar-khanepani/vendor/laravel/framework/src/Illuminate/Foundation/Http/Kernel.php(144): Illuminate/Foundation/Http/Kernel->sendRequestThroughRouter(Object(Illuminate/Http/Request))
#56 C:/Users/Lenovo/CascadeProjects/gunjannagar-khanepani/public/index.php(17): Illuminate/Foundation/Http/Kernel->handle(Object(Illuminate/Http/Request))
#57 C:/Users/Lenovo/CascadeProjects/gunjannagar-khanepani/vendor/laravel/framework/src/Illuminate/Foundation/resources/server.php(23): require_once('C://Users//Lenovo...')
#58 {main}
"} 
[2026-08-15 11:34:39] local.ERROR: Class "Setting" not found {"exception":"[object] (Spatie\\LaravelIgnition\\Exceptions\\ViewException(code: 0): Class \"Setting\" not found at C:/Users/Lenovo/CascadeProjects/gunjannagar-khanepani/resources/views/layouts/app.blade.php:728)
[stacktrace]
#0 C:/Users/Lenovo/CascadeProjects/gunjannagar-khanepani/vendor/laravel/framework/src/Illuminate/Filesystem/Filesystem.php(123): require('C://Users//Lenovo...')
#1 C:/Users/Lenovo/CascadeProjects/gunjannagar-khanepani/vendor/laravel/framework/src/Illuminate/Filesystem/Filesystem.php(124): Illuminate/Filesystem/Filesystem::Illuminate/Filesystem/{closure}()
#2 C:/Users/Lenovo/CascadeProjects/gunjannagar-khanepani/vendor/laravel/framework/src/Illuminate/View/Engines/PhpEngine.php(57): Illuminate/Filesystem/Filesystem->getRequire('C://Users//Lenovo...', Array)
#3 C:/Users/Lenovo/CascadeProjects/gunjannagar-khanepani/vendor/laravel/framework/src/Illuminate/View/Engines/CompilerEngine.php(76): Illuminate/View/Engines/PhpEngine->evaluatePath('C://Users//Lenovo...', Array)
#4 C:/Users/Lenovo/CascadeProjects/gunjannagar-khanepani/vendor/laravel/framework/src/Illuminate/View/View.php(208): Illuminate/View/Engines/CompilerEngine->get('C://Users//Lenovo...', Array)
#5 C:/Users/Lenovo/CascadeProjects/gunjannagar-khanepani/vendor/laravel/framework/src/Illuminate/View/View.php(191): Illuminate/View/View->getContents()
#6 C:/Users/Lenovo/CascadeProjects/gunjannagar-khanepani/vendor/laravel/framework/src/Illuminate/View/View.php(160): Illuminate/View/View->renderContents()
#7 C:/Users/Lenovo/CascadeProjects/gunjannagar-khanepani/vendor/laravel/framework/src/Illuminate/Http/Response.php(78): Illuminate/View/View->render()
#8 C:/Users/Lenovo/CascadeProjects/gunjannagar-khanepani/vendor/laravel/framework/src/Illuminate/Http/Response.php(34): Illuminate/Http/Response->setContent(Object(Illuminate/View/View))
#9 C:/Users/Lenovo/CascadeProjects/gunjannagar-khanepani/vendor/laravel/framework/src/Illuminate/Routing/Router.php(939): Illuminate/Http/Response->__construct(Object(Illuminate/View/View), 200, Array)
#10 C:/Users/Lenovo/CascadeProjects/gunjannagar-khanepani/vendor/laravel/framework/src/Illuminate/Routing/Router.php(906): Illuminate/Routing/Router::toResponse(Object(Illuminate/Http/Request), Object(Illuminate/View/View))
#11 C:/Users/Lenovo/CascadeProjects/gunjannagar-khanepani/vendor/laravel/framework/src/Illuminate/Routing/Router.php(821): Illuminate/Routing/Router->prepareResponse(Object(Illuminate/Http/Request), Object(Illuminate/View/View))
#12 C:/Users/Lenovo/CascadeProjects/gunjannagar-khanepani/vendor/laravel/framework/src/Illuminate/Pipeline/Pipeline.php(180): Illuminate/Routing/Router->Illuminate/Routing/{closure}(Object(Illuminate/Http/Request))
#13 C:/Users/Lenovo/CascadeProjects/gunjannagar-khanepani/vendor/laravel/framework/src/Illuminate/Routing/Middleware/SubstituteBindings.php(50): Illuminate/Pipeline/Pipeline->Illuminate/Pipeline/{closure}(Object(Illuminate/Http/Request))
#14 C:/Users/Lenovo/CascadeProjects/gunjannagar-khanepani/vendor/laravel/framework/src/Illuminate/Pipeline/Pipeline.php(219): Illuminate/Routing/Middleware/SubstituteBindings->handle(Object(Illuminate/Http/Request), Object(Closure))
#15 C:/Users/Lenovo/CascadeProjects/gunjannagar-khanepani/vendor/laravel/framework/src/Illuminate/Foundation/Http/Middleware/VerifyCsrfToken.php(87): Illuminate/Pipeline/Pipeline->Illuminate/Pipeline/{closure}(Object(Illuminate/Http/Request))
#16 C:/Users/Lenovo/CascadeProjects/gunjannagar-khanepani/vendor/laravel/framework/src/Illuminate/Pipeline/Pipeline.php(219): Illuminate/Foundation/Http/Middleware/VerifyCsrfToken->handle(Object(Illuminate/Http/Request), Object(Closure))
#17 C:/Users/Lenovo/CascadeProjects/gunjannagar-khanepani/vendor/laravel/framework/src/Illuminate/View/Middleware/ShareErrorsFromSession.php(48): Illuminate/Pipeline/Pipeline->Illuminate/Pipeline/{closure}(Object(Illuminate/Http/Request))
#18 C:/Users/Lenovo/CascadeProjects/gunjannagar-khanepani/vendor/laravel/framework/src/Illuminate/Pipeline/Pipeline.php(219): Illuminate/View/Middleware/ShareErrorsFromSession->handle(Object(Illuminate/Http/Request), Object(Closure))
#19 C:/Users/Lenovo/CascadeProjects/gunjannagar-khanepani/vendor/laravel/framework/src/Illuminate/Session/Middleware/StartSession.php(120): Illuminate/Pipeline/Pipeline->Illuminate/Pipeline/{closure}(Object(Illuminate/Http/Request))
#20 C:/Users/Lenovo/CascadeProjects/gunjannagar-khanepani/vendor/laravel/framework/src/Illuminate/Session/Middleware/StartSession.php(63): Illuminate/Session/Middleware/StartSession->handleStatefulRequest(Object(Illuminate/Http/Request), Object(Illuminate/Session/Store), Object(Closure))
#21 C:/Users/Lenovo/CascadeProjects/gunjannagar-khanepani/vendor/laravel/framework/src/Illuminate/Pipeline/Pipeline.php(219): Illuminate/Session/Middleware/StartSession->handle(Object(Illuminate/Http/Request), Object(Closure))
#22 C:/Users/Lenovo/CascadeProjects/gunjannagar-khanepani/vendor/laravel/framework/src/Illuminate/Cookie/Middleware/AddQueuedCookiesToResponse.php(36): Illuminate/Pipeline/Pipeline->Illuminate/Pipeline/{closure}(Object(Illuminate/Http/Request))
#23 C:/Users/Lenovo/CascadeProjects/gunjannagar-khanepani/vendor/laravel/framework/src/Illuminate/Pipeline/Pipeline.php(219): Illuminate/Cookie/Middleware/AddQueuedCookiesToResponse->handle(Object(Illuminate/Http/Request), Object(Closure))
#24 C:/Users/Lenovo/CascadeProjects/gunjannagar-khanepani/vendor/laravel/framework/src/Illuminate/Cookie/Middleware/EncryptCookies.php(74): Illuminate/Pipeline/Pipeline->Illuminate/Pipeline/{closure}(Object(Illuminate/Http/Request))
#25 C:/Users/Lenovo/CascadeProjects/gunjannagar-khanepani/vendor/laravel/framework/src/Illuminate/Pipeline/Pipeline.php(219): Illuminate/Cookie/Middleware/EncryptCookies->handle(Object(Illuminate/Http/Request), Object(Closure))
#26 C:/Users/Lenovo/CascadeProjects/gunjannagar-khanepani/vendor/laravel/framework/src/Illuminate/Pipeline/Pipeline.php(137): Illuminate/Pipeline/Pipeline->Illuminate/Pipeline/{closure}(Object(Illuminate/Http/Request))
#27 C:/Users/Lenovo/CascadeProjects/gunjannagar-khanepani/vendor/laravel/framework/src/Illuminate/Routing/Router.php(821): Illuminate/Pipeline/Pipeline->then(Object(Closure))
#28 C:/Users/Lenovo/CascadeProjects/gunjannagar-khanepani/vendor/laravel/framework/src/Illuminate/Routing/Router.php(800): Illuminate/Routing/Router->runRouteWithinStack(Object(Illuminate/Routing/Route), Object(Illuminate/Http/Request))
#29 C:/Users/Lenovo/CascadeProjects/gunjannagar-khanepani/vendor/laravel/framework/src/Illuminate/Routing/Router.php(764): Illuminate/Routing/Router->runRoute(Object(Illuminate/Http/Request), Object(Illuminate/Routing/Route))
#30 C:/Users/Lenovo/CascadeProjects/gunjannagar-khanepani/vendor/laravel/framework/src/Illuminate/Routing/Router.php(753): Illuminate/Routing/Router->dispatchToRoute(Object(Illuminate/Http/Request))
#31 C:/Users/Lenovo/CascadeProjects/gunjannagar-khanepani/vendor/laravel/framework/src/Illuminate/Foundation/Http/Kernel.php(200): Illuminate/Routing/Router->dispatch(Object(Illuminate/Http/Request))
#32 C:/Users/Lenovo/CascadeProjects/gunjannagar-khanepani/vendor/laravel/framework/src/Illuminate/Pipeline/Pipeline.php(180): Illuminate/Foundation/Http/Kernel->Illuminate/Foundation/Http/{closure}(Object(Illuminate/Http/Request))
#33 C:/Users/Lenovo/CascadeProjects/gunjannagar-khanepani/vendor/laravel/framework/src/Illuminate/Foundation/Http/Middleware/TransformsRequest.php(21): Illuminate/Pipeline/Pipeline->Illuminate/Pipeline/{closure}(Object(Illuminate/Http/Request))
#34 C:/Users/Lenovo/CascadeProjects/gunjannagar-khanepani/vendor/laravel/framework/src/Illuminate/Foundation/Http/Middleware/ConvertEmptyStringsToNull.php(31): Illuminate/Foundation/Http/Middleware/TransformsRequest->handle(Object(Illuminate/Http/Request), Object(Closure))
#35 C:/Users/Lenovo/CascadeProjects/gunjannagar-khanepani/vendor/laravel/framework/src/Illuminate/Pipeline/Pipeline.php(219): Illuminate/Foundation/Http/Middleware/ConvertEmptyStringsToNull->handle(Object(Illuminate/Http/Request), Object(Closure))
#36 C:/Users/Lenovo/CascadeProjects/gunjannagar-khanepani/vendor/laravel/framework/src/Illuminate/Foundation/Http/Middleware/TransformsRequest.php(21): Illuminate/Pipeline/Pipeline->Illuminate/Pipeline/{closure}(Object(Illuminate/Http/Request))
#37 C:/Users/Lenovo/CascadeProjects/gunjannagar-khanepani/vendor/laravel/framework/src/Illuminate/Foundation/Http/Middleware/TrimStrings.php(51): Illuminate/Foundation/Http/Middleware/TransformsRequest->handle(Object(Illuminate/Http/Request), Object(Closure))
#38 C:/Users/Lenovo/CascadeProjects/gunjannagar-khanepani/vendor/laravel/framework/src/Illuminate/Pipeline/Pipeline.php(219): Illuminate/Foundation/Http/Middleware/TrimStrings->handle(Object(Illuminate/Http/Request), Object(Closure))
#39 C:/Users/Lenovo/CascadeProjects/gunjannagar-khanepani/vendor/laravel/framework/src/Illuminate/Http/Middleware/ValidatePostSize.php(27): Illuminate/Pipeline/Pipeline->Illuminate/Pipeline/{closure}(Object(Illuminate/Http/Request))
#40 C:/Users/Lenovo/CascadeProjects/gunjannagar-khanepani/vendor/laravel/framework/src/Illuminate/Pipeline/Pipeline.php(219): Illuminate/Http/Middleware/ValidatePostSize->handle(Object(Illuminate/Http/Request), Object(Closure))
#41 C:/Users/Lenovo/CascadeProjects/gunjannagar-khanepani/vendor/laravel/framework/src/Illuminate/Foundation/Http/Middleware/PreventRequestsDuringMaintenance.php(109): Illuminate/Pipeline/Pipeline->Illuminate/Pipeline/{closure}(Object(Illuminate/Http/Request))
#42 C:/Users/Lenovo/CascadeProjects/gunjannagar-khanepani/vendor/laravel/framework/src/Illuminate/Pipeline/Pipeline.php(219): Illuminate/Foundation/Http/Middleware/PreventRequestsDuringMaintenance->handle(Object(Illuminate/Http/Request), Object(Closure))
#43 C:/Users/Lenovo/CascadeProjects/gunjannagar-khanepani/vendor/laravel/framework/src/Illuminate/Http/Middleware/HandleCors.php(61): Illuminate/Pipeline/Pipeline->Illuminate/Pipeline/{closure}(Object(Illuminate/Http/Request))
#44 C:/Users/Lenovo/CascadeProjects/gunjannagar-khanepani/vendor/laravel/framework/src/Illuminate/Pipeline/Pipeline.php(219): Illuminate/Http/Middleware/HandleCors->handle(Object(Illuminate/Http/Request), Object(Closure))
#45 C:/Users/Lenovo/CascadeProjects/gunjannagar-khanepani/vendor/laravel/framework/src/Illuminate/Http/Middleware/TrustProxies.php(58): Illuminate/Pipeline/Pipeline->Illuminate/Pipeline/{closure}(Object(Illuminate/Http/Request))
#46 C:/Users/Lenovo/CascadeProjects/gunjannagar-khanepani/vendor/laravel/framework/src/Illuminate/Pipeline/Pipeline.php(219): Illuminate/Http/Middleware/TrustProxies->handle(Object(Illuminate/Http/Request), Object(Closure))
#47 C:/Users/Lenovo/CascadeProjects/gunjannagar-khanepani/vendor/laravel/framework/src/Illuminate/Foundation/Http/Middleware/InvokeDeferredCallbacks.php(22): Illuminate/Pipeline/Pipeline->Illuminate/Pipeline/{closure}(Object(Illuminate/Http/Request))
#48 C:/Users/Lenovo/CascadeProjects/gunjannagar-khanepani/vendor/laravel/framework/src/Illuminate/Pipeline/Pipeline.php(219): Illuminate/Foundation/Http/Middleware/InvokeDeferredCallbacks->handle(Object(Illuminate/Http/Request), Object(Closure))
#49 C:/Users/Lenovo/CascadeProjects/gunjannagar-khanepani/vendor/laravel/framework/src/Illuminate/Http/Middleware/ValidatePathEncoding.php(26): Illuminate/Pipeline/Pipeline->Illuminate/Pipeline/{closure}(Object(Illuminate/Http/Request))
#50 C:/Users/Lenovo/CascadeProjects/gunjannagar-khanepani/vendor/laravel/framework/src/Illuminate/Pipeline/Pipeline.php(219): Illuminate/Http/Middleware/ValidatePathEncoding->handle(Object(Illuminate/Http/Request), Object(Closure))
#51 C:/Users/Lenovo/CascadeProjects/gunjannagar-khanepani/vendor/laravel/framework/src/Illuminate/Pipeline/Pipeline.php(137): Illuminate/Pipeline/Pipeline->Illuminate/Pipeline/{closure}(Object(Illuminate/Http/Request))
#52 C:/Users/Lenovo/CascadeProjects/gunjannagar-khanepani/vendor/laravel/framework/src/Illuminate/Foundation/Http/Kernel.php(175): Illuminate/Pipeline/Pipeline->then(Object(Closure))
#53 C:/Users/Lenovo/CascadeProjects/gunjannagar-khanepani/vendor/laravel/framework/src/Illuminate/Foundation/Http/Kernel.php(144): Illuminate/Foundation/Http/Kernel->sendRequestThroughRouter(Object(Illuminate/Http/Request))
#54 C:/Users/Lenovo/CascadeProjects/gunjannagar-khanepani/public/index.php(17): Illuminate/Foundation/Http/Kernel->handle(Object(Illuminate/Http/Request))
#55 C:/Users/Lenovo/CascadeProjects/gunjannagar-khanepani/vendor/laravel/framework/src/Illuminate/Foundation/resources/server.php(23): require_once('C://Users//Lenovo...')
#56 {main}

[previous exception] [object] (Error(code: 0): Class \"Setting\" not found at C:/Users/Lenovo/CascadeProjects/gunjannagar-khanepani/storage/framework/views/c0b4dd7f66b653f7837fa1b43c80d62f.php:728)
[stacktrace]
#0 C:/Users/Lenovo/CascadeProjects/gunjannagar-khanepani/vendor/laravel/framework/src/Illuminate/Filesystem/Filesystem.php(123): require()
#1 C:/Users/Lenovo/CascadeProjects/gunjannagar-khanepani/vendor/laravel/framework/src/Illuminate/Filesystem/Filesystem.php(124): Illuminate/Filesystem/Filesystem::Illuminate/Filesystem/{closure}()
#2 C:/Users/Lenovo/CascadeProjects/gunjannagar-khanepani/vendor/laravel/framework/src/Illuminate/View/Engines/PhpEngine.php(57): Illuminate/Filesystem/Filesystem->getRequire('C://Users//Lenovo...', Array)
#3 C:/Users/Lenovo/CascadeProjects/gunjannagar-khanepani/vendor/laravel/framework/src/Illuminate/View/Engines/CompilerEngine.php(76): Illuminate/View/Engines/PhpEngine->evaluatePath('C://Users//Lenovo...', Array)
#4 C:/Users/Lenovo/CascadeProjects/gunjannagar-khanepani/vendor/laravel/framework/src/Illuminate/View/View.php(208): Illuminate/View/Engines/CompilerEngine->get('C://Users//Lenovo...', Array)
#5 C:/Users/Lenovo/CascadeProjects/gunjannagar-khanepani/vendor/laravel/framework/src/Illuminate/View/View.php(191): Illuminate/View/View->getContents()
#6 C:/Users/Lenovo/CascadeProjects/gunjannagar-khanepani/vendor/laravel/framework/src/Illuminate/View/View.php(160): Illuminate/View/View->renderContents()
#7 C:/Users/Lenovo/CascadeProjects/gunjannagar-khanepani/storage/framework/views/0c824db939ec43fbd2d4a360e940a452.php(461): Illuminate/View/View->render()
#8 C:/Users/Lenovo/CascadeProjects/gunjannagar-khanepani/vendor/laravel/framework/src/Illuminate/Filesystem/Filesystem.php(123): require('C://Users//Lenovo...')
#9 C:/Users/Lenovo/CascadeProjects/gunjannagar-khanepani/vendor/laravel/framework/src/Illuminate/Filesystem/Filesystem.php(124): Illuminate/Filesystem/Filesystem::Illuminate/Filesystem/{closure}()
#10 C:/Users/Lenovo/CascadeProjects/gunjannagar-khanepani/vendor/laravel/framework/src/Illuminate/View/Engines/PhpEngine.php(57): Illuminate/Filesystem/Filesystem->getRequire('C://Users//Lenovo...', Array)
#11 C:/Users/Lenovo/CascadeProjects/gunjannagar-khanepani/vendor/laravel/framework/src/Illuminate/View/Engines/CompilerEngine.php(76): Illuminate/View/Engines/PhpEngine->evaluatePath('C://Users//Lenovo...', Array)
#12 C:/Users/Lenovo/CascadeProjects/gunjannagar-khanepani/vendor/laravel/framework/src/Illuminate/View/View.php(208): Illuminate/View/Engines/CompilerEngine->get('C://Users//Lenovo...', Array)
#13 C:/Users/Lenovo/CascadeProjects/gunjannagar-khanepani/vendor/laravel/framework/src/Illuminate/View/View.php(191): Illuminate/View/View->getContents()
#14 C:/Users/Lenovo/CascadeProjects/gunjannagar-khanepani/vendor/laravel/framework/src/Illuminate/View/View.php(160): Illuminate/View/View->renderContents()
#15 C:/Users/Lenovo/CascadeProjects/gunjannagar-khanepani/vendor/laravel/framework/src/Illuminate/Http/Response.php(78): Illuminate/View/View->render()
#16 C:/Users/Lenovo/CascadeProjects/gunjannagar-khanepani/vendor/laravel/framework/src/Illuminate/Http/Response.php(34): Illuminate/Http/Response->setContent(Object(Illuminate/View/View))
#17 C:/Users/Lenovo/CascadeProjects/gunjannagar-khanepani/vendor/laravel/framework/src/Illuminate/Routing/Router.php(939): Illuminate/Http/Response->__construct(Object(Illuminate/View/View), 200, Array)
#18 C:/Users/Lenovo/CascadeProjects/gunjannagar-khanepani/vendor/laravel/framework/src/Illuminate/Routing/Router.php(906): Illuminate/Routing/Router::toResponse(Object(Illuminate/Http/Request), Object(Illuminate/View/View))
#19 C:/Users/Lenovo/CascadeProjects/gunjannagar-khanepani/vendor/laravel/framework/src/Illuminate/Routing/Router.php(821): Illuminate/Routing/Router->prepareResponse(Object(Illuminate/Http/Request), Object(Illuminate/View/View))
#20 C:/Users/Lenovo/CascadeProjects/gunjannagar-khanepani/vendor/laravel/framework/src/Illuminate/Pipeline/Pipeline.php(180): Illuminate/Routing/Router->Illuminate/Routing/{closure}(Object(Illuminate/Http/Request))
#21 C:/Users/Lenovo/CascadeProjects/gunjannagar-khanepani/vendor/laravel/framework/src/Illuminate/Routing/Middleware/SubstituteBindings.php(50): Illuminate/Pipeline/Pipeline->Illuminate/Pipeline/{closure}(Object(Illuminate/Http/Request))
#22 C:/Users/Lenovo/CascadeProjects/gunjannagar-khanepani/vendor/laravel/framework/src/Illuminate/Pipeline/Pipeline.php(219): Illuminate/Routing/Middleware/SubstituteBindings->handle(Object(Illuminate/Http/Request), Object(Closure))
#23 C:/Users/Lenovo/CascadeProjects/gunjannagar-khanepani/vendor/laravel/framework/src/Illuminate/Foundation/Http/Middleware/VerifyCsrfToken.php(87): Illuminate/Pipeline/Pipeline->Illuminate/Pipeline/{closure}(Object(Illuminate/Http/Request))
#24 C:/Users/Lenovo/CascadeProjects/gunjannagar-khanepani/vendor/laravel/framework/src/Illuminate/Pipeline/Pipeline.php(219): Illuminate/Foundation/Http/Middleware/VerifyCsrfToken->handle(Object(Illuminate/Http/Request), Object(Closure))
#25 C:/Users/Lenovo/CascadeProjects/gunjannagar-khanepani/vendor/laravel/framework/src/Illuminate/View/Middleware/ShareErrorsFromSession.php(48): Illuminate/Pipeline/Pipeline->Illuminate/Pipeline/{closure}(Object(Illuminate/Http/Request))
#26 C:/Users/Lenovo/CascadeProjects/gunjannagar-khanepani/vendor/laravel/framework/src/Illuminate/Pipeline/Pipeline.php(219): Illuminate/View/Middleware/ShareErrorsFromSession->handle(Object(Illuminate/Http/Request), Object(Closure))
#27 C:/Users/Lenovo/CascadeProjects/gunjannagar-khanepani/vendor/laravel/framework/src/Illuminate/Session/Middleware/StartSession.php(120): Illuminate/Pipeline/Pipeline->Illuminate/Pipeline/{closure}(Object(Illuminate/Http/Request))
#28 C:/Users/Lenovo/CascadeProjects/gunjannagar-khanepani/vendor/laravel/framework/src/Illuminate/Session/Middleware/StartSession.php(63): Illuminate/Session/Middleware/StartSession->handleStatefulRequest(Object(Illuminate/Http/Request), Object(Illuminate/Session/Store), Object(Closure))
#29 C:/Users/Lenovo/CascadeProjects/gunjannagar-khanepani/vendor/laravel/framework/src/Illuminate/Pipeline/Pipeline.php(219): Illuminate/Session/Middleware/StartSession->handle(Object(Illuminate/Http/Request), Object(Closure))
#30 C:/Users/Lenovo/CascadeProjects/gunjannagar-khanepani/vendor/laravel/framework/src/Illuminate/Cookie/Middleware/AddQueuedCookiesToResponse.php(36): Illuminate/Pipeline/Pipeline->Illuminate/Pipeline/{closure}(Object(Illuminate/Http/Request))
#31 C:/Users/Lenovo/CascadeProjects/gunjannagar-khanepani/vendor/laravel/framework/src/Illuminate/Pipeline/Pipeline.php(219): Illuminate/Cookie/Middleware/AddQueuedCookiesToResponse->handle(Object(Illuminate/Http/Request), Object(Closure))
#32 C:/Users/Lenovo/CascadeProjects/gunjannagar-khanepani/vendor/laravel/framework/src/Illuminate/Cookie/Middleware/EncryptCookies.php(74): Illuminate/Pipeline/Pipeline->Illuminate/Pipeline/{closure}(Object(Illuminate/Http/Request))
#33 C:/Users/Lenovo/CascadeProjects/gunjannagar-khanepani/vendor/laravel/framework/src/Illuminate/Pipeline/Pipeline.php(219): Illuminate/Cookie/Middleware/EncryptCookies->handle(Object(Illuminate/Http/Request), Object(Closure))
#34 C:/Users/Lenovo/CascadeProjects/gunjannagar-khanepani/vendor/laravel/framework/src/Illuminate/Pipeline/Pipeline.php(137): Illuminate/Pipeline/Pipeline->Illuminate/Pipeline/{closure}(Object(Illuminate/Http/Request))
#35 C:/Users/Lenovo/CascadeProjects/gunjannagar-khanepani/vendor/laravel/framework/src/Illuminate/Routing/Router.php(821): Illuminate/Pipeline/Pipeline->then(Object(Closure))
#36 C:/Users/Lenovo/CascadeProjects/gunjannagar-khanepani/vendor/laravel/framework/src/Illuminate/Routing/Router.php(800): Illuminate/Routing/Router->runRouteWithinStack(Object(Illuminate/Routing/Route), Object(Illuminate/Http/Request))
#37 C:/Users/Lenovo/CascadeProjects/gunjannagar-khanepani/vendor/laravel/framework/src/Illuminate/Routing/Router.php(764): Illuminate/Routing/Router->runRoute(Object(Illuminate/Http/Request), Object(Illuminate/Routing/Route))
#38 C:/Users/Lenovo/CascadeProjects/gunjannagar-khanepani/vendor/laravel/framework/src/Illuminate/Routing/Router.php(753): Illuminate/Routing/Router->dispatchToRoute(Object(Illuminate/Http/Request))
#39 C:/Users/Lenovo/CascadeProjects/gunjannagar-khanepani/vendor/laravel/framework/src/Illuminate/Foundation/Http/Kernel.php(200): Illuminate/Routing/Router->dispatch(Object(Illuminate/Http/Request))
#40 C:/Users/Lenovo/CascadeProjects/gunjannagar-khanepani/vendor/laravel/framework/src/Illuminate/Pipeline/Pipeline.php(180): Illuminate/Foundation/Http/Kernel->Illuminate/Foundation/Http/{closure}(Object(Illuminate/Http/Request))
#41 C:/Users/Lenovo/CascadeProjects/gunjannagar-khanepani/vendor/laravel/framework/src/Illuminate/Foundation/Http/Middleware/TransformsRequest.php(21): Illuminate/Pipeline/Pipeline->Illuminate/Pipeline/{closure}(Object(Illuminate/Http/Request))
#42 C:/Users/Lenovo/CascadeProjects/gunjannagar-khanepani/vendor/laravel/framework/src/Illuminate/Foundation/Http/Middleware/ConvertEmptyStringsToNull.php(31): Illuminate/Foundation/Http/Middleware/TransformsRequest->handle(Object(Illuminate/Http/Request), Object(Closure))
#43 C:/Users/Lenovo/CascadeProjects/gunjannagar-khanepani/vendor/laravel/framework/src/Illuminate/Pipeline/Pipeline.php(219): Illuminate/Foundation/Http/Middleware/ConvertEmptyStringsToNull->handle(Object(Illuminate/Http/Request), Object(Closure))
#44 C:/Users/Lenovo/CascadeProjects/gunjannagar-khanepani/vendor/laravel/framework/src/Illuminate/Foundation/Http/Middleware/TransformsRequest.php(21): Illuminate/Pipeline/Pipeline->Illuminate/Pipeline/{closure}(Object(Illuminate/Http/Request))
#45 C:/Users/Lenovo/CascadeProjects/gunjannagar-khanepani/vendor/laravel/framework/src/Illuminate/Foundation/Http/Middleware/TrimStrings.php(51): Illuminate/Foundation/Http/Middleware/TransformsRequest->handle(Object(Illuminate/Http/Request), Object(Closure))
#46 C:/Users/Lenovo/CascadeProjects/gunjannagar-khanepani/vendor/laravel/framework/src/Illuminate/Pipeline/Pipeline.php(219): Illuminate/Foundation/Http/Middleware/TrimStrings->handle(Object(Illuminate/Http/Request), Object(Closure))
#47 C:/Users/Lenovo/CascadeProjects/gunjannagar-khanepani/vendor/laravel/framework/src/Illuminate/Http/Middleware/ValidatePostSize.php(27): Illuminate/Pipeline/Pipeline->Illuminate/Pipeline/{closure}(Object(Illuminate/Http/Request))
#48 C:/Users/Lenovo/CascadeProjects/gunjannagar-khanepani/vendor/laravel/framework/src/Illuminate/Pipeline/Pipeline.php(219): Illuminate/Http/Middleware/ValidatePostSize->handle(Object(Illuminate/Http/Request), Object(Closure))
#49 C:/Users/Lenovo/CascadeProjects/gunjannagar-khanepani/vendor/laravel/framework/src/Illuminate/Foundation/Http/Middleware/PreventRequestsDuringMaintenance.php(109): Illuminate/Pipeline/Pipeline->Illuminate/Pipeline/{closure}(Object(Illuminate/Http/Request))
#50 C:/Users/Lenovo/CascadeProjects/gunjannagar-khanepani/vendor/laravel/framework/src/Illuminate/Pipeline/Pipeline.php(219): Illuminate/Foundation/Http/Middleware/PreventRequestsDuringMaintenance->handle(Object(Illuminate/Http/Request), Object(Closure))
#51 C:/Users/Lenovo/CascadeProjects/gunjannagar-khanepani/vendor/laravel/framework/src/Illuminate/Http/Middleware/HandleCors.php(61): Illuminate/Pipeline/Pipeline->Illuminate/Pipeline/{closure}(Object(Illuminate/Http/Request))
#52 C:/Users/Lenovo/CascadeProjects/gunjannagar-khanepani/vendor/laravel/framework/src/Illuminate/Pipeline/Pipeline.php(219): Illuminate/Http/Middleware/HandleCors->handle(Object(Illuminate/Http/Request), Object(Closure))
#53 C:/Users/Lenovo/CascadeProjects/gunjannagar-khanepani/vendor/laravel/framework/src/Illuminate/Http/Middleware/TrustProxies.php(58): Illuminate/Pipeline/Pipeline->Illuminate/Pipeline/{closure}(Object(Illuminate/Http/Request))
#54 C:/Users/Lenovo/CascadeProjects/gunjannagar-khanepani/vendor/laravel/framework/src/Illuminate/Pipeline/Pipeline.php(219): Illuminate/Http/Middleware/TrustProxies->handle(Object(Illuminate/Http/Request), Object(Closure))
#55 C:/Users/Lenovo/CascadeProjects/gunjannagar-khanepani/vendor/laravel/framework/src/Illuminate/Foundation/Http/Middleware/InvokeDeferredCallbacks.php(22): Illuminate/Pipeline/Pipeline->Illuminate/Pipeline/{closure}(Object(Illuminate/Http/Request))
#56 C:/Users/Lenovo/CascadeProjects/gunjannagar-khanepani/vendor/laravel/framework/src/Illuminate/Pipeline/Pipeline.php(219): Illuminate/Foundation/Http/Middleware/InvokeDeferredCallbacks->handle(Object(Illuminate/Http/Request), Object(Closure))
#57 C:/Users/Lenovo/CascadeProjects/gunjannagar-khanepani/vendor/laravel/framework/src/Illuminate/Http/Middleware/ValidatePathEncoding.php(26): Illuminate/Pipeline/Pipeline->Illuminate/Pipeline/{closure}(Object(Illuminate/Http/Request))
#58 C:/Users/Lenovo/CascadeProjects/gunjannagar-khanepani/vendor/laravel/framework/src/Illuminate/Pipeline/Pipeline.php(219): Illuminate/Http/Middleware/ValidatePathEncoding->handle(Object(Illuminate/Http/Request), Object(Closure))
#59 C:/Users/Lenovo/CascadeProjects/gunjannagar-khanepani/vendor/laravel/framework/src/Illuminate/Pipeline/Pipeline.php(137): Illuminate/Pipeline/Pipeline->Illuminate/Pipeline/{closure}(Object(Illuminate/Http/Request))
#60 C:/Users/Lenovo/CascadeProjects/gunjannagar-khanepani/vendor/laravel/framework/src/Illuminate/Foundation/Http/Kernel.php(175): Illuminate/Pipeline/Pipeline->then(Object(Closure))
#61 C:/Users/Lenovo/CascadeProjects/gunjannagar-khanepani/vendor/laravel/framework/src/Illuminate/Foundation/Http/Kernel.php(144): Illuminate/Foundation/Http/Kernel->sendRequestThroughRouter(Object(Illuminate/Http/Request))
#62 C:/Users/Lenovo/CascadeProjects/gunjannagar-khanepani/public/index.php(17): Illuminate/Foundation/Http/Kernel->handle(Object(Illuminate/Http/Request))
#63 C:/Users/Lenovo/CascadeProjects/gunjannagar-khanepani/vendor/laravel/framework/src/Illuminate/Foundation/resources/server.php(23): require_once('C://Users//Lenovo...')
#64 {main}
"} 
[2026-08-15 11:35:34] local.ERROR: Route [notices.index] not defined. {"exception":"[object] (Spatie\\LaravelIgnition\\Exceptions\\ViewException(code: 0): Route [notices.index] not defined. at C:/Users/Lenovo/CascadeProjects/gunjannagar-khanepani/vendor/laravel/framework/src/Illuminate/Routing/UrlGenerator.php:536)
[stacktrace]
#0 C:/Users/Lenovo/CascadeProjects/gunjannagar-khanepani/vendor/laravel/framework/src/Illuminate/Foundation/helpers.php(870): Illuminate/Routing/UrlGenerator->route('notices.index', Array, true)
#1 C:/Users/Lenovo/CascadeProjects/gunjannagar-khanepani/resources/views/layouts/app.blade.php(846): route('notices.index')
#2 C:/Users/Lenovo/CascadeProjects/gunjannagar-khanepani/vendor/laravel/framework/src/Illuminate/Filesystem/Filesystem.php(123): require('C://Users//Lenovo...')
#3 C:/Users/Lenovo/CascadeProjects/gunjannagar-khanepani/vendor/laravel/framework/src/Illuminate/Filesystem/Filesystem.php(124): Illuminate/Filesystem/Filesystem::Illuminate/Filesystem/{closure}()
#4 C:/Users/Lenovo/CascadeProjects/gunjannagar-khanepani/vendor/laravel/framework/src/Illuminate/View/Engines/PhpEngine.php(57): Illuminate/Filesystem/Filesystem->getRequire('C://Users//Lenovo...', Array)
#5 C:/Users/Lenovo/CascadeProjects/gunjannagar-khanepani/vendor/laravel/framework/src/Illuminate/View/Engines/CompilerEngine.php(76): Illuminate/View/Engines/PhpEngine->evaluatePath('C://Users//Lenovo...', Array)
#6 C:/Users/Lenovo/CascadeProjects/gunjannagar-khanepani/vendor/laravel/framework/src/Illuminate/View/View.php(208): Illuminate/View/Engines/CompilerEngine->get('C://Users//Lenovo...', Array)
#7 C:/Users/Lenovo/CascadeProjects/gunjannagar-khanepani/vendor/laravel/framework/src/Illuminate/View/View.php(191): Illuminate/View/View->getContents()
#8 C:/Users/Lenovo/CascadeProjects/gunjannagar-khanepani/vendor/laravel/framework/src/Illuminate/View/View.php(160): Illuminate/View/View->renderContents()
#9 C:/Users/Lenovo/CascadeProjects/gunjannagar-khanepani/resources/views/home.blade.php(457): Illuminate/View/View->render()
#10 C:/Users/Lenovo/CascadeProjects/gunjannagar-khanepani/vendor/laravel/framework/src/Illuminate/Filesystem/Filesystem.php(123): require('C://Users//Lenovo...')
#11 C:/Users/Lenovo/CascadeProjects/gunjannagar-khanepani/vendor/laravel/framework/src/Illuminate/Filesystem/Filesystem.php(124): Illuminate/Filesystem/Filesystem::Illuminate/Filesystem/{closure}()
#12 C:/Users/Lenovo/CascadeProjects/gunjannagar-khanepani/vendor/laravel/framework/src/Illuminate/View/Engines/PhpEngine.php(57): Illuminate/Filesystem/Filesystem->getRequire('C://Users//Lenovo...', Array)
#13 C:/Users/Lenovo/CascadeProjects/gunjannagar-khanepani/vendor/laravel/framework/src/Illuminate/View/Engines/CompilerEngine.php(76): Illuminate/View/Engines/PhpEngine->evaluatePath('C://Users//Lenovo...', Array)
#14 C:/Users/Lenovo/CascadeProjects/gunjannagar-khanepani/vendor/laravel/framework/src/Illuminate/View/View.php(208): Illuminate/View/Engines/CompilerEngine->get('C://Users//Lenovo...', Array)
#15 C:/Users/Lenovo/CascadeProjects/gunjannagar-khanepani/vendor/laravel/framework/src/Illuminate/View/View.php(191): Illuminate/View/View->getContents()
#16 C:/Users/Lenovo/CascadeProjects/gunjannagar-khanepani/vendor/laravel/framework/src/Illuminate/View/View.php(160): Illuminate/View/View->renderContents()
#17 C:/Users/Lenovo/CascadeProjects/gunjannagar-khanepani/vendor/laravel/framework/src/Illuminate/Http/Response.php(78): Illuminate/View/View->render()
#18 C:/Users/Lenovo/CascadeProjects/gunjannagar-khanepani/vendor/laravel/framework/src/Illuminate/Http/Response.php(34): Illuminate/Http/Response->setContent(Object(Illuminate/View/View))
#19 C:/Users/Lenovo/CascadeProjects/gunjannagar-khanepani/vendor/laravel/framework/src/Illuminate/Routing/Router.php(939): Illuminate/Http/Response->__construct(Object(Illuminate/View/View), 200, Array)
#20 C:/Users/Lenovo/CascadeProjects/gunjannagar-khanepani/vendor/laravel/framework/src/Illuminate/Routing/Router.php(906): Illuminate/Routing/Router::toResponse(Object(Illuminate/Http/Request), Object(Illuminate/View/View))
#21 C:/Users/Lenovo/CascadeProjects/gunjannagar-khanepani/vendor/laravel/framework/src/Illuminate/Routing/Router.php(821): Illuminate/Routing/Router->prepareResponse(Object(Illuminate/Http/Request), Object(Illuminate/View/View))
#22 C:/Users/Lenovo/CascadeProjects/gunjannagar-khanepani/vendor/laravel/framework/src/Illuminate/Pipeline/Pipeline.php(180): Illuminate/Routing/Router->Illuminate/Routing/{closure}(Object(Illuminate/Http/Request))
#23 C:/Users/Lenovo/CascadeProjects/gunjannagar-khanepani/vendor/laravel/framework/src/Illuminate/Routing/Middleware/SubstituteBindings.php(50): Illuminate/Pipeline/Pipeline->Illuminate/Pipeline/{closure}(Object(Illuminate/Http/Request))
#24 C:/Users/Lenovo/CascadeProjects/gunjannagar-khanepani/vendor/laravel/framework/src/Illuminate/Pipeline/Pipeline.php(219): Illuminate/Routing/Middleware/SubstituteBindings->handle(Object(Illuminate/Http/Request), Object(Closure))
#25 C:/Users/Lenovo/CascadeProjects/gunjannagar-khanepani/vendor/laravel/framework/src/Illuminate/Foundation/Http/Middleware/VerifyCsrfToken.php(87): Illuminate/Pipeline/Pipeline->Illuminate/Pipeline/{closure}(Object(Illuminate/Http/Request))
#26 C:/Users/Lenovo/CascadeProjects/gunjannagar-khanepani/vendor/laravel/framework/src/Illuminate/Pipeline/Pipeline.php(219): Illuminate/Foundation/Http/Middleware/VerifyCsrfToken->handle(Object(Illuminate/Http/Request), Object(Closure))
#27 C:/Users/Lenovo/CascadeProjects/gunjannagar-khanepani/vendor/laravel/framework/src/Illuminate/View/Middleware/ShareErrorsFromSession.php(48): Illuminate/Pipeline/Pipeline->Illuminate/Pipeline/{closure}(Object(Illuminate/Http/Request))
#28 C:/Users/Lenovo/CascadeProjects/gunjannagar-khanepani/vendor/laravel/framework/src/Illuminate/Pipeline/Pipeline.php(219): Illuminate/View/Middleware/ShareErrorsFromSession->handle(Object(Illuminate/Http/Request), Object(Closure))
#29 C:/Users/Lenovo/CascadeProjects/gunjannagar-khanepani/vendor/laravel/framework/src/Illuminate/Session/Middleware/StartSession.php(120): Illuminate/Pipeline/Pipeline->Illuminate/Pipeline/{closure}(Object(Illuminate/Http/Request))
#30 C:/Users/Lenovo/CascadeProjects/gunjannagar-khanepani/vendor/laravel/framework/src/Illuminate/Session/Middleware/StartSession.php(63): Illuminate/Session/Middleware/StartSession->handleStatefulRequest(Object(Illuminate/Http/Request), Object(Illuminate/Session/Store), Object(Closure))
#31 C:/Users/Lenovo/CascadeProjects/gunjannagar-khanepani/vendor/laravel/framework/src/Illuminate/Pipeline/Pipeline.php(219): Illuminate/Session/Middleware/StartSession->handle(Object(Illuminate/Http/Request), Object(Closure))
#32 C:/Users/Lenovo/CascadeProjects/gunjannagar-khanepani/vendor/laravel/framework/src/Illuminate/Cookie/Middleware/AddQueuedCookiesToResponse.php(36): Illuminate/Pipeline/Pipeline->Illuminate/Pipeline/{closure}(Object(Illuminate/Http/Request))
#33 C:/Users/Lenovo/CascadeProjects/gunjannagar-khanepani/vendor/laravel/framework/src/Illuminate/Pipeline/Pipeline.php(219): Illuminate/Cookie/Middleware/AddQueuedCookiesToResponse->handle(Object(Illuminate/Http/Request), Object(Closure))
#34 C:/Users/Lenovo/CascadeProjects/gunjannagar-khanepani/vendor/laravel/framework/src/Illuminate/Cookie/Middleware/EncryptCookies.php(74): Illuminate/Pipeline/Pipeline->Illuminate/Pipeline/{closure}(Object(Illuminate/Http/Request))
#35 C:/Users/Lenovo/CascadeProjects/gunjannagar-khanepani/vendor/laravel/framework/src/Illuminate/Pipeline/Pipeline.php(219): Illuminate/Cookie/Middleware/EncryptCookies->handle(Object(Illuminate/Http/Request), Object(Closure))
#36 C:/Users/Lenovo/CascadeProjects/gunjannagar-khanepani/vendor/laravel/framework/src/Illuminate/Pipeline/Pipeline.php(137): Illuminate/Pipeline/Pipeline->Illuminate/Pipeline/{closure}(Object(Illuminate/Http/Request))
#37 C:/Users/Lenovo/CascadeProjects/gunjannagar-khanepani/vendor/laravel/framework/src/Illuminate/Routing/Router.php(821): Illuminate/Pipeline/Pipeline->then(Object(Closure))
#38 C:/Users/Lenovo/CascadeProjects/gunjannagar-khanepani/vendor/laravel/framework/src/Illuminate/Routing/Router.php(800): Illuminate/Routing/Router->runRouteWithinStack(Object(Illuminate/Routing/Route), Object(Illuminate/Http/Request))
#39 C:/Users/Lenovo/CascadeProjects/gunjannagar-khanepani/vendor/laravel/framework/src/Illuminate/Routing/Router.php(764): Illuminate/Routing/Router->runRoute(Object(Illuminate/Http/Request), Object(Illuminate/Routing/Route))
#40 C:/Users/Lenovo/CascadeProjects/gunjannagar-khanepani/vendor/laravel/framework/src/Illuminate/Routing/Router.php(753): Illuminate/Routing/Router->dispatchToRoute(Object(Illuminate/Http/Request))
#41 C:/Users/Lenovo/CascadeProjects/gunjannagar-khanepani/vendor/laravel/framework/src/Illuminate/Foundation/Http/Kernel.php(200): Illuminate/Routing/Router->dispatch(Object(Illuminate/Http/Request))
#42 C:/Users/Lenovo/CascadeProjects/gunjannagar-khanepani/vendor/laravel/framework/src/Illuminate/Pipeline/Pipeline.php(180): Illuminate/Foundation/Http/Kernel->Illuminate/Foundation/Http/{closure}(Object(Illuminate/Http/Request))
#43 C:/Users/Lenovo/CascadeProjects/gunjannagar-khanepani/vendor/laravel/framework/src/Illuminate/Foundation/Http/Middleware/TransformsRequest.php(21): Illuminate/Pipeline/Pipeline->Illuminate/Pipeline/{closure}(Object(Illuminate/Http/Request))
#44 C:/Users/Lenovo/CascadeProjects/gunjannagar-khanepani/vendor/laravel/framework/src/Illuminate/Foundation/Http/Middleware/ConvertEmptyStringsToNull.php(31): Illuminate/Foundation/Http/Middleware/TransformsRequest->handle(Object(Illuminate/Http/Request), Object(Closure))
#45 C:/Users/Lenovo/CascadeProjects/gunjannagar-khanepani/vendor/laravel/framework/src/Illuminate/Pipeline/Pipeline.php(219): Illuminate/Foundation/Http/Middleware/ConvertEmptyStringsToNull->handle(Object(Illuminate/Http/Request), Object(Closure))
#46 C:/Users/Lenovo/CascadeProjects/gunjannagar-khanepani/vendor/laravel/framework/src/Illuminate/Foundation/Http/Middleware/TransformsRequest.php(21): Illuminate/Pipeline/Pipeline->Illuminate/Pipeline/{closure}(Object(Illuminate/Http/Request))
#47 C:/Users/Lenovo/CascadeProjects/gunjannagar-khanepani/vendor/laravel/framework/src/Illuminate/Foundation/Http/Middleware/TrimStrings.php(51): Illuminate/Foundation/Http/Middleware/TransformsRequest->handle(Object(Illuminate/Http/Request), Object(Closure))
#48 C:/Users/Lenovo/CascadeProjects/gunjannagar-khanepani/vendor/laravel/framework/src/Illuminate/Pipeline/Pipeline.php(219): Illuminate/Foundation/Http/Middleware/TrimStrings->handle(Object(Illuminate/Http/Request), Object(Closure))
#49 C:/Users/Lenovo/CascadeProjects/gunjannagar-khanepani/vendor/laravel/framework/src/Illuminate/Http/Middleware/ValidatePostSize.php(27): Illuminate/Pipeline/Pipeline->Illuminate/Pipeline/{closure}(Object(Illuminate/Http/Request))
#50 C:/Users/Lenovo/CascadeProjects/gunjannagar-khanepani/vendor/laravel/framework/src/Illuminate/Pipeline/Pipeline.php(219): Illuminate/Http/Middleware/ValidatePostSize->handle(Object(Illuminate/Http/Request), Object(Closure))
#51 C:/Users/Lenovo/CascadeProjects/gunjannagar-khanepani/vendor/laravel/framework/src/Illuminate/Foundation/Http/Middleware/PreventRequestsDuringMaintenance.php(109): Illuminate/Pipeline/Pipeline->Illuminate/Pipeline/{closure}(Object(Illuminate/Http/Request))
#52 C:/Users/Lenovo/CascadeProjects/gunjannagar-khanepani/vendor/laravel/framework/src/Illuminate/Pipeline/Pipeline.php(219): Illuminate/Foundation/Http/Middleware/PreventRequestsDuringMaintenance->handle(Object(Illuminate/Http/Request), Object(Closure))
#53 C:/Users/Lenovo/CascadeProjects/gunjannagar-khanepani/vendor/laravel/framework/src/Illuminate/Http/Middleware/HandleCors.php(61): Illuminate/Pipeline/Pipeline->Illuminate/Pipeline/{closure}(Object(Illuminate/Http/Request))
#54 C:/Users/Lenovo/CascadeProjects/gunjannagar-khanepani/vendor/laravel/framework/src/Illuminate/Pipeline/Pipeline.php(219): Illuminate/Http/Middleware/HandleCors->handle(Object(Illuminate/Http/Request), Object(Closure))
#55 C:/Users/Lenovo/CascadeProjects/gunjannagar-khanepani/vendor/laravel/framework/src/Illuminate/Http/Middleware/TrustProxies.php(58): Illuminate/Pipeline/Pipeline->Illuminate/Pipeline/{closure}(Object(Illuminate/Http/Request))
#56 C:/Users/Lenovo/CascadeProjects/gunjannagar-khanepani/vendor/laravel/framework/src/Illuminate/Pipeline/Pipeline.php(219): Illuminate/Http/Middleware/TrustProxies->handle(Object(Illuminate/Http/Request), Object(Closure))
#57 C:/Users/Lenovo/CascadeProjects/gunjannagar-khanepani/vendor/laravel/framework/src/Illuminate/Foundation/Http/Middleware/InvokeDeferredCallbacks.php(22): Illuminate/Pipeline/Pipeline->Illuminate/Pipeline/{closure}(Object(Illuminate/Http/Request))
#58 C:/Users/Lenovo/CascadeProjects/gunjannagar-khanepani/vendor/laravel/framework/src/Illuminate/Pipeline/Pipeline.php(219): Illuminate/Foundation/Http/Middleware/InvokeDeferredCallbacks->handle(Object(Illuminate/Http/Request), Object(Closure))
#59 C:/Users/Lenovo/CascadeProjects/gunjannagar-khanepani/vendor/laravel/framework/src/Illuminate/Http/Middleware/ValidatePathEncoding.php(26): Illuminate/Pipeline/Pipeline->Illuminate/Pipeline/{closure}(Object(Illuminate/Http/Request))
#60 C:/Users/Lenovo/CascadeProjects/gunjannagar-khanepani/vendor/laravel/framework/src/Illuminate/Pipeline/Pipeline.php(219): Illuminate/Http/Middleware/ValidatePathEncoding->handle(Object(Illuminate/Http/Request), Object(Closure))
#61 C:/Users/Lenovo/CascadeProjects/gunjannagar-khanepani/vendor/laravel/framework/src/Illuminate/Pipeline/Pipeline.php(137): Illuminate/Pipeline/Pipeline->Illuminate/Pipeline/{closure}(Object(Illuminate/Http/Request))
#62 C:/Users/Lenovo/CascadeProjects/gunjannagar-khanepani/vendor/laravel/framework/src/Illuminate/Foundation/Http/Kernel.php(175): Illuminate/Pipeline/Pipeline->then(Object(Closure))
#63 C:/Users/Lenovo/CascadeProjects/gunjannagar-khanepani/vendor/laravel/framework/src/Illuminate/Foundation/Http/Kernel.php(144): Illuminate/Foundation/Http/Kernel->sendRequestThroughRouter(Object(Illuminate/Http/Request))
#64 C:/Users/Lenovo/CascadeProjects/gunjannagar-khanepani/public/index.php(17): Illuminate/Foundation/Http/Kernel->handle(Object(Illuminate/Http/Request))
#65 C:/Users/Lenovo/CascadeProjects/gunjannagar-khanepani/vendor/laravel/framework/src/Illuminate/Foundation/resources/server.php(23): require_once('C://Users//Lenovo...')
#66 {main}

[previous exception] [object] (Symfony\\Component\\Routing\\Exception\\RouteNotFoundException(code: 0): Route [notices.index] not defined. at C:/Users/Lenovo/CascadeProjects/gunjannagar-khanepani/vendor/laravel/framework/src/Illuminate/Routing/UrlGenerator.php:536)
[stacktrace]
#0 C:/Users/Lenovo/CascadeProjects/gunjannagar-khanepani/vendor/laravel/framework/src/Illuminate/Foundation/helpers.php(870): Illuminate/Routing/UrlGenerator->route('notices.index', Array, true)
#1 C:/Users/Lenovo/CascadeProjects/gunjannagar-khanepani/storage/framework/views/c0b4dd7f66b653f7837fa1b43c80d62f.php(848): route('notices.index')
#2 C:/Users/Lenovo/CascadeProjects/gunjannagar-khanepani/vendor/laravel/framework/src/Illuminate/Filesystem/Filesystem.php(123): require('C://Users//Lenovo...')
#3 C:/Users/Lenovo/CascadeProjects/gunjannagar-khanepani/vendor/laravel/framework/src/Illuminate/Filesystem/Filesystem.php(124): Illuminate/Filesystem/Filesystem::Illuminate/Filesystem/{closure}()
#4 C:/Users/Lenovo/CascadeProjects/gunjannagar-khanepani/vendor/laravel/framework/src/Illuminate/View/Engines/PhpEngine.php(57): Illuminate/Filesystem/Filesystem->getRequire('C://Users//Lenovo...', Array)
#5 C:/Users/Lenovo/CascadeProjects/gunjannagar-khanepani/vendor/laravel/framework/src/Illuminate/View/Engines/CompilerEngine.php(76): Illuminate/View/Engines/PhpEngine->evaluatePath('C://Users//Lenovo...', Array)
#6 C:/Users/Lenovo/CascadeProjects/gunjannagar-khanepani/vendor/laravel/framework/src/Illuminate/View/View.php(208): Illuminate/View/Engines/CompilerEngine->get('C://Users//Lenovo...', Array)
#7 C:/Users/Lenovo/CascadeProjects/gunjannagar-khanepani/vendor/laravel/framework/src/Illuminate/View/View.php(191): Illuminate/View/View->getContents()
#8 C:/Users/Lenovo/CascadeProjects/gunjannagar-khanepani/vendor/laravel/framework/src/Illuminate/View/View.php(160): Illuminate/View/View->renderContents()
#9 C:/Users/Lenovo/CascadeProjects/gunjannagar-khanepani/storage/framework/views/0c824db939ec43fbd2d4a360e940a452.php(461): Illuminate/View/View->render()
#10 C:/Users/Lenovo/CascadeProjects/gunjannagar-khanepani/vendor/laravel/framework/src/Illuminate/Filesystem/Filesystem.php(123): require('C://Users//Lenovo...')
#11 C:/Users/Lenovo/CascadeProjects/gunjannagar-khanepani/vendor/laravel/framework/src/Illuminate/Filesystem/Filesystem.php(124): Illuminate/Filesystem/Filesystem::Illuminate/Filesystem/{closure}()
#12 C:/Users/Lenovo/CascadeProjects/gunjannagar-khanepani/vendor/laravel/framework/src/Illuminate/View/Engines/PhpEngine.php(57): Illuminate/Filesystem/Filesystem->getRequire('C://Users//Lenovo...', Array)
#13 C:/Users/Lenovo/CascadeProjects/gunjannagar-khanepani/vendor/laravel/framework/src/Illuminate/View/Engines/CompilerEngine.php(76): Illuminate/View/Engines/PhpEngine->evaluatePath('C://Users//Lenovo...', Array)
#14 C:/Users/Lenovo/CascadeProjects/gunjannagar-khanepani/vendor/laravel/framework/src/Illuminate/View/View.php(208): Illuminate/View/Engines/CompilerEngine->get('C://Users//Lenovo...', Array)
#15 C:/Users/Lenovo/CascadeProjects/gunjannagar-khanepani/vendor/laravel/framework/src/Illuminate/View/View.php(191): Illuminate/View/View->getContents()
#16 C:/Users/Lenovo/CascadeProjects/gunjannagar-khanepani/vendor/laravel/framework/src/Illuminate/View/View.php(160): Illuminate/View/View->renderContents()
#17 C:/Users/Lenovo/CascadeProjects/gunjannagar-khanepani/vendor/laravel/framework/src/Illuminate/Http/Response.php(78): Illuminate/View/View->render()
#18 C:/Users/Lenovo/CascadeProjects/gunjannagar-khanepani/vendor/laravel/framework/src/Illuminate/Http/Response.php(34): Illuminate/Http/Response->setContent(Object(Illuminate/View/View))
#19 C:/Users/Lenovo/CascadeProjects/gunjannagar-khanepani/vendor/laravel/framework/src/Illuminate/Routing/Router.php(939): Illuminate/Http/Response->__construct(Object(Illuminate/View/View), 200, Array)
#20 C:/Users/Lenovo/CascadeProjects/gunjannagar-khanepani/vendor/laravel/framework/src/Illuminate/Routing/Router.php(906): Illuminate/Routing/Router::toResponse(Object(Illuminate/Http/Request), Object(Illuminate/View/View))
#21 C:/Users/Lenovo/CascadeProjects/gunjannagar-khanepani/vendor/laravel/framework/src/Illuminate/Routing/Router.php(821): Illuminate/Routing/Router->prepareResponse(Object(Illuminate/Http/Request), Object(Illuminate/View/View))
#22 C:/Users/Lenovo/CascadeProjects/gunjannagar-khanepani/vendor/laravel/framework/src/Illuminate/Pipeline/Pipeline.php(180): Illuminate/Routing/Router->Illuminate/Routing/{closure}(Object(Illuminate/Http/Request))
#23 C:/Users/Lenovo/CascadeProjects/gunjannagar-khanepani/vendor/laravel/framework/src/Illuminate/Routing/Middleware/SubstituteBindings.php(50): Illuminate/Pipeline/Pipeline->Illuminate/Pipeline/{closure}(Object(Illuminate/Http/Request))
#24 C:/Users/Lenovo/CascadeProjects/gunjannagar-khanepani/vendor/laravel/framework/src/Illuminate/Pipeline/Pipeline.php(219): Illuminate/Routing/Middleware/SubstituteBindings->handle(Object(Illuminate/Http/Request), Object(Closure))
#25 C:/Users/Lenovo/CascadeProjects/gunjannagar-khanepani/vendor/laravel/framework/src/Illuminate/Foundation/Http/Middleware/VerifyCsrfToken.php(87): Illuminate/Pipeline/Pipeline->Illuminate/Pipeline/{closure}(Object(Illuminate/Http/Request))
#26 C:/Users/Lenovo/CascadeProjects/gunjannagar-khanepani/vendor/laravel/framework/src/Illuminate/Pipeline/Pipeline.php(219): Illuminate/Foundation/Http/Middleware/VerifyCsrfToken->handle(Object(Illuminate/Http/Request), Object(Closure))
#27 C:/Users/Lenovo/CascadeProjects/gunjannagar-khanepani/vendor/laravel/framework/src/Illuminate/View/Middleware/ShareErrorsFromSession.php(48): Illuminate/Pipeline/Pipeline->Illuminate/Pipeline/{closure}(Object(Illuminate/Http/Request))
#28 C:/Users/Lenovo/CascadeProjects/gunjannagar-khanepani/vendor/laravel/framework/src/Illuminate/Pipeline/Pipeline.php(219): Illuminate/View/Middleware/ShareErrorsFromSession->handle(Object(Illuminate/Http/Request), Object(Closure))
#29 C:/Users/Lenovo/CascadeProjects/gunjannagar-khanepani/vendor/laravel/framework/src/Illuminate/Session/Middleware/StartSession.php(120): Illuminate/Pipeline/Pipeline->Illuminate/Pipeline/{closure}(Object(Illuminate/Http/Request))
#30 C:/Users/Lenovo/CascadeProjects/gunjannagar-khanepani/vendor/laravel/framework/src/Illuminate/Session/Middleware/StartSession.php(63): Illuminate/Session/Middleware/StartSession->handleStatefulRequest(Object(Illuminate/Http/Request), Object(Illuminate/Session/Store), Object(Closure))
#31 C:/Users/Lenovo/CascadeProjects/gunjannagar-khanepani/vendor/laravel/framework/src/Illuminate/Pipeline/Pipeline.php(219): Illuminate/Session/Middleware/StartSession->handle(Object(Illuminate/Http/Request), Object(Closure))
#32 C:/Users/Lenovo/CascadeProjects/gunjannagar-khanepani/vendor/laravel/framework/src/Illuminate/Cookie/Middleware/AddQueuedCookiesToResponse.php(36): Illuminate/Pipeline/Pipeline->Illuminate/Pipeline/{closure}(Object(Illuminate/Http/Request))
#33 C:/Users/Lenovo/CascadeProjects/gunjannagar-khanepani/vendor/laravel/framework/src/Illuminate/Pipeline/Pipeline.php(219): Illuminate/Cookie/Middleware/AddQueuedCookiesToResponse->handle(Object(Illuminate/Http/Request), Object(Closure))
#34 C:/Users/Lenovo/CascadeProjects/gunjannagar-khanepani/vendor/laravel/framework/src/Illuminate/Cookie/Middleware/EncryptCookies.php(74): Illuminate/Pipeline/Pipeline->Illuminate/Pipeline/{closure}(Object(Illuminate/Http/Request))
#35 C:/Users/Lenovo/CascadeProjects/gunjannagar-khanepani/vendor/laravel/framework/src/Illuminate/Pipeline/Pipeline.php(219): Illuminate/Cookie/Middleware/EncryptCookies->handle(Object(Illuminate/Http/Request), Object(Closure))
#36 C:/Users/Lenovo/CascadeProjects/gunjannagar-khanepani/vendor/laravel/framework/src/Illuminate/Pipeline/Pipeline.php(137): Illuminate/Pipeline/Pipeline->Illuminate/Pipeline/{closure}(Object(Illuminate/Http/Request))
#37 C:/Users/Lenovo/CascadeProjects/gunjannagar-khanepani/vendor/laravel/framework/src/Illuminate/Routing/Router.php(821): Illuminate/Pipeline/Pipeline->then(Object(Closure))
#38 C:/Users/Lenovo/CascadeProjects/gunjannagar-khanepani/vendor/laravel/framework/src/Illuminate/Routing/Router.php(800): Illuminate/Routing/Router->runRouteWithinStack(Object(Illuminate/Routing/Route), Object(Illuminate/Http/Request))
#39 C:/Users/Lenovo/CascadeProjects/gunjannagar-khanepani/vendor/laravel/framework/src/Illuminate/Routing/Router.php(764): Illuminate/Routing/Router->runRoute(Object(Illuminate/Http/Request), Object(Illuminate/Routing/Route))
#40 C:/Users/Lenovo/CascadeProjects/gunjannagar-khanepani/vendor/laravel/framework/src/Illuminate/Routing/Router.php(753): Illuminate/Routing/Router->dispatchToRoute(Object(Illuminate/Http/Request))
#41 C:/Users/Lenovo/CascadeProjects/gunjannagar-khanepani/vendor/laravel/framework/src/Illuminate/Foundation/Http/Kernel.php(200): Illuminate/Routing/Router->dispatch(Object(Illuminate/Http/Request))
#42 C:/Users/Lenovo/CascadeProjects/gunjannagar-khanepani/vendor/laravel/framework/src/Illuminate/Pipeline/Pipeline.php(180): Illuminate/Foundation/Http/Kernel->Illuminate/Foundation/Http/{closure}(Object(Illuminate/Http/Request))
#43 C:/Users/Lenovo/CascadeProjects/gunjannagar-khanepani/vendor/laravel/framework/src/Illuminate/Foundation/Http/Middleware/TransformsRequest.php(21): Illuminate/Pipeline/Pipeline->Illuminate/Pipeline/{closure}(Object(Illuminate/Http/Request))
#44 C:/Users/Lenovo/CascadeProjects/gunjannagar-khanepani/vendor/laravel/framework/src/Illuminate/Foundation/Http/Middleware/ConvertEmptyStringsToNull.php(31): Illuminate/Foundation/Http/Middleware/TransformsRequest->handle(Object(Illuminate/Http/Request), Object(Closure))
#45 C:/Users/Lenovo/CascadeProjects/gunjannagar-khanepani/vendor/laravel/framework/src/Illuminate/Pipeline/Pipeline.php(219): Illuminate/Foundation/Http/Middleware/ConvertEmptyStringsToNull->handle(Object(Illuminate/Http/Request), Object(Closure))
#46 C:/Users/Lenovo/CascadeProjects/gunjannagar-khanepani/vendor/laravel/framework/src/Illuminate/Foundation/Http/Middleware/TransformsRequest.php(21): Illuminate/Pipeline/Pipeline->Illuminate/Pipeline/{closure}(Object(Illuminate/Http/Request))
#47 C:/Users/Lenovo/CascadeProjects/gunjannagar-khanepani/vendor/laravel/framework/src/Illuminate/Foundation/Http/Middleware/TrimStrings.php(51): Illuminate/Foundation/Http/Middleware/TransformsRequest->handle(Object(Illuminate/Http/Request), Object(Closure))
#48 C:/Users/Lenovo/CascadeProjects/gunjannagar-khanepani/vendor/laravel/framework/src/Illuminate/Pipeline/Pipeline.php(219): Illuminate/Foundation/Http/Middleware/TrimStrings->handle(Object(Illuminate/Http/Request), Object(Closure))
#49 C:/Users/Lenovo/CascadeProjects/gunjannagar-khanepani/vendor/laravel/framework/src/Illuminate/Http/Middleware/ValidatePostSize.php(27): Illuminate/Pipeline/Pipeline->Illuminate/Pipeline/{closure}(Object(Illuminate/Http/Request))
#50 C:/Users/Lenovo/CascadeProjects/gunjannagar-khanepani/vendor/laravel/framework/src/Illuminate/Pipeline/Pipeline.php(219): Illuminate/Http/Middleware/ValidatePostSize->handle(Object(Illuminate/Http/Request), Object(Closure))
#51 C:/Users/Lenovo/CascadeProjects/gunjannagar-khanepani/vendor/laravel/framework/src/Illuminate/Foundation/Http/Middleware/PreventRequestsDuringMaintenance.php(109): Illuminate/Pipeline/Pipeline->Illuminate/Pipeline/{closure}(Object(Illuminate/Http/Request))
#52 C:/Users/Lenovo/CascadeProjects/gunjannagar-khanepani/vendor/laravel/framework/src/Illuminate/Pipeline/Pipeline.php(219): Illuminate/Foundation/Http/Middleware/PreventRequestsDuringMaintenance->handle(Object(Illuminate/Http/Request), Object(Closure))
#53 C:/Users/Lenovo/CascadeProjects/gunjannagar-khanepani/vendor/laravel/framework/src/Illuminate/Http/Middleware/HandleCors.php(61): Illuminate/Pipeline/Pipeline->Illuminate/Pipeline/{closure}(Object(Illuminate/Http/Request))
#54 C:/Users/Lenovo/CascadeProjects/gunjannagar-khanepani/vendor/laravel/framework/src/Illuminate/Pipeline/Pipeline.php(219): Illuminate/Http/Middleware/HandleCors->handle(Object(Illuminate/Http/Request), Object(Closure))
#55 C:/Users/Lenovo/CascadeProjects/gunjannagar-khanepani/vendor/laravel/framework/src/Illuminate/Http/Middleware/TrustProxies.php(58): Illuminate/Pipeline/Pipeline->Illuminate/Pipeline/{closure}(Object(Illuminate/Http/Request))
#56 C:/Users/Lenovo/CascadeProjects/gunjannagar-khanepani/vendor/laravel/framework/src/Illuminate/Pipeline/Pipeline.php(219): Illuminate/Http/Middleware/TrustProxies->handle(Object(Illuminate/Http/Request), Object(Closure))
#57 C:/Users/Lenovo/CascadeProjects/gunjannagar-khanepani/vendor/laravel/framework/src/Illuminate/Foundation/Http/Middleware/InvokeDeferredCallbacks.php(22): Illuminate/Pipeline/Pipeline->Illuminate/Pipeline/{closure}(Object(Illuminate/Http/Request))
#58 C:/Users/Lenovo/CascadeProjects/gunjannagar-khanepani/vendor/laravel/framework/src/Illuminate/Pipeline/Pipeline.php(219): Illuminate/Foundation/Http/Middleware/InvokeDeferredCallbacks->handle(Object(Illuminate/Http/Request), Object(Closure))
#59 C:/Users/Lenovo/CascadeProjects/gunjannagar-khanepani/vendor/laravel/framework/src/Illuminate/Http/Middleware/ValidatePathEncoding.php(26): Illuminate/Pipeline/Pipeline->Illuminate/Pipeline/{closure}(Object(Illuminate/Http/Request))
#60 C:/Users/Lenovo/CascadeProjects/gunjannagar-khanepani/vendor/laravel/framework/src/Illuminate/Pipeline/Pipeline.php(219): Illuminate/Http/Middleware/ValidatePathEncoding->handle(Object(Illuminate/Http/Request), Object(Closure))
#61 C:/Users/Lenovo/CascadeProjects/gunjannagar-khanepani/vendor/laravel/framework/src/Illuminate/Pipeline/Pipeline.php(137): Illuminate/Pipeline/Pipeline->Illuminate/Pipeline/{closure}(Object(Illuminate/Http/Request))
#62 C:/Users/Lenovo/CascadeProjects/gunjannagar-khanepani/vendor/laravel/framework/src/Illuminate/Foundation/Http/Kernel.php(175): Illuminate/Pipeline/Pipeline->then(Object(Closure))
#63 C:/Users/Lenovo/CascadeProjects/gunjannagar-khanepani/vendor/laravel/framework/src/Illuminate/Foundation/Http/Kernel.php(144): Illuminate/Foundation/Http/Kernel->sendRequestThroughRouter(Object(Illuminate/Http/Request))
#64 C:/Users/Lenovo/CascadeProjects/gunjannagar-khanepani/public/index.php(17): Illuminate/Foundation/Http/Kernel->handle(Object(Illuminate/Http/Request))
#65 C:/Users/Lenovo/CascadeProjects/gunjannagar-khanepani/vendor/laravel/framework/src/Illuminate/Foundation/resources/server.php(23): require_once('C://Users//Lenovo...')
#66 {main}
"} 
[2026-08-15 11:40:20] local.ERROR: SQLSTATE[23000]: Integrity constraint violation: 19 NOT NULL constraint failed: officials.photo (Connection: sqlite, Database: database/database.sqlite, SQL: insert into "officials" ("name", "position", "designation", "photo", "bio", "phone", "email", "show_on_homepage", "order", "is_active", "updated_at", "created_at") values (श्री रामप्रसाद अधिकारी, अध्यक्ष, Chairman, ?, श्री रामप्रसाद अधिकारीले गुन्जनगर खानेपानी आयोजनाको अध्यक्षको रूपमा सेवा गर्दै हुनुहुन्छ।, +977-9876543210, chairman@gunjannagar.gov.np, 1, 1, 1, 2026-08-15 11:40:20, 2026-08-15 11:40:20)) {"exception":"[object] (Illuminate\\Database\\QueryException(code: 23000): SQLSTATE[23000]: Integrity constraint violation: 19 NOT NULL constraint failed: officials.photo (Connection: sqlite, Database: database/database.sqlite, SQL: insert into \"officials\" (\"name\", \"position\", \"designation\", \"photo\", \"bio\", \"phone\", \"email\", \"show_on_homepage\", \"order\", \"is_active\", \"updated_at\", \"created_at\") values (श्री रामप्रसाद अधिकारी, अध्यक्ष, Chairman, ?, श्री रामप्रसाद अधिकारीले गुन्जनगर खानेपानी आयोजनाको अध्यक्षको रूपमा सेवा गर्दै हुनुहुन्छ।, +977-9876543210, chairman@gunjannagar.gov.np, 1, 1, 1, 2026-08-15 11:40:20, 2026-08-15 11:40:20)) at C:/Users/Lenovo/CascadeProjects/gunjannagar-khanepani/vendor/laravel/framework/src/Illuminate/Database/Connection.php:838)
[stacktrace]
#0 C:/Users/Lenovo/CascadeProjects/gunjannagar-khanepani/vendor/laravel/framework/src/Illuminate/Database/Connection.php(794): Illuminate/Database/Connection->runQueryCallback('insert into \"of...', Array, Object(Closure))
#1 C:/Users/Lenovo/CascadeProjects/gunjannagar-khanepani/vendor/laravel/framework/src/Illuminate/Database/Connection.php(573): Illuminate/Database/Connection->run('insert into \"of...', Array, Object(Closure))
#2 C:/Users/Lenovo/CascadeProjects/gunjannagar-khanepani/vendor/laravel/framework/src/Illuminate/Database/Connection.php(537): Illuminate/Database/Connection->statement('insert into \"of...', Array)
#3 C:/Users/Lenovo/CascadeProjects/gunjannagar-khanepani/vendor/laravel/framework/src/Illuminate/Database/Query/Processors/Processor.php(32): Illuminate/Database/Connection->insert('insert into \"of...', Array)
#4 C:/Users/Lenovo/CascadeProjects/gunjannagar-khanepani/vendor/laravel/framework/src/Illuminate/Database/Query/Builder.php(4170): Illuminate/Database/Query/Processors/Processor->processInsertGetId(Object(Illuminate/Database/Query/Builder), 'insert into \"of...', Array, 'id')
#5 C:/Users/Lenovo/CascadeProjects/gunjannagar-khanepani/vendor/laravel/framework/src/Illuminate/Database/Eloquent/Builder.php(2237): Illuminate/Database/Query/Builder->insertGetId(Array, 'id')
#6 C:/Users/Lenovo/CascadeProjects/gunjannagar-khanepani/vendor/laravel/framework/src/Illuminate/Database/Eloquent/Model.php(1436): Illuminate/Database/Eloquent/Builder->__call('insertGetId', Array)
#7 C:/Users/Lenovo/CascadeProjects/gunjannagar-khanepani/vendor/laravel/framework/src/Illuminate/Database/Eloquent/Model.php(1401): Illuminate/Database/Eloquent/Model->insertAndSetId(Object(Illuminate/Database/Eloquent/Builder), Array)
#8 C:/Users/Lenovo/CascadeProjects/gunjannagar-khanepani/vendor/laravel/framework/src/Illuminate/Database/Eloquent/Model.php(1240): Illuminate/Database/Eloquent/Model->performInsert(Object(Illuminate/Database/Eloquent/Builder))
#9 C:/Users/Lenovo/CascadeProjects/gunjannagar-khanepani/vendor/laravel/framework/src/Illuminate/Database/Eloquent/Builder.php(1219): Illuminate/Database/Eloquent/Model->save()
#10 C:/Users/Lenovo/CascadeProjects/gunjannagar-khanepani/vendor/laravel/framework/src/Illuminate/Support/helpers.php(393): Illuminate/Database/Eloquent/Builder->Illuminate/Database/Eloquent/{closure}(Object(App/Models/Official))
#11 C:/Users/Lenovo/CascadeProjects/gunjannagar-khanepani/vendor/laravel/framework/src/Illuminate/Database/Eloquent/Builder.php(1218): tap(Object(App/Models/Official), Object(Closure))
#12 C:/Users/Lenovo/CascadeProjects/gunjannagar-khanepani/vendor/laravel/framework/src/Illuminate/Support/Traits/ForwardsCalls.php(23): Illuminate/Database/Eloquent/Builder->create(Array)
#13 C:/Users/Lenovo/CascadeProjects/gunjannagar-khanepani/vendor/laravel/framework/src/Illuminate/Database/Eloquent/Model.php(2544): Illuminate/Database/Eloquent/Model->forwardCallTo(Object(Illuminate/Database/Eloquent/Builder), 'create', Array)
#14 C:/Users/Lenovo/CascadeProjects/gunjannagar-khanepani/vendor/laravel/framework/src/Illuminate/Database/Eloquent/Model.php(2560): Illuminate/Database/Eloquent/Model->__call('create', Array)
#15 C:/Users/Lenovo/CascadeProjects/gunjannagar-khanepani/database/seeders/OfficialSeeder.php(76): Illuminate/Database/Eloquent/Model::__callStatic('create', Array)
#16 C:/Users/Lenovo/CascadeProjects/gunjannagar-khanepani/vendor/laravel/framework/src/Illuminate/Container/BoundMethod.php(36): Database/Seeders/OfficialSeeder->run()
#17 C:/Users/Lenovo/CascadeProjects/gunjannagar-khanepani/vendor/laravel/framework/src/Illuminate/Container/Util.php(43): Illuminate/Container/BoundMethod::Illuminate/Container/{closure}()
#18 C:/Users/Lenovo/CascadeProjects/gunjannagar-khanepani/vendor/laravel/framework/src/Illuminate/Container/BoundMethod.php(96): Illuminate/Container/Util::unwrapIfClosure(Object(Closure))
#19 C:/Users/Lenovo/CascadeProjects/gunjannagar-khanepani/vendor/laravel/framework/src/Illuminate/Container/BoundMethod.php(35): Illuminate/Container/BoundMethod::callBoundMethod(Object(Illuminate/Foundation/Application), Array, Object(Closure))
#20 C:/Users/Lenovo/CascadeProjects/gunjannagar-khanepani/vendor/laravel/framework/src/Illuminate/Container/Container.php(799): Illuminate/Container/BoundMethod::call(Object(Illuminate/Foundation/Application), Array, Array, NULL)
#21 C:/Users/Lenovo/CascadeProjects/gunjannagar-khanepani/vendor/laravel/framework/src/Illuminate/Database/Seeder.php(184): Illuminate/Container/Container->call(Array, Array)
#22 C:/Users/Lenovo/CascadeProjects/gunjannagar-khanepani/vendor/laravel/framework/src/Illuminate/Database/Seeder.php(193): Illuminate/Database/Seeder->Illuminate/Database/{closure}()
#23 C:/Users/Lenovo/CascadeProjects/gunjannagar-khanepani/vendor/laravel/framework/src/Illuminate/Database/Console/Seeds/SeedCommand.php(71): Illuminate/Database/Seeder->__invoke()
#24 C:/Users/Lenovo/CascadeProjects/gunjannagar-khanepani/vendor/laravel/framework/src/Illuminate/Database/Eloquent/Concerns/GuardsAttributes.php(157): Illuminate/Database/Console/Seeds/SeedCommand->Illuminate/Database/Console/Seeds/{closure}()
#25 C:/Users/Lenovo/CascadeProjects/gunjannagar-khanepani/vendor/laravel/framework/src/Illuminate/Database/Console/Seeds/SeedCommand.php(70): Illuminate/Database/Eloquent/Model::unguarded(Object(Closure))
#26 C:/Users/Lenovo/CascadeProjects/gunjannagar-khanepani/vendor/laravel/framework/src/Illuminate/Container/BoundMethod.php(36): Illuminate/Database/Console/Seeds/SeedCommand->handle()
#27 C:/Users/Lenovo/CascadeProjects/gunjannagar-khanepani/vendor/laravel/framework/src/Illuminate/Container/Util.php(43): Illuminate/Container/BoundMethod::Illuminate/Container/{closure}()
#28 C:/Users/Lenovo/CascadeProjects/gunjannagar-khanepani/vendor/laravel/framework/src/Illuminate/Container/BoundMethod.php(96): Illuminate/Container/Util::unwrapIfClosure(Object(Closure))
#29 C:/Users/Lenovo/CascadeProjects/gunjannagar-khanepani/vendor/laravel/framework/src/Illuminate/Container/BoundMethod.php(35): Illuminate/Container/BoundMethod::callBoundMethod(Object(Illuminate/Foundation/Application), Array, Object(Closure))
#30 C:/Users/Lenovo/CascadeProjects/gunjannagar-khanepani/vendor/laravel/framework/src/Illuminate/Container/Container.php(799): Illuminate/Container/BoundMethod::call(Object(Illuminate/Foundation/Application), Array, Array, NULL)
#31 C:/Users/Lenovo/CascadeProjects/gunjannagar-khanepani/vendor/laravel/framework/src/Illuminate/Console/Command.php(211): Illuminate/Container/Container->call(Array)
#32 C:/Users/Lenovo/CascadeProjects/gunjannagar-khanepani/vendor/symfony/console/Command/Command.php(341): Illuminate/Console/Command->execute(Object(Symfony/Component/Console/Input/ArgvInput), Object(Illuminate/Console/OutputStyle))
#33 C:/Users/Lenovo/CascadeProjects/gunjannagar-khanepani/vendor/laravel/framework/src/Illuminate/Console/Command.php(180): Symfony/Component/Console/Command/Command->run(Object(Symfony/Component/Console/Input/ArgvInput), Object(Illuminate/Console/OutputStyle))
#34 C:/Users/Lenovo/CascadeProjects/gunjannagar-khanepani/vendor/symfony/console/Application.php(1117): Illuminate/Console/Command->run(Object(Symfony/Component/Console/Input/ArgvInput), Object(Symfony/Component/Console/Output/ConsoleOutput))
#35 C:/Users/Lenovo/CascadeProjects/gunjannagar-khanepani/vendor/symfony/console/Application.php(356): Symfony/Component/Console/Application->doRunCommand(Object(Illuminate/Database/Console/Seeds/SeedCommand), Object(Symfony/Component/Console/Input/ArgvInput), Object(Symfony/Component/Console/Output/ConsoleOutput))
#36 C:/Users/Lenovo/CascadeProjects/gunjannagar-khanepani/vendor/symfony/console/Application.php(195): Symfony/Component/Console/Application->doRun(Object(Symfony/Component/Console/Input/ArgvInput), Object(Symfony/Component/Console/Output/ConsoleOutput))
#37 C:/Users/Lenovo/CascadeProjects/gunjannagar-khanepani/vendor/laravel/framework/src/Illuminate/Foundation/Console/Kernel.php(198): Symfony/Component/Console/Application->run(Object(Symfony/Component/Console/Input/ArgvInput), Object(Symfony/Component/Console/Output/ConsoleOutput))
#38 C:/Users/Lenovo/CascadeProjects/gunjannagar-khanepani/artisan(12): Illuminate/Foundation/Console/Kernel->handle(Object(Symfony/Component/Console/Input/ArgvInput), Object(Symfony/Component/Console/Output/ConsoleOutput))
#39 {main}

[previous exception] [object] (PDOException(code: 23000): SQLSTATE[23000]: Integrity constraint violation: 19 NOT NULL constraint failed: officials.photo at C:/Users/Lenovo/CascadeProjects/gunjannagar-khanepani/vendor/laravel/framework/src/Illuminate/Database/Connection.php:584)
[stacktrace]
#0 C:/Users/Lenovo/CascadeProjects/gunjannagar-khanepani/vendor/laravel/framework/src/Illuminate/Database/Connection.php(584): PDOStatement->execute()
#1 C:/Users/Lenovo/CascadeProjects/gunjannagar-khanepani/vendor/laravel/framework/src/Illuminate/Database/Connection.php(827): Illuminate/Database/Connection->Illuminate/Database/{closure}('insert into \"of...', Array)
#2 C:/Users/Lenovo/CascadeProjects/gunjannagar-khanepani/vendor/laravel/framework/src/Illuminate/Database/Connection.php(794): Illuminate/Database/Connection->runQueryCallback('insert into \"of...', Array, Object(Closure))
#3 C:/Users/Lenovo/CascadeProjects/gunjannagar-khanepani/vendor/laravel/framework/src/Illuminate/Database/Connection.php(573): Illuminate/Database/Connection->run('insert into \"of...', Array, Object(Closure))
#4 C:/Users/Lenovo/CascadeProjects/gunjannagar-khanepani/vendor/laravel/framework/src/Illuminate/Database/Connection.php(537): Illuminate/Database/Connection->statement('insert into \"of...', Array)
#5 C:/Users/Lenovo/CascadeProjects/gunjannagar-khanepani/vendor/laravel/framework/src/Illuminate/Database/Query/Processors/Processor.php(32): Illuminate/Database/Connection->insert('insert into \"of...', Array)
#6 C:/Users/Lenovo/CascadeProjects/gunjannagar-khanepani/vendor/laravel/framework/src/Illuminate/Database/Query/Builder.php(4170): Illuminate/Database/Query/Processors/Processor->processInsertGetId(Object(Illuminate/Database/Query/Builder), 'insert into \"of...', Array, 'id')
#7 C:/Users/Lenovo/CascadeProjects/gunjannagar-khanepani/vendor/laravel/framework/src/Illuminate/Database/Eloquent/Builder.php(2237): Illuminate/Database/Query/Builder->insertGetId(Array, 'id')
#8 C:/Users/Lenovo/CascadeProjects/gunjannagar-khanepani/vendor/laravel/framework/src/Illuminate/Database/Eloquent/Model.php(1436): Illuminate/Database/Eloquent/Builder->__call('insertGetId', Array)
#9 C:/Users/Lenovo/CascadeProjects/gunjannagar-khanepani/vendor/laravel/framework/src/Illuminate/Database/Eloquent/Model.php(1401): Illuminate/Database/Eloquent/Model->insertAndSetId(Object(Illuminate/Database/Eloquent/Builder), Array)
#10 C:/Users/Lenovo/CascadeProjects/gunjannagar-khanepani/vendor/laravel/framework/src/Illuminate/Database/Eloquent/Model.php(1240): Illuminate/Database/Eloquent/Model->performInsert(Object(Illuminate/Database/Eloquent/Builder))
#11 C:/Users/Lenovo/CascadeProjects/gunjannagar-khanepani/vendor/laravel/framework/src/Illuminate/Database/Eloquent/Builder.php(1219): Illuminate/Database/Eloquent/Model->save()
#12 C:/Users/Lenovo/CascadeProjects/gunjannagar-khanepani/vendor/laravel/framework/src/Illuminate/Support/helpers.php(393): Illuminate/Database/Eloquent/Builder->Illuminate/Database/Eloquent/{closure}(Object(App/Models/Official))
#13 C:/Users/Lenovo/CascadeProjects/gunjannagar-khanepani/vendor/laravel/framework/src/Illuminate/Database/Eloquent/Builder.php(1218): tap(Object(App/Models/Official), Object(Closure))
#14 C:/Users/Lenovo/CascadeProjects/gunjannagar-khanepani/vendor/laravel/framework/src/Illuminate/Support/Traits/ForwardsCalls.php(23): Illuminate/Database/Eloquent/Builder->create(Array)
#15 C:/Users/Lenovo/CascadeProjects/gunjannagar-khanepani/vendor/laravel/framework/src/Illuminate/Database/Eloquent/Model.php(2544): Illuminate/Database/Eloquent/Model->forwardCallTo(Object(Illuminate/Database/Eloquent/Builder), 'create', Array)
#16 C:/Users/Lenovo/CascadeProjects/gunjannagar-khanepani/vendor/laravel/framework/src/Illuminate/Database/Eloquent/Model.php(2560): Illuminate/Database/Eloquent/Model->__call('create', Array)
#17 C:/Users/Lenovo/CascadeProjects/gunjannagar-khanepani/database/seeders/OfficialSeeder.php(76): Illuminate/Database/Eloquent/Model::__callStatic('create', Array)
#18 C:/Users/Lenovo/CascadeProjects/gunjannagar-khanepani/vendor/laravel/framework/src/Illuminate/Container/BoundMethod.php(36): Database/Seeders/OfficialSeeder->run()
#19 C:/Users/Lenovo/CascadeProjects/gunjannagar-khanepani/vendor/laravel/framework/src/Illuminate/Container/Util.php(43): Illuminate/Container/BoundMethod::Illuminate/Container/{closure}()
#20 C:/Users/Lenovo/CascadeProjects/gunjannagar-khanepani/vendor/laravel/framework/src/Illuminate/Container/BoundMethod.php(96): Illuminate/Container/Util::unwrapIfClosure(Object(Closure))
#21 C:/Users/Lenovo/CascadeProjects/gunjannagar-khanepani/vendor/laravel/framework/src/Illuminate/Container/BoundMethod.php(35): Illuminate/Container/BoundMethod::callBoundMethod(Object(Illuminate/Foundation/Application), Array, Object(Closure))
#22 C:/Users/Lenovo/CascadeProjects/gunjannagar-khanepani/vendor/laravel/framework/src/Illuminate/Container/Container.php(799): Illuminate/Container/BoundMethod::call(Object(Illuminate/Foundation/Application), Array, Array, NULL)
#23 C:/Users/Lenovo/CascadeProjects/gunjannagar-khanepani/vendor/laravel/framework/src/Illuminate/Database/Seeder.php(184): Illuminate/Container/Container->call(Array, Array)
#24 C:/Users/Lenovo/CascadeProjects/gunjannagar-khanepani/vendor/laravel/framework/src/Illuminate/Database/Seeder.php(193): Illuminate/Database/Seeder->Illuminate/Database/{closure}()
#25 C:/Users/Lenovo/CascadeProjects/gunjannagar-khanepani/vendor/laravel/framework/src/Illuminate/Database/Console/Seeds/SeedCommand.php(71): Illuminate/Database/Seeder->__invoke()
#26 C:/Users/Lenovo/CascadeProjects/gunjannagar-khanepani/vendor/laravel/framework/src/Illuminate/Database/Eloquent/Concerns/GuardsAttributes.php(157): Illuminate/Database/Console/Seeds/SeedCommand->Illuminate/Database/Console/Seeds/{closure}()
#27 C:/Users/Lenovo/CascadeProjects/gunjannagar-khanepani/vendor/laravel/framework/src/Illuminate/Database/Console/Seeds/SeedCommand.php(70): Illuminate/Database/Eloquent/Model::unguarded(Object(Closure))
#28 C:/Users/Lenovo/CascadeProjects/gunjannagar-khanepani/vendor/laravel/framework/src/Illuminate/Container/BoundMethod.php(36): Illuminate/Database/Console/Seeds/SeedCommand->handle()
#29 C:/Users/Lenovo/CascadeProjects/gunjannagar-khanepani/vendor/laravel/framework/src/Illuminate/Container/Util.php(43): Illuminate/Container/BoundMethod::Illuminate/Container/{closure}()
#30 C:/Users/Lenovo/CascadeProjects/gunjannagar-khanepani/vendor/laravel/framework/src/Illuminate/Container/BoundMethod.php(96): Illuminate/Container/Util::unwrapIfClosure(Object(Closure))
#31 C:/Users/Lenovo/CascadeProjects/gunjannagar-khanepani/vendor/laravel/framework/src/Illuminate/Container/BoundMethod.php(35): Illuminate/Container/BoundMethod::callBoundMethod(Object(Illuminate/Foundation/Application), Array, Object(Closure))
#32 C:/Users/Lenovo/CascadeProjects/gunjannagar-khanepani/vendor/laravel/framework/src/Illuminate/Container/Container.php(799): Illuminate/Container/BoundMethod::call(Object(Illuminate/Foundation/Application), Array, Array, NULL)
#33 C:/Users/Lenovo/CascadeProjects/gunjannagar-khanepani/vendor/laravel/framework/src/Illuminate/Console/Command.php(211): Illuminate/Container/Container->call(Array)
#34 C:/Users/Lenovo/CascadeProjects/gunjannagar-khanepani/vendor/symfony/console/Command/Command.php(341): Illuminate/Console/Command->execute(Object(Symfony/Component/Console/Input/ArgvInput), Object(Illuminate/Console/OutputStyle))
#35 C:/Users/Lenovo/CascadeProjects/gunjannagar-khanepani/vendor/laravel/framework/src/Illuminate/Console/Command.php(180): Symfony/Component/Console/Command/Command->run(Object(Symfony/Component/Console/Input/ArgvInput), Object(Illuminate/Console/OutputStyle))
#36 C:/Users/Lenovo/CascadeProjects/gunjannagar-khanepani/vendor/symfony/console/Application.php(1117): Illuminate/Console/Command->run(Object(Symfony/Component/Console/Input/ArgvInput), Object(Symfony/Component/Console/Output/ConsoleOutput))
#37 C:/Users/Lenovo/CascadeProjects/gunjannagar-khanepani/vendor/symfony/console/Application.php(356): Symfony/Component/Console/Application->doRunCommand(Object(Illuminate/Database/Console/Seeds/SeedCommand), Object(Symfony/Component/Console/Input/ArgvInput), Object(Symfony/Component/Console/Output/ConsoleOutput))
#38 C:/Users/Lenovo/CascadeProjects/gunjannagar-khanepani/vendor/symfony/console/Application.php(195): Symfony/Component/Console/Application->doRun(Object(Symfony/Component/Console/Input/ArgvInput), Object(Symfony/Component/Console/Output/ConsoleOutput))
#39 C:/Users/Lenovo/CascadeProjects/gunjannagar-khanepani/vendor/laravel/framework/src/Illuminate/Foundation/Console/Kernel.php(198): Symfony/Component/Console/Application->run(Object(Symfony/Component/Console/Input/ArgvInput), Object(Symfony/Component/Console/Output/ConsoleOutput))
#40 C:/Users/Lenovo/CascadeProjects/gunjannagar-khanepani/artisan(12): Illuminate/Foundation/Console/Kernel->handle(Object(Symfony/Component/Console/Input/ArgvInput), Object(Symfony/Component/Console/Output/ConsoleOutput))
#41 {main}
"} 
[2026-08-15 11:45:16] local.ERROR: PHP Parse error: Syntax error, unexpected T_NS_SEPARATOR on line 1 {"exception":"[object] (Psy\\Exception\\ParseErrorException(code: 0): PHP Parse error: Syntax error, unexpected T_NS_SEPARATOR on line 1 at C:/Users/Lenovo/CascadeProjects/gunjannagar-khanepani/vendor/psy/psysh/src/Exception/ParseErrorException.php:44)
[stacktrace]
#0 C:/Users/Lenovo/CascadeProjects/gunjannagar-khanepani/vendor/psy/psysh/src/CodeCleaner.php(657): Psy/Exception/ParseErrorException::fromParseError(Object(PhpParser/Error))
#1 C:/Users/Lenovo/CascadeProjects/gunjannagar-khanepani/vendor/psy/psysh/src/CodeCleaner.php(273): Psy/CodeCleaner->parse('<?php // = Downl...', false)
#2 C:/Users/Lenovo/CascadeProjects/gunjannagar-khanepani/vendor/psy/psysh/src/Shell.php(1399): Psy/CodeCleaner->clean(Array, false)
#3 C:/Users/Lenovo/CascadeProjects/gunjannagar-khanepani/vendor/psy/psysh/src/Shell.php(1506): Psy/Shell->appendCode('// = Download::a...', true, false)
#4 C:/Users/Lenovo/CascadeProjects/gunjannagar-khanepani/vendor/psy/psysh/src/Shell.php(2215): Psy/Shell->setCode('// = Download::a...', true)
#5 C:/Users/Lenovo/CascadeProjects/gunjannagar-khanepani/vendor/laravel/tinker/src/Console/TinkerCommand.php(77): Psy/Shell->execute('// = Download::a...')
#6 C:/Users/Lenovo/CascadeProjects/gunjannagar-khanepani/vendor/laravel/framework/src/Illuminate/Container/BoundMethod.php(36): Laravel/Tinker/Console/TinkerCommand->handle()
#7 C:/Users/Lenovo/CascadeProjects/gunjannagar-khanepani/vendor/laravel/framework/src/Illuminate/Container/Util.php(43): Illuminate/Container/BoundMethod::Illuminate/Container/{closure}()
#8 C:/Users/Lenovo/CascadeProjects/gunjannagar-khanepani/vendor/laravel/framework/src/Illuminate/Container/BoundMethod.php(96): Illuminate/Container/Util::unwrapIfClosure(Object(Closure))
#9 C:/Users/Lenovo/CascadeProjects/gunjannagar-khanepani/vendor/laravel/framework/src/Illuminate/Container/BoundMethod.php(35): Illuminate/Container/BoundMethod::callBoundMethod(Object(Illuminate/Foundation/Application), Array, Object(Closure))
#10 C:/Users/Lenovo/CascadeProjects/gunjannagar-khanepani/vendor/laravel/framework/src/Illuminate/Container/Container.php(799): Illuminate/Container/BoundMethod::call(Object(Illuminate/Foundation/Application), Array, Array, NULL)
#11 C:/Users/Lenovo/CascadeProjects/gunjannagar-khanepani/vendor/laravel/framework/src/Illuminate/Console/Command.php(211): Illuminate/Container/Container->call(Array)
#12 C:/Users/Lenovo/CascadeProjects/gunjannagar-khanepani/vendor/symfony/console/Command/Command.php(341): Illuminate/Console/Command->execute(Object(Symfony/Component/Console/Input/ArgvInput), Object(Illuminate/Console/OutputStyle))
#13 C:/Users/Lenovo/CascadeProjects/gunjannagar-khanepani/vendor/laravel/framework/src/Illuminate/Console/Command.php(180): Symfony/Component/Console/Command/Command->run(Object(Symfony/Component/Console/Input/ArgvInput), Object(Illuminate/Console/OutputStyle))
#14 C:/Users/Lenovo/CascadeProjects/gunjannagar-khanepani/vendor/symfony/console/Application.php(1117): Illuminate/Console/Command->run(Object(Symfony/Component/Console/Input/ArgvInput), Object(Symfony/Component/Console/Output/ConsoleOutput))
#15 C:/Users/Lenovo/CascadeProjects/gunjannagar-khanepani/vendor/symfony/console/Application.php(356): Symfony/Component/Console/Application->doRunCommand(Object(Laravel/Tinker/Console/TinkerCommand), Object(Symfony/Component/Console/Input/ArgvInput), Object(Symfony/Component/Console/Output/ConsoleOutput))
#16 C:/Users/Lenovo/CascadeProjects/gunjannagar-khanepani/vendor/symfony/console/Application.php(195): Symfony/Component/Console/Application->doRun(Object(Symfony/Component/Console/Input/ArgvInput), Object(Symfony/Component/Console/Output/ConsoleOutput))
#17 C:/Users/Lenovo/CascadeProjects/gunjannagar-khanepani/vendor/laravel/framework/src/Illuminate/Foundation/Console/Kernel.php(198): Symfony/Component/Console/Application->run(Object(Symfony/Component/Console/Input/ArgvInput), Object(Symfony/Component/Console/Output/ConsoleOutput))
#18 C:/Users/Lenovo/CascadeProjects/gunjannagar-khanepani/artisan(12): Illuminate/Foundation/Console/Kernel->handle(Object(Symfony/Component/Console/Input/ArgvInput), Object(Symfony/Component/Console/Output/ConsoleOutput))
#19 {main}
"} 
[2026-08-15 12:23:40] local.ERROR: SQLSTATE[HY000]: General error: 1 table sliders has no column named featured (Connection: sqlite, Database: database/database.sqlite, SQL: insert into "sliders" ("title", "subtitle", "image", "button_text", "button_url", "show_overlay", "order", "is_active", "featured", "updated_at", "created_at") values (स्वच्छ पानी, स्वस्थ जीवन, गुन्जनगरवासीहरूलाई गुणस्तरीय खानेपानी उपलब्ध गराउनु हाम्रो प्रमुख लक्ष्य हो।, https://images.unsplash.com/photo-1541544741-fa0b16e32b3d?w=1920&h=1080&fit=crop, थप जानकारी →, #about, 1, 1, 1, 1, 2026-08-15 12:23:40, 2026-08-15 12:23:40)) {"exception":"[object] (Illuminate\\Database\\QueryException(code: HY000): SQLSTATE[HY000]: General error: 1 table sliders has no column named featured (Connection: sqlite, Database: database/database.sqlite, SQL: insert into \"sliders\" (\"title\", \"subtitle\", \"image\", \"button_text\", \"button_url\", \"show_overlay\", \"order\", \"is_active\", \"featured\", \"updated_at\", \"created_at\") values (स्वच्छ पानी, स्वस्थ जीवन, गुन्जनगरवासीहरूलाई गुणस्तरीय खानेपानी उपलब्ध गराउनु हाम्रो प्रमुख लक्ष्य हो।, https://images.unsplash.com/photo-1541544741-fa0b16e32b3d?w=1920&h=1080&fit=crop, थप जानकारी →, #about, 1, 1, 1, 1, 2026-08-15 12:23:40, 2026-08-15 12:23:40)) at C:/Users/Lenovo/CascadeProjects/gunjannagar-khanepani/vendor/laravel/framework/src/Illuminate/Database/Connection.php:838)
[stacktrace]
#0 C:/Users/Lenovo/CascadeProjects/gunjannagar-khanepani/vendor/laravel/framework/src/Illuminate/Database/Connection.php(794): Illuminate/Database/Connection->runQueryCallback('insert into \"sl...', Array, Object(Closure))
#1 C:/Users/Lenovo/CascadeProjects/gunjannagar-khanepani/vendor/laravel/framework/src/Illuminate/Database/Connection.php(573): Illuminate/Database/Connection->run('insert into \"sl...', Array, Object(Closure))
#2 C:/Users/Lenovo/CascadeProjects/gunjannagar-khanepani/vendor/laravel/framework/src/Illuminate/Database/Connection.php(537): Illuminate/Database/Connection->statement('insert into \"sl...', Array)
#3 C:/Users/Lenovo/CascadeProjects/gunjannagar-khanepani/vendor/laravel/framework/src/Illuminate/Database/Query/Processors/Processor.php(32): Illuminate/Database/Connection->insert('insert into \"sl...', Array)
#4 C:/Users/Lenovo/CascadeProjects/gunjannagar-khanepani/vendor/laravel/framework/src/Illuminate/Database/Query/Builder.php(4170): Illuminate/Database/Query/Processors/Processor->processInsertGetId(Object(Illuminate/Database/Query/Builder), 'insert into \"sl...', Array, 'id')
#5 C:/Users/Lenovo/CascadeProjects/gunjannagar-khanepani/vendor/laravel/framework/src/Illuminate/Database/Eloquent/Builder.php(2237): Illuminate/Database/Query/Builder->insertGetId(Array, 'id')
#6 C:/Users/Lenovo/CascadeProjects/gunjannagar-khanepani/vendor/laravel/framework/src/Illuminate/Database/Eloquent/Model.php(1436): Illuminate/Database/Eloquent/Builder->__call('insertGetId', Array)
#7 C:/Users/Lenovo/CascadeProjects/gunjannagar-khanepani/vendor/laravel/framework/src/Illuminate/Database/Eloquent/Model.php(1401): Illuminate/Database/Eloquent/Model->insertAndSetId(Object(Illuminate/Database/Eloquent/Builder), Array)
#8 C:/Users/Lenovo/CascadeProjects/gunjannagar-khanepani/vendor/laravel/framework/src/Illuminate/Database/Eloquent/Model.php(1240): Illuminate/Database/Eloquent/Model->performInsert(Object(Illuminate/Database/Eloquent/Builder))
#9 C:/Users/Lenovo/CascadeProjects/gunjannagar-khanepani/vendor/laravel/framework/src/Illuminate/Database/Eloquent/Builder.php(1219): Illuminate/Database/Eloquent/Model->save()
#10 C:/Users/Lenovo/CascadeProjects/gunjannagar-khanepani/vendor/laravel/framework/src/Illuminate/Support/helpers.php(393): Illuminate/Database/Eloquent/Builder->Illuminate/Database/Eloquent/{closure}(Object(App/Models/Slider))
#11 C:/Users/Lenovo/CascadeProjects/gunjannagar-khanepani/vendor/laravel/framework/src/Illuminate/Database/Eloquent/Builder.php(1218): tap(Object(App/Models/Slider), Object(Closure))
#12 C:/Users/Lenovo/CascadeProjects/gunjannagar-khanepani/vendor/laravel/framework/src/Illuminate/Support/Traits/ForwardsCalls.php(23): Illuminate/Database/Eloquent/Builder->create(Array)
#13 C:/Users/Lenovo/CascadeProjects/gunjannagar-khanepani/vendor/laravel/framework/src/Illuminate/Database/Eloquent/Model.php(2544): Illuminate/Database/Eloquent/Model->forwardCallTo(Object(Illuminate/Database/Eloquent/Builder), 'create', Array)
#14 C:/Users/Lenovo/CascadeProjects/gunjannagar-khanepani/vendor/laravel/framework/src/Illuminate/Database/Eloquent/Model.php(2560): Illuminate/Database/Eloquent/Model->__call('create', Array)
#15 C:/Users/Lenovo/CascadeProjects/gunjannagar-khanepani/database/seeders/SliderSeeder.php(49): Illuminate/Database/Eloquent/Model::__callStatic('create', Array)
#16 C:/Users/Lenovo/CascadeProjects/gunjannagar-khanepani/vendor/laravel/framework/src/Illuminate/Container/BoundMethod.php(36): Database/Seeders/SliderSeeder->run()
#17 C:/Users/Lenovo/CascadeProjects/gunjannagar-khanepani/vendor/laravel/framework/src/Illuminate/Container/Util.php(43): Illuminate/Container/BoundMethod::Illuminate/Container/{closure}()
#18 C:/Users/Lenovo/CascadeProjects/gunjannagar-khanepani/vendor/laravel/framework/src/Illuminate/Container/BoundMethod.php(96): Illuminate/Container/Util::unwrapIfClosure(Object(Closure))
#19 C:/Users/Lenovo/CascadeProjects/gunjannagar-khanepani/vendor/laravel/framework/src/Illuminate/Container/BoundMethod.php(35): Illuminate/Container/BoundMethod::callBoundMethod(Object(Illuminate/Foundation/Application), Array, Object(Closure))
#20 C:/Users/Lenovo/CascadeProjects/gunjannagar-khanepani/vendor/laravel/framework/src/Illuminate/Container/Container.php(799): Illuminate/Container/BoundMethod::call(Object(Illuminate/Foundation/Application), Array, Array, NULL)
#21 C:/Users/Lenovo/CascadeProjects/gunjannagar-khanepani/vendor/laravel/framework/src/Illuminate/Database/Seeder.php(184): Illuminate/Container/Container->call(Array, Array)
#22 C:/Users/Lenovo/CascadeProjects/gunjannagar-khanepani/vendor/laravel/framework/src/Illuminate/Database/Seeder.php(193): Illuminate/Database/Seeder->Illuminate/Database/{closure}()
#23 C:/Users/Lenovo/CascadeProjects/gunjannagar-khanepani/vendor/laravel/framework/src/Illuminate/Database/Console/Seeds/SeedCommand.php(71): Illuminate/Database/Seeder->__invoke()
#24 C:/Users/Lenovo/CascadeProjects/gunjannagar-khanepani/vendor/laravel/framework/src/Illuminate/Database/Eloquent/Concerns/GuardsAttributes.php(157): Illuminate/Database/Console/Seeds/SeedCommand->Illuminate/Database/Console/Seeds/{closure}()
#25 C:/Users/Lenovo/CascadeProjects/gunjannagar-khanepani/vendor/laravel/framework/src/Illuminate/Database/Console/Seeds/SeedCommand.php(70): Illuminate/Database/Eloquent/Model::unguarded(Object(Closure))
#26 C:/Users/Lenovo/CascadeProjects/gunjannagar-khanepani/vendor/laravel/framework/src/Illuminate/Container/BoundMethod.php(36): Illuminate/Database/Console/Seeds/SeedCommand->handle()
#27 C:/Users/Lenovo/CascadeProjects/gunjannagar-khanepani/vendor/laravel/framework/src/Illuminate/Container/Util.php(43): Illuminate/Container/BoundMethod::Illuminate/Container/{closure}()
#28 C:/Users/Lenovo/CascadeProjects/gunjannagar-khanepani/vendor/laravel/framework/src/Illuminate/Container/BoundMethod.php(96): Illuminate/Container/Util::unwrapIfClosure(Object(Closure))
#29 C:/Users/Lenovo/CascadeProjects/gunjannagar-khanepani/vendor/laravel/framework/src/Illuminate/Container/BoundMethod.php(35): Illuminate/Container/BoundMethod::callBoundMethod(Object(Illuminate/Foundation/Application), Array, Object(Closure))
#30 C:/Users/Lenovo/CascadeProjects/gunjannagar-khanepani/vendor/laravel/framework/src/Illuminate/Container/Container.php(799): Illuminate/Container/BoundMethod::call(Object(Illuminate/Foundation/Application), Array, Array, NULL)
#31 C:/Users/Lenovo/CascadeProjects/gunjannagar-khanepani/vendor/laravel/framework/src/Illuminate/Console/Command.php(211): Illuminate/Container/Container->call(Array)
#32 C:/Users/Lenovo/CascadeProjects/gunjannagar-khanepani/vendor/symfony/console/Command/Command.php(341): Illuminate/Console/Command->execute(Object(Symfony/Component/Console/Input/ArgvInput), Object(Illuminate/Console/OutputStyle))
#33 C:/Users/Lenovo/CascadeProjects/gunjannagar-khanepani/vendor/laravel/framework/src/Illuminate/Console/Command.php(180): Symfony/Component/Console/Command/Command->run(Object(Symfony/Component/Console/Input/ArgvInput), Object(Illuminate/Console/OutputStyle))
#34 C:/Users/Lenovo/CascadeProjects/gunjannagar-khanepani/vendor/symfony/console/Application.php(1117): Illuminate/Console/Command->run(Object(Symfony/Component/Console/Input/ArgvInput), Object(Symfony/Component/Console/Output/ConsoleOutput))
#35 C:/Users/Lenovo/CascadeProjects/gunjannagar-khanepani/vendor/symfony/console/Application.php(356): Symfony/Component/Console/Application->doRunCommand(Object(Illuminate/Database/Console/Seeds/SeedCommand), Object(Symfony/Component/Console/Input/ArgvInput), Object(Symfony/Component/Console/Output/ConsoleOutput))
#36 C:/Users/Lenovo/CascadeProjects/gunjannagar-khanepani/vendor/symfony/console/Application.php(195): Symfony/Component/Console/Application->doRun(Object(Symfony/Component/Console/Input/ArgvInput), Object(Symfony/Component/Console/Output/ConsoleOutput))
#37 C:/Users/Lenovo/CascadeProjects/gunjannagar-khanepani/vendor/laravel/framework/src/Illuminate/Foundation/Console/Kernel.php(198): Symfony/Component/Console/Application->run(Object(Symfony/Component/Console/Input/ArgvInput), Object(Symfony/Component/Console/Output/ConsoleOutput))
#38 C:/Users/Lenovo/CascadeProjects/gunjannagar-khanepani/artisan(12): Illuminate/Foundation/Console/Kernel->handle(Object(Symfony/Component/Console/Input/ArgvInput), Object(Symfony/Component/Console/Output/ConsoleOutput))
#39 {main}

[previous exception] [object] (PDOException(code: HY000): SQLSTATE[HY000]: General error: 1 table sliders has no column named featured at C:/Users/Lenovo/CascadeProjects/gunjannagar-khanepani/vendor/laravel/framework/src/Illuminate/Database/Connection.php:578)
[stacktrace]
#0 C:/Users/Lenovo/CascadeProjects/gunjannagar-khanepani/vendor/laravel/framework/src/Illuminate/Database/Connection.php(578): PDO->prepare('insert into \"sl...')
#1 C:/Users/Lenovo/CascadeProjects/gunjannagar-khanepani/vendor/laravel/framework/src/Illuminate/Database/Connection.php(827): Illuminate/Database/Connection->Illuminate/Database/{closure}('insert into \"sl...', Array)
#2 C:/Users/Lenovo/CascadeProjects/gunjannagar-khanepani/vendor/laravel/framework/src/Illuminate/Database/Connection.php(794): Illuminate/Database/Connection->runQueryCallback('insert into \"sl...', Array, Object(Closure))
#3 C:/Users/Lenovo/CascadeProjects/gunjannagar-khanepani/vendor/laravel/framework/src/Illuminate/Database/Connection.php(573): Illuminate/Database/Connection->run('insert into \"sl...', Array, Object(Closure))
#4 C:/Users/Lenovo/CascadeProjects/gunjannagar-khanepani/vendor/laravel/framework/src/Illuminate/Database/Connection.php(537): Illuminate/Database/Connection->statement('insert into \"sl...', Array)
#5 C:/Users/Lenovo/CascadeProjects/gunjannagar-khanepani/vendor/laravel/framework/src/Illuminate/Database/Query/Processors/Processor.php(32): Illuminate/Database/Connection->insert('insert into \"sl...', Array)
#6 C:/Users/Lenovo/CascadeProjects/gunjannagar-khanepani/vendor/laravel/framework/src/Illuminate/Database/Query/Builder.php(4170): Illuminate/Database/Query/Processors/Processor->processInsertGetId(Object(Illuminate/Database/Query/Builder), 'insert into \"sl...', Array, 'id')
#7 C:/Users/Lenovo/CascadeProjects/gunjannagar-khanepani/vendor/laravel/framework/src/Illuminate/Database/Eloquent/Builder.php(2237): Illuminate/Database/Query/Builder->insertGetId(Array, 'id')
#8 C:/Users/Lenovo/CascadeProjects/gunjannagar-khanepani/vendor/laravel/framework/src/Illuminate/Database/Eloquent/Model.php(1436): Illuminate/Database/Eloquent/Builder->__call('insertGetId', Array)
#9 C:/Users/Lenovo/CascadeProjects/gunjannagar-khanepani/vendor/laravel/framework/src/Illuminate/Database/Eloquent/Model.php(1401): Illuminate/Database/Eloquent/Model->insertAndSetId(Object(Illuminate/Database/Eloquent/Builder), Array)
#10 C:/Users/Lenovo/CascadeProjects/gunjannagar-khanepani/vendor/laravel/framework/src/Illuminate/Database/Eloquent/Model.php(1240): Illuminate/Database/Eloquent/Model->performInsert(Object(Illuminate/Database/Eloquent/Builder))
#11 C:/Users/Lenovo/CascadeProjects/gunjannagar-khanepani/vendor/laravel/framework/src/Illuminate/Database/Eloquent/Builder.php(1219): Illuminate/Database/Eloquent/Model->save()
#12 C:/Users/Lenovo/CascadeProjects/gunjannagar-khanepani/vendor/laravel/framework/src/Illuminate/Support/helpers.php(393): Illuminate/Database/Eloquent/Builder->Illuminate/Database/Eloquent/{closure}(Object(App/Models/Slider))
#13 C:/Users/Lenovo/CascadeProjects/gunjannagar-khanepani/vendor/laravel/framework/src/Illuminate/Database/Eloquent/Builder.php(1218): tap(Object(App/Models/Slider), Object(Closure))
#14 C:/Users/Lenovo/CascadeProjects/gunjannagar-khanepani/vendor/laravel/framework/src/Illuminate/Support/Traits/ForwardsCalls.php(23): Illuminate/Database/Eloquent/Builder->create(Array)
#15 C:/Users/Lenovo/CascadeProjects/gunjannagar-khanepani/vendor/laravel/framework/src/Illuminate/Database/Eloquent/Model.php(2544): Illuminate/Database/Eloquent/Model->forwardCallTo(Object(Illuminate/Database/Eloquent/Builder), 'create', Array)
#16 C:/Users/Lenovo/CascadeProjects/gunjannagar-khanepani/vendor/laravel/framework/src/Illuminate/Database/Eloquent/Model.php(2560): Illuminate/Database/Eloquent/Model->__call('create', Array)
#17 C:/Users/Lenovo/CascadeProjects/gunjannagar-khanepani/database/seeders/SliderSeeder.php(49): Illuminate/Database/Eloquent/Model::__callStatic('create', Array)
#18 C:/Users/Lenovo/CascadeProjects/gunjannagar-khanepani/vendor/laravel/framework/src/Illuminate/Container/BoundMethod.php(36): Database/Seeders/SliderSeeder->run()
#19 C:/Users/Lenovo/CascadeProjects/gunjannagar-khanepani/vendor/laravel/framework/src/Illuminate/Container/Util.php(43): Illuminate/Container/BoundMethod::Illuminate/Container/{closure}()
#20 C:/Users/Lenovo/CascadeProjects/gunjannagar-khanepani/vendor/laravel/framework/src/Illuminate/Container/BoundMethod.php(96): Illuminate/Container/Util::unwrapIfClosure(Object(Closure))
#21 C:/Users/Lenovo/CascadeProjects/gunjannagar-khanepani/vendor/laravel/framework/src/Illuminate/Container/BoundMethod.php(35): Illuminate/Container/BoundMethod::callBoundMethod(Object(Illuminate/Foundation/Application), Array, Object(Closure))
#22 C:/Users/Lenovo/CascadeProjects/gunjannagar-khanepani/vendor/laravel/framework/src/Illuminate/Container/Container.php(799): Illuminate/Container/BoundMethod::call(Object(Illuminate/Foundation/Application), Array, Array, NULL)
#23 C:/Users/Lenovo/CascadeProjects/gunjannagar-khanepani/vendor/laravel/framework/src/Illuminate/Database/Seeder.php(184): Illuminate/Container/Container->call(Array, Array)
#24 C:/Users/Lenovo/CascadeProjects/gunjannagar-khanepani/vendor/laravel/framework/src/Illuminate/Database/Seeder.php(193): Illuminate/Database/Seeder->Illuminate/Database/{closure}()
#25 C:/Users/Lenovo/CascadeProjects/gunjannagar-khanepani/vendor/laravel/framework/src/Illuminate/Database/Console/Seeds/SeedCommand.php(71): Illuminate/Database/Seeder->__invoke()
#26 C:/Users/Lenovo/CascadeProjects/gunjannagar-khanepani/vendor/laravel/framework/src/Illuminate/Database/Eloquent/Concerns/GuardsAttributes.php(157): Illuminate/Database/Console/Seeds/SeedCommand->Illuminate/Database/Console/Seeds/{closure}()
#27 C:/Users/Lenovo/CascadeProjects/gunjannagar-khanepani/vendor/laravel/framework/src/Illuminate/Database/Console/Seeds/SeedCommand.php(70): Illuminate/Database/Eloquent/Model::unguarded(Object(Closure))
#28 C:/Users/Lenovo/CascadeProjects/gunjannagar-khanepani/vendor/laravel/framework/src/Illuminate/Container/BoundMethod.php(36): Illuminate/Database/Console/Seeds/SeedCommand->handle()
#29 C:/Users/Lenovo/CascadeProjects/gunjannagar-khanepani/vendor/laravel/framework/src/Illuminate/Container/Util.php(43): Illuminate/Container/BoundMethod::Illuminate/Container/{closure}()
#30 C:/Users/Lenovo/CascadeProjects/gunjannagar-khanepani/vendor/laravel/framework/src/Illuminate/Container/BoundMethod.php(96): Illuminate/Container/Util::unwrapIfClosure(Object(Closure))
#31 C:/Users/Lenovo/CascadeProjects/gunjannagar-khanepani/vendor/laravel/framework/src/Illuminate/Container/BoundMethod.php(35): Illuminate/Container/BoundMethod::callBoundMethod(Object(Illuminate/Foundation/Application), Array, Object(Closure))
#32 C:/Users/Lenovo/CascadeProjects/gunjannagar-khanepani/vendor/laravel/framework/src/Illuminate/Container/Container.php(799): Illuminate/Container/BoundMethod::call(Object(Illuminate/Foundation/Application), Array, Array, NULL)
#33 C:/Users/Lenovo/CascadeProjects/gunjannagar-khanepani/vendor/laravel/framework/src/Illuminate/Console/Command.php(211): Illuminate/Container/Container->call(Array)
#34 C:/Users/Lenovo/CascadeProjects/gunjannagar-khanepani/vendor/symfony/console/Command/Command.php(341): Illuminate/Console/Command->execute(Object(Symfony/Component/Console/Input/ArgvInput), Object(Illuminate/Console/OutputStyle))
#35 C:/Users/Lenovo/CascadeProjects/gunjannagar-khanepani/vendor/laravel/framework/src/Illuminate/Console/Command.php(180): Symfony/Component/Console/Command/Command->run(Object(Symfony/Component/Console/Input/ArgvInput), Object(Illuminate/Console/OutputStyle))
#36 C:/Users/Lenovo/CascadeProjects/gunjannagar-khanepani/vendor/symfony/console/Application.php(1117): Illuminate/Console/Command->run(Object(Symfony/Component/Console/Input/ArgvInput), Object(Symfony/Component/Console/Output/ConsoleOutput))
#37 C:/Users/Lenovo/CascadeProjects/gunjannagar-khanepani/vendor/symfony/console/Application.php(356): Symfony/Component/Console/Application->doRunCommand(Object(Illuminate/Database/Console/Seeds/SeedCommand), Object(Symfony/Component/Console/Input/ArgvInput), Object(Symfony/Component/Console/Output/ConsoleOutput))
#38 C:/Users/Lenovo/CascadeProjects/gunjannagar-khanepani/vendor/symfony/console/Application.php(195): Symfony/Component/Console/Application->doRun(Object(Symfony/Component/Console/Input/ArgvInput), Object(Symfony/Component/Console/Output/ConsoleOutput))
#39 C:/Users/Lenovo/CascadeProjects/gunjannagar-khanepani/vendor/laravel/framework/src/Illuminate/Foundation/Console/Kernel.php(198): Symfony/Component/Console/Application->run(Object(Symfony/Component/Console/Input/ArgvInput), Object(Symfony/Component/Console/Output/ConsoleOutput))
#40 C:/Users/Lenovo/CascadeProjects/gunjannagar-khanepani/artisan(12): Illuminate/Foundation/Console/Kernel->handle(Object(Symfony/Component/Console/Input/ArgvInput), Object(Symfony/Component/Console/Output/ConsoleOutput))
#41 {main}
"} 
[2026-08-15 12:35:28] local.ERROR: Route [notices.index] not defined. {"exception":"[object] (Spatie\\LaravelIgnition\\Exceptions\\ViewException(code: 0): Route [notices.index] not defined. at C:/Users/Lenovo/CascadeProjects/gunjannagar-khanepani/vendor/laravel/framework/src/Illuminate/Routing/UrlGenerator.php:536)
[stacktrace]
#0 C:/Users/Lenovo/CascadeProjects/gunjannagar-khanepani/vendor/laravel/framework/src/Illuminate/Foundation/helpers.php(870): Illuminate/Routing/UrlGenerator->route('notices.index', Array, true)
#1 C:/Users/Lenovo/CascadeProjects/gunjannagar-khanepani/resources/views/layouts/app.blade.php(1569): route('notices.index')
#2 C:/Users/Lenovo/CascadeProjects/gunjannagar-khanepani/vendor/laravel/framework/src/Illuminate/Filesystem/Filesystem.php(123): require('C://Users//Lenovo...')
#3 C:/Users/Lenovo/CascadeProjects/gunjannagar-khanepani/vendor/laravel/framework/src/Illuminate/Filesystem/Filesystem.php(124): Illuminate/Filesystem/Filesystem::Illuminate/Filesystem/{closure}()
#4 C:/Users/Lenovo/CascadeProjects/gunjannagar-khanepani/vendor/laravel/framework/src/Illuminate/View/Engines/PhpEngine.php(57): Illuminate/Filesystem/Filesystem->getRequire('C://Users//Lenovo...', Array)
#5 C:/Users/Lenovo/CascadeProjects/gunjannagar-khanepani/vendor/laravel/framework/src/Illuminate/View/Engines/CompilerEngine.php(76): Illuminate/View/Engines/PhpEngine->evaluatePath('C://Users//Lenovo...', Array)
#6 C:/Users/Lenovo/CascadeProjects/gunjannagar-khanepani/vendor/laravel/framework/src/Illuminate/View/View.php(208): Illuminate/View/Engines/CompilerEngine->get('C://Users//Lenovo...', Array)
#7 C:/Users/Lenovo/CascadeProjects/gunjannagar-khanepani/vendor/laravel/framework/src/Illuminate/View/View.php(191): Illuminate/View/View->getContents()
#8 C:/Users/Lenovo/CascadeProjects/gunjannagar-khanepani/vendor/laravel/framework/src/Illuminate/View/View.php(160): Illuminate/View/View->renderContents()
#9 C:/Users/Lenovo/CascadeProjects/gunjannagar-khanepani/resources/views/home.blade.php(571): Illuminate/View/View->render()
#10 C:/Users/Lenovo/CascadeProjects/gunjannagar-khanepani/vendor/laravel/framework/src/Illuminate/Filesystem/Filesystem.php(123): require('C://Users//Lenovo...')
#11 C:/Users/Lenovo/CascadeProjects/gunjannagar-khanepani/vendor/laravel/framework/src/Illuminate/Filesystem/Filesystem.php(124): Illuminate/Filesystem/Filesystem::Illuminate/Filesystem/{closure}()
#12 C:/Users/Lenovo/CascadeProjects/gunjannagar-khanepani/vendor/laravel/framework/src/Illuminate/View/Engines/PhpEngine.php(57): Illuminate/Filesystem/Filesystem->getRequire('C://Users//Lenovo...', Array)
#13 C:/Users/Lenovo/CascadeProjects/gunjannagar-khanepani/vendor/laravel/framework/src/Illuminate/View/Engines/CompilerEngine.php(76): Illuminate/View/Engines/PhpEngine->evaluatePath('C://Users//Lenovo...', Array)
#14 C:/Users/Lenovo/CascadeProjects/gunjannagar-khanepani/vendor/laravel/framework/src/Illuminate/View/View.php(208): Illuminate/View/Engines/CompilerEngine->get('C://Users//Lenovo...', Array)
#15 C:/Users/Lenovo/CascadeProjects/gunjannagar-khanepani/vendor/laravel/framework/src/Illuminate/View/View.php(191): Illuminate/View/View->getContents()
#16 C:/Users/Lenovo/CascadeProjects/gunjannagar-khanepani/vendor/laravel/framework/src/Illuminate/View/View.php(160): Illuminate/View/View->renderContents()
#17 C:/Users/Lenovo/CascadeProjects/gunjannagar-khanepani/vendor/laravel/framework/src/Illuminate/Http/Response.php(78): Illuminate/View/View->render()
#18 C:/Users/Lenovo/CascadeProjects/gunjannagar-khanepani/vendor/laravel/framework/src/Illuminate/Http/Response.php(34): Illuminate/Http/Response->setContent(Object(Illuminate/View/View))
#19 C:/Users/Lenovo/CascadeProjects/gunjannagar-khanepani/vendor/laravel/framework/src/Illuminate/Routing/Router.php(939): Illuminate/Http/Response->__construct(Object(Illuminate/View/View), 200, Array)
#20 C:/Users/Lenovo/CascadeProjects/gunjannagar-khanepani/vendor/laravel/framework/src/Illuminate/Routing/Router.php(906): Illuminate/Routing/Router::toResponse(Object(Illuminate/Http/Request), Object(Illuminate/View/View))
#21 C:/Users/Lenovo/CascadeProjects/gunjannagar-khanepani/vendor/laravel/framework/src/Illuminate/Routing/Router.php(821): Illuminate/Routing/Router->prepareResponse(Object(Illuminate/Http/Request), Object(Illuminate/View/View))
#22 C:/Users/Lenovo/CascadeProjects/gunjannagar-khanepani/vendor/laravel/framework/src/Illuminate/Pipeline/Pipeline.php(180): Illuminate/Routing/Router->Illuminate/Routing/{closure}(Object(Illuminate/Http/Request))
#23 C:/Users/Lenovo/CascadeProjects/gunjannagar-khanepani/vendor/laravel/framework/src/Illuminate/Routing/Middleware/SubstituteBindings.php(50): Illuminate/Pipeline/Pipeline->Illuminate/Pipeline/{closure}(Object(Illuminate/Http/Request))
#24 C:/Users/Lenovo/CascadeProjects/gunjannagar-khanepani/vendor/laravel/framework/src/Illuminate/Pipeline/Pipeline.php(219): Illuminate/Routing/Middleware/SubstituteBindings->handle(Object(Illuminate/Http/Request), Object(Closure))
#25 C:/Users/Lenovo/CascadeProjects/gunjannagar-khanepani/vendor/laravel/framework/src/Illuminate/Foundation/Http/Middleware/VerifyCsrfToken.php(87): Illuminate/Pipeline/Pipeline->Illuminate/Pipeline/{closure}(Object(Illuminate/Http/Request))
#26 C:/Users/Lenovo/CascadeProjects/gunjannagar-khanepani/vendor/laravel/framework/src/Illuminate/Pipeline/Pipeline.php(219): Illuminate/Foundation/Http/Middleware/VerifyCsrfToken->handle(Object(Illuminate/Http/Request), Object(Closure))
#27 C:/Users/Lenovo/CascadeProjects/gunjannagar-khanepani/vendor/laravel/framework/src/Illuminate/View/Middleware/ShareErrorsFromSession.php(48): Illuminate/Pipeline/Pipeline->Illuminate/Pipeline/{closure}(Object(Illuminate/Http/Request))
#28 C:/Users/Lenovo/CascadeProjects/gunjannagar-khanepani/vendor/laravel/framework/src/Illuminate/Pipeline/Pipeline.php(219): Illuminate/View/Middleware/ShareErrorsFromSession->handle(Object(Illuminate/Http/Request), Object(Closure))
#29 C:/Users/Lenovo/CascadeProjects/gunjannagar-khanepani/vendor/laravel/framework/src/Illuminate/Session/Middleware/StartSession.php(120): Illuminate/Pipeline/Pipeline->Illuminate/Pipeline/{closure}(Object(Illuminate/Http/Request))
#30 C:/Users/Lenovo/CascadeProjects/gunjannagar-khanepani/vendor/laravel/framework/src/Illuminate/Session/Middleware/StartSession.php(63): Illuminate/Session/Middleware/StartSession->handleStatefulRequest(Object(Illuminate/Http/Request), Object(Illuminate/Session/Store), Object(Closure))
#31 C:/Users/Lenovo/CascadeProjects/gunjannagar-khanepani/vendor/laravel/framework/src/Illuminate/Pipeline/Pipeline.php(219): Illuminate/Session/Middleware/StartSession->handle(Object(Illuminate/Http/Request), Object(Closure))
#32 C:/Users/Lenovo/CascadeProjects/gunjannagar-khanepani/vendor/laravel/framework/src/Illuminate/Cookie/Middleware/AddQueuedCookiesToResponse.php(36): Illuminate/Pipeline/Pipeline->Illuminate/Pipeline/{closure}(Object(Illuminate/Http/Request))
#33 C:/Users/Lenovo/CascadeProjects/gunjannagar-khanepani/vendor/laravel/framework/src/Illuminate/Pipeline/Pipeline.php(219): Illuminate/Cookie/Middleware/AddQueuedCookiesToResponse->handle(Object(Illuminate/Http/Request), Object(Closure))
#34 C:/Users/Lenovo/CascadeProjects/gunjannagar-khanepani/vendor/laravel/framework/src/Illuminate/Cookie/Middleware/EncryptCookies.php(74): Illuminate/Pipeline/Pipeline->Illuminate/Pipeline/{closure}(Object(Illuminate/Http/Request))
#35 C:/Users/Lenovo/CascadeProjects/gunjannagar-khanepani/vendor/laravel/framework/src/Illuminate/Pipeline/Pipeline.php(219): Illuminate/Cookie/Middleware/EncryptCookies->handle(Object(Illuminate/Http/Request), Object(Closure))
#36 C:/Users/Lenovo/CascadeProjects/gunjannagar-khanepani/vendor/laravel/framework/src/Illuminate/Pipeline/Pipeline.php(137): Illuminate/Pipeline/Pipeline->Illuminate/Pipeline/{closure}(Object(Illuminate/Http/Request))
#37 C:/Users/Lenovo/CascadeProjects/gunjannagar-khanepani/vendor/laravel/framework/src/Illuminate/Routing/Router.php(821): Illuminate/Pipeline/Pipeline->then(Object(Closure))
#38 C:/Users/Lenovo/CascadeProjects/gunjannagar-khanepani/vendor/laravel/framework/src/Illuminate/Routing/Router.php(800): Illuminate/Routing/Router->runRouteWithinStack(Object(Illuminate/Routing/Route), Object(Illuminate/Http/Request))
#39 C:/Users/Lenovo/CascadeProjects/gunjannagar-khanepani/vendor/laravel/framework/src/Illuminate/Routing/Router.php(764): Illuminate/Routing/Router->runRoute(Object(Illuminate/Http/Request), Object(Illuminate/Routing/Route))
#40 C:/Users/Lenovo/CascadeProjects/gunjannagar-khanepani/vendor/laravel/framework/src/Illuminate/Routing/Router.php(753): Illuminate/Routing/Router->dispatchToRoute(Object(Illuminate/Http/Request))
#41 C:/Users/Lenovo/CascadeProjects/gunjannagar-khanepani/vendor/laravel/framework/src/Illuminate/Foundation/Http/Kernel.php(200): Illuminate/Routing/Router->dispatch(Object(Illuminate/Http/Request))
#42 C:/Users/Lenovo/CascadeProjects/gunjannagar-khanepani/vendor/laravel/framework/src/Illuminate/Pipeline/Pipeline.php(180): Illuminate/Foundation/Http/Kernel->Illuminate/Foundation/Http/{closure}(Object(Illuminate/Http/Request))
#43 C:/Users/Lenovo/CascadeProjects/gunjannagar-khanepani/vendor/laravel/framework/src/Illuminate/Foundation/Http/Middleware/TransformsRequest.php(21): Illuminate/Pipeline/Pipeline->Illuminate/Pipeline/{closure}(Object(Illuminate/Http/Request))
#44 C:/Users/Lenovo/CascadeProjects/gunjannagar-khanepani/vendor/laravel/framework/src/Illuminate/Foundation/Http/Middleware/ConvertEmptyStringsToNull.php(31): Illuminate/Foundation/Http/Middleware/TransformsRequest->handle(Object(Illuminate/Http/Request), Object(Closure))
#45 C:/Users/Lenovo/CascadeProjects/gunjannagar-khanepani/vendor/laravel/framework/src/Illuminate/Pipeline/Pipeline.php(219): Illuminate/Foundation/Http/Middleware/ConvertEmptyStringsToNull->handle(Object(Illuminate/Http/Request), Object(Closure))
#46 C:/Users/Lenovo/CascadeProjects/gunjannagar-khanepani/vendor/laravel/framework/src/Illuminate/Foundation/Http/Middleware/TransformsRequest.php(21): Illuminate/Pipeline/Pipeline->Illuminate/Pipeline/{closure}(Object(Illuminate/Http/Request))
#47 C:/Users/Lenovo/CascadeProjects/gunjannagar-khanepani/vendor/laravel/framework/src/Illuminate/Foundation/Http/Middleware/TrimStrings.php(51): Illuminate/Foundation/Http/Middleware/TransformsRequest->handle(Object(Illuminate/Http/Request), Object(Closure))
#48 C:/Users/Lenovo/CascadeProjects/gunjannagar-khanepani/vendor/laravel/framework/src/Illuminate/Pipeline/Pipeline.php(219): Illuminate/Foundation/Http/Middleware/TrimStrings->handle(Object(Illuminate/Http/Request), Object(Closure))
#49 C:/Users/Lenovo/CascadeProjects/gunjannagar-khanepani/vendor/laravel/framework/src/Illuminate/Http/Middleware/ValidatePostSize.php(27): Illuminate/Pipeline/Pipeline->Illuminate/Pipeline/{closure}(Object(Illuminate/Http/Request))
#50 C:/Users/Lenovo/CascadeProjects/gunjannagar-khanepani/vendor/laravel/framework/src/Illuminate/Pipeline/Pipeline.php(219): Illuminate/Http/Middleware/ValidatePostSize->handle(Object(Illuminate/Http/Request), Object(Closure))
#51 C:/Users/Lenovo/CascadeProjects/gunjannagar-khanepani/vendor/laravel/framework/src/Illuminate/Foundation/Http/Middleware/PreventRequestsDuringMaintenance.php(109): Illuminate/Pipeline/Pipeline->Illuminate/Pipeline/{closure}(Object(Illuminate/Http/Request))
#52 C:/Users/Lenovo/CascadeProjects/gunjannagar-khanepani/vendor/laravel/framework/src/Illuminate/Pipeline/Pipeline.php(219): Illuminate/Foundation/Http/Middleware/PreventRequestsDuringMaintenance->handle(Object(Illuminate/Http/Request), Object(Closure))
#53 C:/Users/Lenovo/CascadeProjects/gunjannagar-khanepani/vendor/laravel/framework/src/Illuminate/Http/Middleware/HandleCors.php(61): Illuminate/Pipeline/Pipeline->Illuminate/Pipeline/{closure}(Object(Illuminate/Http/Request))
#54 C:/Users/Lenovo/CascadeProjects/gunjannagar-khanepani/vendor/laravel/framework/src/Illuminate/Pipeline/Pipeline.php(219): Illuminate/Http/Middleware/HandleCors->handle(Object(Illuminate/Http/Request), Object(Closure))
#55 C:/Users/Lenovo/CascadeProjects/gunjannagar-khanepani/vendor/laravel/framework/src/Illuminate/Http/Middleware/TrustProxies.php(58): Illuminate/Pipeline/Pipeline->Illuminate/Pipeline/{closure}(Object(Illuminate/Http/Request))
#56 C:/Users/Lenovo/CascadeProjects/gunjannagar-khanepani/vendor/laravel/framework/src/Illuminate/Pipeline/Pipeline.php(219): Illuminate/Http/Middleware/TrustProxies->handle(Object(Illuminate/Http/Request), Object(Closure))
#57 C:/Users/Lenovo/CascadeProjects/gunjannagar-khanepani/vendor/laravel/framework/src/Illuminate/Foundation/Http/Middleware/InvokeDeferredCallbacks.php(22): Illuminate/Pipeline/Pipeline->Illuminate/Pipeline/{closure}(Object(Illuminate/Http/Request))
#58 C:/Users/Lenovo/CascadeProjects/gunjannagar-khanepani/vendor/laravel/framework/src/Illuminate/Pipeline/Pipeline.php(219): Illuminate/Foundation/Http/Middleware/InvokeDeferredCallbacks->handle(Object(Illuminate/Http/Request), Object(Closure))
#59 C:/Users/Lenovo/CascadeProjects/gunjannagar-khanepani/vendor/laravel/framework/src/Illuminate/Http/Middleware/ValidatePathEncoding.php(26): Illuminate/Pipeline/Pipeline->Illuminate/Pipeline/{closure}(Object(Illuminate/Http/Request))
#60 C:/Users/Lenovo/CascadeProjects/gunjannagar-khanepani/vendor/laravel/framework/src/Illuminate/Pipeline/Pipeline.php(219): Illuminate/Http/Middleware/ValidatePathEncoding->handle(Object(Illuminate/Http/Request), Object(Closure))
#61 C:/Users/Lenovo/CascadeProjects/gunjannagar-khanepani/vendor/laravel/framework/src/Illuminate/Pipeline/Pipeline.php(137): Illuminate/Pipeline/Pipeline->Illuminate/Pipeline/{closure}(Object(Illuminate/Http/Request))
#62 C:/Users/Lenovo/CascadeProjects/gunjannagar-khanepani/vendor/laravel/framework/src/Illuminate/Foundation/Http/Kernel.php(175): Illuminate/Pipeline/Pipeline->then(Object(Closure))
#63 C:/Users/Lenovo/CascadeProjects/gunjannagar-khanepani/vendor/laravel/framework/src/Illuminate/Foundation/Http/Kernel.php(144): Illuminate/Foundation/Http/Kernel->sendRequestThroughRouter(Object(Illuminate/Http/Request))
#64 C:/Users/Lenovo/CascadeProjects/gunjannagar-khanepani/public/index.php(17): Illuminate/Foundation/Http/Kernel->handle(Object(Illuminate/Http/Request))
#65 C:/Users/Lenovo/CascadeProjects/gunjannagar-khanepani/vendor/laravel/framework/src/Illuminate/Foundation/resources/server.php(23): require_once('C://Users//Lenovo...')
#66 {main}

[previous exception] [object] (Symfony\\Component\\Routing\\Exception\\RouteNotFoundException(code: 0): Route [notices.index] not defined. at C:/Users/Lenovo/CascadeProjects/gunjannagar-khanepani/vendor/laravel/framework/src/Illuminate/Routing/UrlGenerator.php:536)
[stacktrace]
#0 C:/Users/Lenovo/CascadeProjects/gunjannagar-khanepani/vendor/laravel/framework/src/Illuminate/Foundation/helpers.php(870): Illuminate/Routing/UrlGenerator->route('notices.index', Array, true)
#1 C:/Users/Lenovo/CascadeProjects/gunjannagar-khanepani/storage/framework/views/c0b4dd7f66b653f7837fa1b43c80d62f.php(1571): route('notices.index')
#2 C:/Users/Lenovo/CascadeProjects/gunjannagar-khanepani/vendor/laravel/framework/src/Illuminate/Filesystem/Filesystem.php(123): require('C://Users//Lenovo...')
#3 C:/Users/Lenovo/CascadeProjects/gunjannagar-khanepani/vendor/laravel/framework/src/Illuminate/Filesystem/Filesystem.php(124): Illuminate/Filesystem/Filesystem::Illuminate/Filesystem/{closure}()
#4 C:/Users/Lenovo/CascadeProjects/gunjannagar-khanepani/vendor/laravel/framework/src/Illuminate/View/Engines/PhpEngine.php(57): Illuminate/Filesystem/Filesystem->getRequire('C://Users//Lenovo...', Array)
#5 C:/Users/Lenovo/CascadeProjects/gunjannagar-khanepani/vendor/laravel/framework/src/Illuminate/View/Engines/CompilerEngine.php(76): Illuminate/View/Engines/PhpEngine->evaluatePath('C://Users//Lenovo...', Array)
#6 C:/Users/Lenovo/CascadeProjects/gunjannagar-khanepani/vendor/laravel/framework/src/Illuminate/View/View.php(208): Illuminate/View/Engines/CompilerEngine->get('C://Users//Lenovo...', Array)
#7 C:/Users/Lenovo/CascadeProjects/gunjannagar-khanepani/vendor/laravel/framework/src/Illuminate/View/View.php(191): Illuminate/View/View->getContents()
#8 C:/Users/Lenovo/CascadeProjects/gunjannagar-khanepani/vendor/laravel/framework/src/Illuminate/View/View.php(160): Illuminate/View/View->renderContents()
#9 C:/Users/Lenovo/CascadeProjects/gunjannagar-khanepani/storage/framework/views/0c824db939ec43fbd2d4a360e940a452.php(577): Illuminate/View/View->render()
#10 C:/Users/Lenovo/CascadeProjects/gunjannagar-khanepani/vendor/laravel/framework/src/Illuminate/Filesystem/Filesystem.php(123): require('C://Users//Lenovo...')
#11 C:/Users/Lenovo/CascadeProjects/gunjannagar-khanepani/vendor/laravel/framework/src/Illuminate/Filesystem/Filesystem.php(124): Illuminate/Filesystem/Filesystem::Illuminate/Filesystem/{closure}()
#12 C:/Users/Lenovo/CascadeProjects/gunjannagar-khanepani/vendor/laravel/framework/src/Illuminate/View/Engines/PhpEngine.php(57): Illuminate/Filesystem/Filesystem->getRequire('C://Users//Lenovo...', Array)
#13 C:/Users/Lenovo/CascadeProjects/gunjannagar-khanepani/vendor/laravel/framework/src/Illuminate/View/Engines/CompilerEngine.php(76): Illuminate/View/Engines/PhpEngine->evaluatePath('C://Users//Lenovo...', Array)
#14 C:/Users/Lenovo/CascadeProjects/gunjannagar-khanepani/vendor/laravel/framework/src/Illuminate/View/View.php(208): Illuminate/View/Engines/CompilerEngine->get('C://Users//Lenovo...', Array)
#15 C:/Users/Lenovo/CascadeProjects/gunjannagar-khanepani/vendor/laravel/framework/src/Illuminate/View/View.php(191): Illuminate/View/View->getContents()
#16 C:/Users/Lenovo/CascadeProjects/gunjannagar-khanepani/vendor/laravel/framework/src/Illuminate/View/View.php(160): Illuminate/View/View->renderContents()
#17 C:/Users/Lenovo/CascadeProjects/gunjannagar-khanepani/vendor/laravel/framework/src/Illuminate/Http/Response.php(78): Illuminate/View/View->render()
#18 C:/Users/Lenovo/CascadeProjects/gunjannagar-khanepani/vendor/laravel/framework/src/Illuminate/Http/Response.php(34): Illuminate/Http/Response->setContent(Object(Illuminate/View/View))
#19 C:/Users/Lenovo/CascadeProjects/gunjannagar-khanepani/vendor/laravel/framework/src/Illuminate/Routing/Router.php(939): Illuminate/Http/Response->__construct(Object(Illuminate/View/View), 200, Array)
#20 C:/Users/Lenovo/CascadeProjects/gunjannagar-khanepani/vendor/laravel/framework/src/Illuminate/Routing/Router.php(906): Illuminate/Routing/Router::toResponse(Object(Illuminate/Http/Request), Object(Illuminate/View/View))
#21 C:/Users/Lenovo/CascadeProjects/gunjannagar-khanepani/vendor/laravel/framework/src/Illuminate/Routing/Router.php(821): Illuminate/Routing/Router->prepareResponse(Object(Illuminate/Http/Request), Object(Illuminate/View/View))
#22 C:/Users/Lenovo/CascadeProjects/gunjannagar-khanepani/vendor/laravel/framework/src/Illuminate/Pipeline/Pipeline.php(180): Illuminate/Routing/Router->Illuminate/Routing/{closure}(Object(Illuminate/Http/Request))
#23 C:/Users/Lenovo/CascadeProjects/gunjannagar-khanepani/vendor/laravel/framework/src/Illuminate/Routing/Middleware/SubstituteBindings.php(50): Illuminate/Pipeline/Pipeline->Illuminate/Pipeline/{closure}(Object(Illuminate/Http/Request))
#24 C:/Users/Lenovo/CascadeProjects/gunjannagar-khanepani/vendor/laravel/framework/src/Illuminate/Pipeline/Pipeline.php(219): Illuminate/Routing/Middleware/SubstituteBindings->handle(Object(Illuminate/Http/Request), Object(Closure))
#25 C:/Users/Lenovo/CascadeProjects/gunjannagar-khanepani/vendor/laravel/framework/src/Illuminate/Foundation/Http/Middleware/VerifyCsrfToken.php(87): Illuminate/Pipeline/Pipeline->Illuminate/Pipeline/{closure}(Object(Illuminate/Http/Request))
#26 C:/Users/Lenovo/CascadeProjects/gunjannagar-khanepani/vendor/laravel/framework/src/Illuminate/Pipeline/Pipeline.php(219): Illuminate/Foundation/Http/Middleware/VerifyCsrfToken->handle(Object(Illuminate/Http/Request), Object(Closure))
#27 C:/Users/Lenovo/CascadeProjects/gunjannagar-khanepani/vendor/laravel/framework/src/Illuminate/View/Middleware/ShareErrorsFromSession.php(48): Illuminate/Pipeline/Pipeline->Illuminate/Pipeline/{closure}(Object(Illuminate/Http/Request))
#28 C:/Users/Lenovo/CascadeProjects/gunjannagar-khanepani/vendor/laravel/framework/src/Illuminate/Pipeline/Pipeline.php(219): Illuminate/View/Middleware/ShareErrorsFromSession->handle(Object(Illuminate/Http/Request), Object(Closure))
#29 C:/Users/Lenovo/CascadeProjects/gunjannagar-khanepani/vendor/laravel/framework/src/Illuminate/Session/Middleware/StartSession.php(120): Illuminate/Pipeline/Pipeline->Illuminate/Pipeline/{closure}(Object(Illuminate/Http/Request))
#30 C:/Users/Lenovo/CascadeProjects/gunjannagar-khanepani/vendor/laravel/framework/src/Illuminate/Session/Middleware/StartSession.php(63): Illuminate/Session/Middleware/StartSession->handleStatefulRequest(Object(Illuminate/Http/Request), Object(Illuminate/Session/Store), Object(Closure))
#31 C:/Users/Lenovo/CascadeProjects/gunjannagar-khanepani/vendor/laravel/framework/src/Illuminate/Pipeline/Pipeline.php(219): Illuminate/Session/Middleware/StartSession->handle(Object(Illuminate/Http/Request), Object(Closure))
#32 C:/Users/Lenovo/CascadeProjects/gunjannagar-khanepani/vendor/laravel/framework/src/Illuminate/Cookie/Middleware/AddQueuedCookiesToResponse.php(36): Illuminate/Pipeline/Pipeline->Illuminate/Pipeline/{closure}(Object(Illuminate/Http/Request))
#33 C:/Users/Lenovo/CascadeProjects/gunjannagar-khanepani/vendor/laravel/framework/src/Illuminate/Pipeline/Pipeline.php(219): Illuminate/Cookie/Middleware/AddQueuedCookiesToResponse->handle(Object(Illuminate/Http/Request), Object(Closure))
#34 C:/Users/Lenovo/CascadeProjects/gunjannagar-khanepani/vendor/laravel/framework/src/Illuminate/Cookie/Middleware/EncryptCookies.php(74): Illuminate/Pipeline/Pipeline->Illuminate/Pipeline/{closure}(Object(Illuminate/Http/Request))
#35 C:/Users/Lenovo/CascadeProjects/gunjannagar-khanepani/vendor/laravel/framework/src/Illuminate/Pipeline/Pipeline.php(219): Illuminate/Cookie/Middleware/EncryptCookies->handle(Object(Illuminate/Http/Request), Object(Closure))
#36 C:/Users/Lenovo/CascadeProjects/gunjannagar-khanepani/vendor/laravel/framework/src/Illuminate/Pipeline/Pipeline.php(137): Illuminate/Pipeline/Pipeline->Illuminate/Pipeline/{closure}(Object(Illuminate/Http/Request))
#37 C:/Users/Lenovo/CascadeProjects/gunjannagar-khanepani/vendor/laravel/framework/src/Illuminate/Routing/Router.php(821): Illuminate/Pipeline/Pipeline->then(Object(Closure))
#38 C:/Users/Lenovo/CascadeProjects/gunjannagar-khanepani/vendor/laravel/framework/src/Illuminate/Routing/Router.php(800): Illuminate/Routing/Router->runRouteWithinStack(Object(Illuminate/Routing/Route), Object(Illuminate/Http/Request))
#39 C:/Users/Lenovo/CascadeProjects/gunjannagar-khanepani/vendor/laravel/framework/src/Illuminate/Routing/Router.php(764): Illuminate/Routing/Router->runRoute(Object(Illuminate/Http/Request), Object(Illuminate/Routing/Route))
#40 C:/Users/Lenovo/CascadeProjects/gunjannagar-khanepani/vendor/laravel/framework/src/Illuminate/Routing/Router.php(753): Illuminate/Routing/Router->dispatchToRoute(Object(Illuminate/Http/Request))
#41 C:/Users/Lenovo/CascadeProjects/gunjannagar-khanepani/vendor/laravel/framework/src/Illuminate/Foundation/Http/Kernel.php(200): Illuminate/Routing/Router->dispatch(Object(Illuminate/Http/Request))
#42 C:/Users/Lenovo/CascadeProjects/gunjannagar-khanepani/vendor/laravel/framework/src/Illuminate/Pipeline/Pipeline.php(180): Illuminate/Foundation/Http/Kernel->Illuminate/Foundation/Http/{closure}(Object(Illuminate/Http/Request))
#43 C:/Users/Lenovo/CascadeProjects/gunjannagar-khanepani/vendor/laravel/framework/src/Illuminate/Foundation/Http/Middleware/TransformsRequest.php(21): Illuminate/Pipeline/Pipeline->Illuminate/Pipeline/{closure}(Object(Illuminate/Http/Request))
#44 C:/Users/Lenovo/CascadeProjects/gunjannagar-khanepani/vendor/laravel/framework/src/Illuminate/Foundation/Http/Middleware/ConvertEmptyStringsToNull.php(31): Illuminate/Foundation/Http/Middleware/TransformsRequest->handle(Object(Illuminate/Http/Request), Object(Closure))
#45 C:/Users/Lenovo/CascadeProjects/gunjannagar-khanepani/vendor/laravel/framework/src/Illuminate/Pipeline/Pipeline.php(219): Illuminate/Foundation/Http/Middleware/ConvertEmptyStringsToNull->handle(Object(Illuminate/Http/Request), Object(Closure))
#46 C:/Users/Lenovo/CascadeProjects/gunjannagar-khanepani/vendor/laravel/framework/src/Illuminate/Foundation/Http/Middleware/TransformsRequest.php(21): Illuminate/Pipeline/Pipeline->Illuminate/Pipeline/{closure}(Object(Illuminate/Http/Request))
#47 C:/Users/Lenovo/CascadeProjects/gunjannagar-khanepani/vendor/laravel/framework/src/Illuminate/Foundation/Http/Middleware/TrimStrings.php(51): Illuminate/Foundation/Http/Middleware/TransformsRequest->handle(Object(Illuminate/Http/Request), Object(Closure))
#48 C:/Users/Lenovo/CascadeProjects/gunjannagar-khanepani/vendor/laravel/framework/src/Illuminate/Pipeline/Pipeline.php(219): Illuminate/Foundation/Http/Middleware/TrimStrings->handle(Object(Illuminate/Http/Request), Object(Closure))
#49 C:/Users/Lenovo/CascadeProjects/gunjannagar-khanepani/vendor/laravel/framework/src/Illuminate/Http/Middleware/ValidatePostSize.php(27): Illuminate/Pipeline/Pipeline->Illuminate/Pipeline/{closure}(Object(Illuminate/Http/Request))
#50 C:/Users/Lenovo/CascadeProjects/gunjannagar-khanepani/vendor/laravel/framework/src/Illuminate/Pipeline/Pipeline.php(219): Illuminate/Http/Middleware/ValidatePostSize->handle(Object(Illuminate/Http/Request), Object(Closure))
#51 C:/Users/Lenovo/CascadeProjects/gunjannagar-khanepani/vendor/laravel/framework/src/Illuminate/Foundation/Http/Middleware/PreventRequestsDuringMaintenance.php(109): Illuminate/Pipeline/Pipeline->Illuminate/Pipeline/{closure}(Object(Illuminate/Http/Request))
#52 C:/Users/Lenovo/CascadeProjects/gunjannagar-khanepani/vendor/laravel/framework/src/Illuminate/Pipeline/Pipeline.php(219): Illuminate/Foundation/Http/Middleware/PreventRequestsDuringMaintenance->handle(Object(Illuminate/Http/Request), Object(Closure))
#53 C:/Users/Lenovo/CascadeProjects/gunjannagar-khanepani/vendor/laravel/framework/src/Illuminate/Http/Middleware/HandleCors.php(61): Illuminate/Pipeline/Pipeline->Illuminate/Pipeline/{closure}(Object(Illuminate/Http/Request))
#54 C:/Users/Lenovo/CascadeProjects/gunjannagar-khanepani/vendor/laravel/framework/src/Illuminate/Pipeline/Pipeline.php(219): Illuminate/Http/Middleware/HandleCors->handle(Object(Illuminate/Http/Request), Object(Closure))
#55 C:/Users/Lenovo/CascadeProjects/gunjannagar-khanepani/vendor/laravel/framework/src/Illuminate/Http/Middleware/TrustProxies.php(58): Illuminate/Pipeline/Pipeline->Illuminate/Pipeline/{closure}(Object(Illuminate/Http/Request))
#56 C:/Users/Lenovo/CascadeProjects/gunjannagar-khanepani/vendor/laravel/framework/src/Illuminate/Pipeline/Pipeline.php(219): Illuminate/Http/Middleware/TrustProxies->handle(Object(Illuminate/Http/Request), Object(Closure))
#57 C:/Users/Lenovo/CascadeProjects/gunjannagar-khanepani/vendor/laravel/framework/src/Illuminate/Foundation/Http/Middleware/InvokeDeferredCallbacks.php(22): Illuminate/Pipeline/Pipeline->Illuminate/Pipeline/{closure}(Object(Illuminate/Http/Request))
#58 C:/Users/Lenovo/CascadeProjects/gunjannagar-khanepani/vendor/laravel/framework/src/Illuminate/Pipeline/Pipeline.php(219): Illuminate/Foundation/Http/Middleware/InvokeDeferredCallbacks->handle(Object(Illuminate/Http/Request), Object(Closure))
#59 C:/Users/Lenovo/CascadeProjects/gunjannagar-khanepani/vendor/laravel/framework/src/Illuminate/Http/Middleware/ValidatePathEncoding.php(26): Illuminate/Pipeline/Pipeline->Illuminate/Pipeline/{closure}(Object(Illuminate/Http/Request))
#60 C:/Users/Lenovo/CascadeProjects/gunjannagar-khanepani/vendor/laravel/framework/src/Illuminate/Pipeline/Pipeline.php(219): Illuminate/Http/Middleware/ValidatePathEncoding->handle(Object(Illuminate/Http/Request), Object(Closure))
#61 C:/Users/Lenovo/CascadeProjects/gunjannagar-khanepani/vendor/laravel/framework/src/Illuminate/Pipeline/Pipeline.php(137): Illuminate/Pipeline/Pipeline->Illuminate/Pipeline/{closure}(Object(Illuminate/Http/Request))
#62 C:/Users/Lenovo/CascadeProjects/gunjannagar-khanepani/vendor/laravel/framework/src/Illuminate/Foundation/Http/Kernel.php(175): Illuminate/Pipeline/Pipeline->then(Object(Closure))
#63 C:/Users/Lenovo/CascadeProjects/gunjannagar-khanepani/vendor/laravel/framework/src/Illuminate/Foundation/Http/Kernel.php(144): Illuminate/Foundation/Http/Kernel->sendRequestThroughRouter(Object(Illuminate/Http/Request))
#64 C:/Users/Lenovo/CascadeProjects/gunjannagar-khanepani/public/index.php(17): Illuminate/Foundation/Http/Kernel->handle(Object(Illuminate/Http/Request))
#65 C:/Users/Lenovo/CascadeProjects/gunjannagar-khanepani/vendor/laravel/framework/src/Illuminate/Foundation/resources/server.php(23): require_once('C://Users//Lenovo...')
#66 {main}
"} 
[2026-08-15 12:37:16] local.ERROR: Route [notices.index] not defined. {"exception":"[object] (Spatie\\LaravelIgnition\\Exceptions\\ViewException(code: 0): Route [notices.index] not defined. at C:/Users/Lenovo/CascadeProjects/gunjannagar-khanepani/vendor/laravel/framework/src/Illuminate/Routing/UrlGenerator.php:536)
[stacktrace]
#0 C:/Users/Lenovo/CascadeProjects/gunjannagar-khanepani/vendor/laravel/framework/src/Illuminate/Foundation/helpers.php(870): Illuminate/Routing/UrlGenerator->route('notices.index', Array, true)
#1 C:/Users/Lenovo/CascadeProjects/gunjannagar-khanepani/resources/views/layouts/app.blade.php(1612): route('notices.index')
#2 C:/Users/Lenovo/CascadeProjects/gunjannagar-khanepani/vendor/laravel/framework/src/Illuminate/Filesystem/Filesystem.php(123): require('C://Users//Lenovo...')
#3 C:/Users/Lenovo/CascadeProjects/gunjannagar-khanepani/vendor/laravel/framework/src/Illuminate/Filesystem/Filesystem.php(124): Illuminate/Filesystem/Filesystem::Illuminate/Filesystem/{closure}()
#4 C:/Users/Lenovo/CascadeProjects/gunjannagar-khanepani/vendor/laravel/framework/src/Illuminate/View/Engines/PhpEngine.php(57): Illuminate/Filesystem/Filesystem->getRequire('C://Users//Lenovo...', Array)
#5 C:/Users/Lenovo/CascadeProjects/gunjannagar-khanepani/vendor/laravel/framework/src/Illuminate/View/Engines/CompilerEngine.php(76): Illuminate/View/Engines/PhpEngine->evaluatePath('C://Users//Lenovo...', Array)
#6 C:/Users/Lenovo/CascadeProjects/gunjannagar-khanepani/vendor/laravel/framework/src/Illuminate/View/View.php(208): Illuminate/View/Engines/CompilerEngine->get('C://Users//Lenovo...', Array)
#7 C:/Users/Lenovo/CascadeProjects/gunjannagar-khanepani/vendor/laravel/framework/src/Illuminate/View/View.php(191): Illuminate/View/View->getContents()
#8 C:/Users/Lenovo/CascadeProjects/gunjannagar-khanepani/vendor/laravel/framework/src/Illuminate/View/View.php(160): Illuminate/View/View->renderContents()
#9 C:/Users/Lenovo/CascadeProjects/gunjannagar-khanepani/resources/views/home.blade.php(571): Illuminate/View/View->render()
#10 C:/Users/Lenovo/CascadeProjects/gunjannagar-khanepani/vendor/laravel/framework/src/Illuminate/Filesystem/Filesystem.php(123): require('C://Users//Lenovo...')
#11 C:/Users/Lenovo/CascadeProjects/gunjannagar-khanepani/vendor/laravel/framework/src/Illuminate/Filesystem/Filesystem.php(124): Illuminate/Filesystem/Filesystem::Illuminate/Filesystem/{closure}()
#12 C:/Users/Lenovo/CascadeProjects/gunjannagar-khanepani/vendor/laravel/framework/src/Illuminate/View/Engines/PhpEngine.php(57): Illuminate/Filesystem/Filesystem->getRequire('C://Users//Lenovo...', Array)
#13 C:/Users/Lenovo/CascadeProjects/gunjannagar-khanepani/vendor/laravel/framework/src/Illuminate/View/Engines/CompilerEngine.php(76): Illuminate/View/Engines/PhpEngine->evaluatePath('C://Users//Lenovo...', Array)
#14 C:/Users/Lenovo/CascadeProjects/gunjannagar-khanepani/vendor/laravel/framework/src/Illuminate/View/View.php(208): Illuminate/View/Engines/CompilerEngine->get('C://Users//Lenovo...', Array)
#15 C:/Users/Lenovo/CascadeProjects/gunjannagar-khanepani/vendor/laravel/framework/src/Illuminate/View/View.php(191): Illuminate/View/View->getContents()
#16 C:/Users/Lenovo/CascadeProjects/gunjannagar-khanepani/vendor/laravel/framework/src/Illuminate/View/View.php(160): Illuminate/View/View->renderContents()
#17 C:/Users/Lenovo/CascadeProjects/gunjannagar-khanepani/vendor/laravel/framework/src/Illuminate/Http/Response.php(78): Illuminate/View/View->render()
#18 C:/Users/Lenovo/CascadeProjects/gunjannagar-khanepani/vendor/laravel/framework/src/Illuminate/Http/Response.php(34): Illuminate/Http/Response->setContent(Object(Illuminate/View/View))
#19 C:/Users/Lenovo/CascadeProjects/gunjannagar-khanepani/vendor/laravel/framework/src/Illuminate/Routing/Router.php(939): Illuminate/Http/Response->__construct(Object(Illuminate/View/View), 200, Array)
#20 C:/Users/Lenovo/CascadeProjects/gunjannagar-khanepani/vendor/laravel/framework/src/Illuminate/Routing/Router.php(906): Illuminate/Routing/Router::toResponse(Object(Illuminate/Http/Request), Object(Illuminate/View/View))
#21 C:/Users/Lenovo/CascadeProjects/gunjannagar-khanepani/vendor/laravel/framework/src/Illuminate/Routing/Router.php(821): Illuminate/Routing/Router->prepareResponse(Object(Illuminate/Http/Request), Object(Illuminate/View/View))
#22 C:/Users/Lenovo/CascadeProjects/gunjannagar-khanepani/vendor/laravel/framework/src/Illuminate/Pipeline/Pipeline.php(180): Illuminate/Routing/Router->Illuminate/Routing/{closure}(Object(Illuminate/Http/Request))
#23 C:/Users/Lenovo/CascadeProjects/gunjannagar-khanepani/vendor/laravel/framework/src/Illuminate/Routing/Middleware/SubstituteBindings.php(50): Illuminate/Pipeline/Pipeline->Illuminate/Pipeline/{closure}(Object(Illuminate/Http/Request))
#24 C:/Users/Lenovo/CascadeProjects/gunjannagar-khanepani/vendor/laravel/framework/src/Illuminate/Pipeline/Pipeline.php(219): Illuminate/Routing/Middleware/SubstituteBindings->handle(Object(Illuminate/Http/Request), Object(Closure))
#25 C:/Users/Lenovo/CascadeProjects/gunjannagar-khanepani/vendor/laravel/framework/src/Illuminate/Foundation/Http/Middleware/VerifyCsrfToken.php(87): Illuminate/Pipeline/Pipeline->Illuminate/Pipeline/{closure}(Object(Illuminate/Http/Request))
#26 C:/Users/Lenovo/CascadeProjects/gunjannagar-khanepani/vendor/laravel/framework/src/Illuminate/Pipeline/Pipeline.php(219): Illuminate/Foundation/Http/Middleware/VerifyCsrfToken->handle(Object(Illuminate/Http/Request), Object(Closure))
#27 C:/Users/Lenovo/CascadeProjects/gunjannagar-khanepani/vendor/laravel/framework/src/Illuminate/View/Middleware/ShareErrorsFromSession.php(48): Illuminate/Pipeline/Pipeline->Illuminate/Pipeline/{closure}(Object(Illuminate/Http/Request))
#28 C:/Users/Lenovo/CascadeProjects/gunjannagar-khanepani/vendor/laravel/framework/src/Illuminate/Pipeline/Pipeline.php(219): Illuminate/View/Middleware/ShareErrorsFromSession->handle(Object(Illuminate/Http/Request), Object(Closure))
#29 C:/Users/Lenovo/CascadeProjects/gunjannagar-khanepani/vendor/laravel/framework/src/Illuminate/Session/Middleware/StartSession.php(120): Illuminate/Pipeline/Pipeline->Illuminate/Pipeline/{closure}(Object(Illuminate/Http/Request))
#30 C:/Users/Lenovo/CascadeProjects/gunjannagar-khanepani/vendor/laravel/framework/src/Illuminate/Session/Middleware/StartSession.php(63): Illuminate/Session/Middleware/StartSession->handleStatefulRequest(Object(Illuminate/Http/Request), Object(Illuminate/Session/Store), Object(Closure))
#31 C:/Users/Lenovo/CascadeProjects/gunjannagar-khanepani/vendor/laravel/framework/src/Illuminate/Pipeline/Pipeline.php(219): Illuminate/Session/Middleware/StartSession->handle(Object(Illuminate/Http/Request), Object(Closure))
#32 C:/Users/Lenovo/CascadeProjects/gunjannagar-khanepani/vendor/laravel/framework/src/Illuminate/Cookie/Middleware/AddQueuedCookiesToResponse.php(36): Illuminate/Pipeline/Pipeline->Illuminate/Pipeline/{closure}(Object(Illuminate/Http/Request))
#33 C:/Users/Lenovo/CascadeProjects/gunjannagar-khanepani/vendor/laravel/framework/src/Illuminate/Pipeline/Pipeline.php(219): Illuminate/Cookie/Middleware/AddQueuedCookiesToResponse->handle(Object(Illuminate/Http/Request), Object(Closure))
#34 C:/Users/Lenovo/CascadeProjects/gunjannagar-khanepani/vendor/laravel/framework/src/Illuminate/Cookie/Middleware/EncryptCookies.php(74): Illuminate/Pipeline/Pipeline->Illuminate/Pipeline/{closure}(Object(Illuminate/Http/Request))
#35 C:/Users/Lenovo/CascadeProjects/gunjannagar-khanepani/vendor/laravel/framework/src/Illuminate/Pipeline/Pipeline.php(219): Illuminate/Cookie/Middleware/EncryptCookies->handle(Object(Illuminate/Http/Request), Object(Closure))
#36 C:/Users/Lenovo/CascadeProjects/gunjannagar-khanepani/vendor/laravel/framework/src/Illuminate/Pipeline/Pipeline.php(137): Illuminate/Pipeline/Pipeline->Illuminate/Pipeline/{closure}(Object(Illuminate/Http/Request))
#37 C:/Users/Lenovo/CascadeProjects/gunjannagar-khanepani/vendor/laravel/framework/src/Illuminate/Routing/Router.php(821): Illuminate/Pipeline/Pipeline->then(Object(Closure))
#38 C:/Users/Lenovo/CascadeProjects/gunjannagar-khanepani/vendor/laravel/framework/src/Illuminate/Routing/Router.php(800): Illuminate/Routing/Router->runRouteWithinStack(Object(Illuminate/Routing/Route), Object(Illuminate/Http/Request))
#39 C:/Users/Lenovo/CascadeProjects/gunjannagar-khanepani/vendor/laravel/framework/src/Illuminate/Routing/Router.php(764): Illuminate/Routing/Router->runRoute(Object(Illuminate/Http/Request), Object(Illuminate/Routing/Route))
#40 C:/Users/Lenovo/CascadeProjects/gunjannagar-khanepani/vendor/laravel/framework/src/Illuminate/Routing/Router.php(753): Illuminate/Routing/Router->dispatchToRoute(Object(Illuminate/Http/Request))
#41 C:/Users/Lenovo/CascadeProjects/gunjannagar-khanepani/vendor/laravel/framework/src/Illuminate/Foundation/Http/Kernel.php(200): Illuminate/Routing/Router->dispatch(Object(Illuminate/Http/Request))
#42 C:/Users/Lenovo/CascadeProjects/gunjannagar-khanepani/vendor/laravel/framework/src/Illuminate/Pipeline/Pipeline.php(180): Illuminate/Foundation/Http/Kernel->Illuminate/Foundation/Http/{closure}(Object(Illuminate/Http/Request))
#43 C:/Users/Lenovo/CascadeProjects/gunjannagar-khanepani/vendor/laravel/framework/src/Illuminate/Foundation/Http/Middleware/TransformsRequest.php(21): Illuminate/Pipeline/Pipeline->Illuminate/Pipeline/{closure}(Object(Illuminate/Http/Request))
#44 C:/Users/Lenovo/CascadeProjects/gunjannagar-khanepani/vendor/laravel/framework/src/Illuminate/Foundation/Http/Middleware/ConvertEmptyStringsToNull.php(31): Illuminate/Foundation/Http/Middleware/TransformsRequest->handle(Object(Illuminate/Http/Request), Object(Closure))
#45 C:/Users/Lenovo/CascadeProjects/gunjannagar-khanepani/vendor/laravel/framework/src/Illuminate/Pipeline/Pipeline.php(219): Illuminate/Foundation/Http/Middleware/ConvertEmptyStringsToNull->handle(Object(Illuminate/Http/Request), Object(Closure))
#46 C:/Users/Lenovo/CascadeProjects/gunjannagar-khanepani/vendor/laravel/framework/src/Illuminate/Foundation/Http/Middleware/TransformsRequest.php(21): Illuminate/Pipeline/Pipeline->Illuminate/Pipeline/{closure}(Object(Illuminate/Http/Request))
#47 C:/Users/Lenovo/CascadeProjects/gunjannagar-khanepani/vendor/laravel/framework/src/Illuminate/Foundation/Http/Middleware/TrimStrings.php(51): Illuminate/Foundation/Http/Middleware/TransformsRequest->handle(Object(Illuminate/Http/Request), Object(Closure))
#48 C:/Users/Lenovo/CascadeProjects/gunjannagar-khanepani/vendor/laravel/framework/src/Illuminate/Pipeline/Pipeline.php(219): Illuminate/Foundation/Http/Middleware/TrimStrings->handle(Object(Illuminate/Http/Request), Object(Closure))
#49 C:/Users/Lenovo/CascadeProjects/gunjannagar-khanepani/vendor/laravel/framework/src/Illuminate/Http/Middleware/ValidatePostSize.php(27): Illuminate/Pipeline/Pipeline->Illuminate/Pipeline/{closure}(Object(Illuminate/Http/Request))
#50 C:/Users/Lenovo/CascadeProjects/gunjannagar-khanepani/vendor/laravel/framework/src/Illuminate/Pipeline/Pipeline.php(219): Illuminate/Http/Middleware/ValidatePostSize->handle(Object(Illuminate/Http/Request), Object(Closure))
#51 C:/Users/Lenovo/CascadeProjects/gunjannagar-khanepani/vendor/laravel/framework/src/Illuminate/Foundation/Http/Middleware/PreventRequestsDuringMaintenance.php(109): Illuminate/Pipeline/Pipeline->Illuminate/Pipeline/{closure}(Object(Illuminate/Http/Request))
#52 C:/Users/Lenovo/CascadeProjects/gunjannagar-khanepani/vendor/laravel/framework/src/Illuminate/Pipeline/Pipeline.php(219): Illuminate/Foundation/Http/Middleware/PreventRequestsDuringMaintenance->handle(Object(Illuminate/Http/Request), Object(Closure))
#53 C:/Users/Lenovo/CascadeProjects/gunjannagar-khanepani/vendor/laravel/framework/src/Illuminate/Http/Middleware/HandleCors.php(61): Illuminate/Pipeline/Pipeline->Illuminate/Pipeline/{closure}(Object(Illuminate/Http/Request))
#54 C:/Users/Lenovo/CascadeProjects/gunjannagar-khanepani/vendor/laravel/framework/src/Illuminate/Pipeline/Pipeline.php(219): Illuminate/Http/Middleware/HandleCors->handle(Object(Illuminate/Http/Request), Object(Closure))
#55 C:/Users/Lenovo/CascadeProjects/gunjannagar-khanepani/vendor/laravel/framework/src/Illuminate/Http/Middleware/TrustProxies.php(58): Illuminate/Pipeline/Pipeline->Illuminate/Pipeline/{closure}(Object(Illuminate/Http/Request))
#56 C:/Users/Lenovo/CascadeProjects/gunjannagar-khanepani/vendor/laravel/framework/src/Illuminate/Pipeline/Pipeline.php(219): Illuminate/Http/Middleware/TrustProxies->handle(Object(Illuminate/Http/Request), Object(Closure))
#57 C:/Users/Lenovo/CascadeProjects/gunjannagar-khanepani/vendor/laravel/framework/src/Illuminate/Foundation/Http/Middleware/InvokeDeferredCallbacks.php(22): Illuminate/Pipeline/Pipeline->Illuminate/Pipeline/{closure}(Object(Illuminate/Http/Request))
#58 C:/Users/Lenovo/CascadeProjects/gunjannagar-khanepani/vendor/laravel/framework/src/Illuminate/Pipeline/Pipeline.php(219): Illuminate/Foundation/Http/Middleware/InvokeDeferredCallbacks->handle(Object(Illuminate/Http/Request), Object(Closure))
#59 C:/Users/Lenovo/CascadeProjects/gunjannagar-khanepani/vendor/laravel/framework/src/Illuminate/Http/Middleware/ValidatePathEncoding.php(26): Illuminate/Pipeline/Pipeline->Illuminate/Pipeline/{closure}(Object(Illuminate/Http/Request))
#60 C:/Users/Lenovo/CascadeProjects/gunjannagar-khanepani/vendor/laravel/framework/src/Illuminate/Pipeline/Pipeline.php(219): Illuminate/Http/Middleware/ValidatePathEncoding->handle(Object(Illuminate/Http/Request), Object(Closure))
#61 C:/Users/Lenovo/CascadeProjects/gunjannagar-khanepani/vendor/laravel/framework/src/Illuminate/Pipeline/Pipeline.php(137): Illuminate/Pipeline/Pipeline->Illuminate/Pipeline/{closure}(Object(Illuminate/Http/Request))
#62 C:/Users/Lenovo/CascadeProjects/gunjannagar-khanepani/vendor/laravel/framework/src/Illuminate/Foundation/Http/Kernel.php(175): Illuminate/Pipeline/Pipeline->then(Object(Closure))
#63 C:/Users/Lenovo/CascadeProjects/gunjannagar-khanepani/vendor/laravel/framework/src/Illuminate/Foundation/Http/Kernel.php(144): Illuminate/Foundation/Http/Kernel->sendRequestThroughRouter(Object(Illuminate/Http/Request))
#64 C:/Users/Lenovo/CascadeProjects/gunjannagar-khanepani/public/index.php(17): Illuminate/Foundation/Http/Kernel->handle(Object(Illuminate/Http/Request))
#65 C:/Users/Lenovo/CascadeProjects/gunjannagar-khanepani/vendor/laravel/framework/src/Illuminate/Foundation/resources/server.php(23): require_once('C://Users//Lenovo...')
#66 {main}

[previous exception] [object] (Symfony\\Component\\Routing\\Exception\\RouteNotFoundException(code: 0): Route [notices.index] not defined. at C:/Users/Lenovo/CascadeProjects/gunjannagar-khanepani/vendor/laravel/framework/src/Illuminate/Routing/UrlGenerator.php:536)
[stacktrace]
#0 C:/Users/Lenovo/CascadeProjects/gunjannagar-khanepani/vendor/laravel/framework/src/Illuminate/Foundation/helpers.php(870): Illuminate/Routing/UrlGenerator->route('notices.index', Array, true)
#1 C:/Users/Lenovo/CascadeProjects/gunjannagar-khanepani/storage/framework/views/c0b4dd7f66b653f7837fa1b43c80d62f.php(1614): route('notices.index')
#2 C:/Users/Lenovo/CascadeProjects/gunjannagar-khanepani/vendor/laravel/framework/src/Illuminate/Filesystem/Filesystem.php(123): require('C://Users//Lenovo...')
#3 C:/Users/Lenovo/CascadeProjects/gunjannagar-khanepani/vendor/laravel/framework/src/Illuminate/Filesystem/Filesystem.php(124): Illuminate/Filesystem/Filesystem::Illuminate/Filesystem/{closure}()
#4 C:/Users/Lenovo/CascadeProjects/gunjannagar-khanepani/vendor/laravel/framework/src/Illuminate/View/Engines/PhpEngine.php(57): Illuminate/Filesystem/Filesystem->getRequire('C://Users//Lenovo...', Array)
#5 C:/Users/Lenovo/CascadeProjects/gunjannagar-khanepani/vendor/laravel/framework/src/Illuminate/View/Engines/CompilerEngine.php(76): Illuminate/View/Engines/PhpEngine->evaluatePath('C://Users//Lenovo...', Array)
#6 C:/Users/Lenovo/CascadeProjects/gunjannagar-khanepani/vendor/laravel/framework/src/Illuminate/View/View.php(208): Illuminate/View/Engines/CompilerEngine->get('C://Users//Lenovo...', Array)
#7 C:/Users/Lenovo/CascadeProjects/gunjannagar-khanepani/vendor/laravel/framework/src/Illuminate/View/View.php(191): Illuminate/View/View->getContents()
#8 C:/Users/Lenovo/CascadeProjects/gunjannagar-khanepani/vendor/laravel/framework/src/Illuminate/View/View.php(160): Illuminate/View/View->renderContents()
#9 C:/Users/Lenovo/CascadeProjects/gunjannagar-khanepani/storage/framework/views/0c824db939ec43fbd2d4a360e940a452.php(577): Illuminate/View/View->render()
#10 C:/Users/Lenovo/CascadeProjects/gunjannagar-khanepani/vendor/laravel/framework/src/Illuminate/Filesystem/Filesystem.php(123): require('C://Users//Lenovo...')
#11 C:/Users/Lenovo/CascadeProjects/gunjannagar-khanepani/vendor/laravel/framework/src/Illuminate/Filesystem/Filesystem.php(124): Illuminate/Filesystem/Filesystem::Illuminate/Filesystem/{closure}()
#12 C:/Users/Lenovo/CascadeProjects/gunjannagar-khanepani/vendor/laravel/framework/src/Illuminate/View/Engines/PhpEngine.php(57): Illuminate/Filesystem/Filesystem->getRequire('C://Users//Lenovo...', Array)
#13 C:/Users/Lenovo/CascadeProjects/gunjannagar-khanepani/vendor/laravel/framework/src/Illuminate/View/Engines/CompilerEngine.php(76): Illuminate/View/Engines/PhpEngine->evaluatePath('C://Users//Lenovo...', Array)
#14 C:/Users/Lenovo/CascadeProjects/gunjannagar-khanepani/vendor/laravel/framework/src/Illuminate/View/View.php(208): Illuminate/View/Engines/CompilerEngine->get('C://Users//Lenovo...', Array)
#15 C:/Users/Lenovo/CascadeProjects/gunjannagar-khanepani/vendor/laravel/framework/src/Illuminate/View/View.php(191): Illuminate/View/View->getContents()
#16 C:/Users/Lenovo/CascadeProjects/gunjannagar-khanepani/vendor/laravel/framework/src/Illuminate/View/View.php(160): Illuminate/View/View->renderContents()
#17 C:/Users/Lenovo/CascadeProjects/gunjannagar-khanepani/vendor/laravel/framework/src/Illuminate/Http/Response.php(78): Illuminate/View/View->render()
#18 C:/Users/Lenovo/CascadeProjects/gunjannagar-khanepani/vendor/laravel/framework/src/Illuminate/Http/Response.php(34): Illuminate/Http/Response->setContent(Object(Illuminate/View/View))
#19 C:/Users/Lenovo/CascadeProjects/gunjannagar-khanepani/vendor/laravel/framework/src/Illuminate/Routing/Router.php(939): Illuminate/Http/Response->__construct(Object(Illuminate/View/View), 200, Array)
#20 C:/Users/Lenovo/CascadeProjects/gunjannagar-khanepani/vendor/laravel/framework/src/Illuminate/Routing/Router.php(906): Illuminate/Routing/Router::toResponse(Object(Illuminate/Http/Request), Object(Illuminate/View/View))
#21 C:/Users/Lenovo/CascadeProjects/gunjannagar-khanepani/vendor/laravel/framework/src/Illuminate/Routing/Router.php(821): Illuminate/Routing/Router->prepareResponse(Object(Illuminate/Http/Request), Object(Illuminate/View/View))
#22 C:/Users/Lenovo/CascadeProjects/gunjannagar-khanepani/vendor/laravel/framework/src/Illuminate/Pipeline/Pipeline.php(180): Illuminate/Routing/Router->Illuminate/Routing/{closure}(Object(Illuminate/Http/Request))
#23 C:/Users/Lenovo/CascadeProjects/gunjannagar-khanepani/vendor/laravel/framework/src/Illuminate/Routing/Middleware/SubstituteBindings.php(50): Illuminate/Pipeline/Pipeline->Illuminate/Pipeline/{closure}(Object(Illuminate/Http/Request))
#24 C:/Users/Lenovo/CascadeProjects/gunjannagar-khanepani/vendor/laravel/framework/src/Illuminate/Pipeline/Pipeline.php(219): Illuminate/Routing/Middleware/SubstituteBindings->handle(Object(Illuminate/Http/Request), Object(Closure))
#25 C:/Users/Lenovo/CascadeProjects/gunjannagar-khanepani/vendor/laravel/framework/src/Illuminate/Foundation/Http/Middleware/VerifyCsrfToken.php(87): Illuminate/Pipeline/Pipeline->Illuminate/Pipeline/{closure}(Object(Illuminate/Http/Request))
#26 C:/Users/Lenovo/CascadeProjects/gunjannagar-khanepani/vendor/laravel/framework/src/Illuminate/Pipeline/Pipeline.php(219): Illuminate/Foundation/Http/Middleware/VerifyCsrfToken->handle(Object(Illuminate/Http/Request), Object(Closure))
#27 C:/Users/Lenovo/CascadeProjects/gunjannagar-khanepani/vendor/laravel/framework/src/Illuminate/View/Middleware/ShareErrorsFromSession.php(48): Illuminate/Pipeline/Pipeline->Illuminate/Pipeline/{closure}(Object(Illuminate/Http/Request))
#28 C:/Users/Lenovo/CascadeProjects/gunjannagar-khanepani/vendor/laravel/framework/src/Illuminate/Pipeline/Pipeline.php(219): Illuminate/View/Middleware/ShareErrorsFromSession->handle(Object(Illuminate/Http/Request), Object(Closure))
#29 C:/Users/Lenovo/CascadeProjects/gunjannagar-khanepani/vendor/laravel/framework/src/Illuminate/Session/Middleware/StartSession.php(120): Illuminate/Pipeline/Pipeline->Illuminate/Pipeline/{closure}(Object(Illuminate/Http/Request))
#30 C:/Users/Lenovo/CascadeProjects/gunjannagar-khanepani/vendor/laravel/framework/src/Illuminate/Session/Middleware/StartSession.php(63): Illuminate/Session/Middleware/StartSession->handleStatefulRequest(Object(Illuminate/Http/Request), Object(Illuminate/Session/Store), Object(Closure))
#31 C:/Users/Lenovo/CascadeProjects/gunjannagar-khanepani/vendor/laravel/framework/src/Illuminate/Pipeline/Pipeline.php(219): Illuminate/Session/Middleware/StartSession->handle(Object(Illuminate/Http/Request), Object(Closure))
#32 C:/Users/Lenovo/CascadeProjects/gunjannagar-khanepani/vendor/laravel/framework/src/Illuminate/Cookie/Middleware/AddQueuedCookiesToResponse.php(36): Illuminate/Pipeline/Pipeline->Illuminate/Pipeline/{closure}(Object(Illuminate/Http/Request))
#33 C:/Users/Lenovo/CascadeProjects/gunjannagar-khanepani/vendor/laravel/framework/src/Illuminate/Pipeline/Pipeline.php(219): Illuminate/Cookie/Middleware/AddQueuedCookiesToResponse->handle(Object(Illuminate/Http/Request), Object(Closure))
#34 C:/Users/Lenovo/CascadeProjects/gunjannagar-khanepani/vendor/laravel/framework/src/Illuminate/Cookie/Middleware/EncryptCookies.php(74): Illuminate/Pipeline/Pipeline->Illuminate/Pipeline/{closure}(Object(Illuminate/Http/Request))
#35 C:/Users/Lenovo/CascadeProjects/gunjannagar-khanepani/vendor/laravel/framework/src/Illuminate/Pipeline/Pipeline.php(219): Illuminate/Cookie/Middleware/EncryptCookies->handle(Object(Illuminate/Http/Request), Object(Closure))
#36 C:/Users/Lenovo/CascadeProjects/gunjannagar-khanepani/vendor/laravel/framework/src/Illuminate/Pipeline/Pipeline.php(137): Illuminate/Pipeline/Pipeline->Illuminate/Pipeline/{closure}(Object(Illuminate/Http/Request))
#37 C:/Users/Lenovo/CascadeProjects/gunjannagar-khanepani/vendor/laravel/framework/src/Illuminate/Routing/Router.php(821): Illuminate/Pipeline/Pipeline->then(Object(Closure))
#38 C:/Users/Lenovo/CascadeProjects/gunjannagar-khanepani/vendor/laravel/framework/src/Illuminate/Routing/Router.php(800): Illuminate/Routing/Router->runRouteWithinStack(Object(Illuminate/Routing/Route), Object(Illuminate/Http/Request))
#39 C:/Users/Lenovo/CascadeProjects/gunjannagar-khanepani/vendor/laravel/framework/src/Illuminate/Routing/Router.php(764): Illuminate/Routing/Router->runRoute(Object(Illuminate/Http/Request), Object(Illuminate/Routing/Route))
#40 C:/Users/Lenovo/CascadeProjects/gunjannagar-khanepani/vendor/laravel/framework/src/Illuminate/Routing/Router.php(753): Illuminate/Routing/Router->dispatchToRoute(Object(Illuminate/Http/Request))
#41 C:/Users/Lenovo/CascadeProjects/gunjannagar-khanepani/vendor/laravel/framework/src/Illuminate/Foundation/Http/Kernel.php(200): Illuminate/Routing/Router->dispatch(Object(Illuminate/Http/Request))
#42 C:/Users/Lenovo/CascadeProjects/gunjannagar-khanepani/vendor/laravel/framework/src/Illuminate/Pipeline/Pipeline.php(180): Illuminate/Foundation/Http/Kernel->Illuminate/Foundation/Http/{closure}(Object(Illuminate/Http/Request))
#43 C:/Users/Lenovo/CascadeProjects/gunjannagar-khanepani/vendor/laravel/framework/src/Illuminate/Foundation/Http/Middleware/TransformsRequest.php(21): Illuminate/Pipeline/Pipeline->Illuminate/Pipeline/{closure}(Object(Illuminate/Http/Request))
#44 C:/Users/Lenovo/CascadeProjects/gunjannagar-khanepani/vendor/laravel/framework/src/Illuminate/Foundation/Http/Middleware/ConvertEmptyStringsToNull.php(31): Illuminate/Foundation/Http/Middleware/TransformsRequest->handle(Object(Illuminate/Http/Request), Object(Closure))
#45 C:/Users/Lenovo/CascadeProjects/gunjannagar-khanepani/vendor/laravel/framework/src/Illuminate/Pipeline/Pipeline.php(219): Illuminate/Foundation/Http/Middleware/ConvertEmptyStringsToNull->handle(Object(Illuminate/Http/Request), Object(Closure))
#46 C:/Users/Lenovo/CascadeProjects/gunjannagar-khanepani/vendor/laravel/framework/src/Illuminate/Foundation/Http/Middleware/TransformsRequest.php(21): Illuminate/Pipeline/Pipeline->Illuminate/Pipeline/{closure}(Object(Illuminate/Http/Request))
#47 C:/Users/Lenovo/CascadeProjects/gunjannagar-khanepani/vendor/laravel/framework/src/Illuminate/Foundation/Http/Middleware/TrimStrings.php(51): Illuminate/Foundation/Http/Middleware/TransformsRequest->handle(Object(Illuminate/Http/Request), Object(Closure))
#48 C:/Users/Lenovo/CascadeProjects/gunjannagar-khanepani/vendor/laravel/framework/src/Illuminate/Pipeline/Pipeline.php(219): Illuminate/Foundation/Http/Middleware/TrimStrings->handle(Object(Illuminate/Http/Request), Object(Closure))
#49 C:/Users/Lenovo/CascadeProjects/gunjannagar-khanepani/vendor/laravel/framework/src/Illuminate/Http/Middleware/ValidatePostSize.php(27): Illuminate/Pipeline/Pipeline->Illuminate/Pipeline/{closure}(Object(Illuminate/Http/Request))
#50 C:/Users/Lenovo/CascadeProjects/gunjannagar-khanepani/vendor/laravel/framework/src/Illuminate/Pipeline/Pipeline.php(219): Illuminate/Http/Middleware/ValidatePostSize->handle(Object(Illuminate/Http/Request), Object(Closure))
#51 C:/Users/Lenovo/CascadeProjects/gunjannagar-khanepani/vendor/laravel/framework/src/Illuminate/Foundation/Http/Middleware/PreventRequestsDuringMaintenance.php(109): Illuminate/Pipeline/Pipeline->Illuminate/Pipeline/{closure}(Object(Illuminate/Http/Request))
#52 C:/Users/Lenovo/CascadeProjects/gunjannagar-khanepani/vendor/laravel/framework/src/Illuminate/Pipeline/Pipeline.php(219): Illuminate/Foundation/Http/Middleware/PreventRequestsDuringMaintenance->handle(Object(Illuminate/Http/Request), Object(Closure))
#53 C:/Users/Lenovo/CascadeProjects/gunjannagar-khanepani/vendor/laravel/framework/src/Illuminate/Http/Middleware/HandleCors.php(61): Illuminate/Pipeline/Pipeline->Illuminate/Pipeline/{closure}(Object(Illuminate/Http/Request))
#54 C:/Users/Lenovo/CascadeProjects/gunjannagar-khanepani/vendor/laravel/framework/src/Illuminate/Pipeline/Pipeline.php(219): Illuminate/Http/Middleware/HandleCors->handle(Object(Illuminate/Http/Request), Object(Closure))
#55 C:/Users/Lenovo/CascadeProjects/gunjannagar-khanepani/vendor/laravel/framework/src/Illuminate/Http/Middleware/TrustProxies.php(58): Illuminate/Pipeline/Pipeline->Illuminate/Pipeline/{closure}(Object(Illuminate/Http/Request))
#56 C:/Users/Lenovo/CascadeProjects/gunjannagar-khanepani/vendor/laravel/framework/src/Illuminate/Pipeline/Pipeline.php(219): Illuminate/Http/Middleware/TrustProxies->handle(Object(Illuminate/Http/Request), Object(Closure))
#57 C:/Users/Lenovo/CascadeProjects/gunjannagar-khanepani/vendor/laravel/framework/src/Illuminate/Foundation/Http/Middleware/InvokeDeferredCallbacks.php(22): Illuminate/Pipeline/Pipeline->Illuminate/Pipeline/{closure}(Object(Illuminate/Http/Request))
#58 C:/Users/Lenovo/CascadeProjects/gunjannagar-khanepani/vendor/laravel/framework/src/Illuminate/Pipeline/Pipeline.php(219): Illuminate/Foundation/Http/Middleware/InvokeDeferredCallbacks->handle(Object(Illuminate/Http/Request), Object(Closure))
#59 C:/Users/Lenovo/CascadeProjects/gunjannagar-khanepani/vendor/laravel/framework/src/Illuminate/Http/Middleware/ValidatePathEncoding.php(26): Illuminate/Pipeline/Pipeline->Illuminate/Pipeline/{closure}(Object(Illuminate/Http/Request))
#60 C:/Users/Lenovo/CascadeProjects/gunjannagar-khanepani/vendor/laravel/framework/src/Illuminate/Pipeline/Pipeline.php(219): Illuminate/Http/Middleware/ValidatePathEncoding->handle(Object(Illuminate/Http/Request), Object(Closure))
#61 C:/Users/Lenovo/CascadeProjects/gunjannagar-khanepani/vendor/laravel/framework/src/Illuminate/Pipeline/Pipeline.php(137): Illuminate/Pipeline/Pipeline->Illuminate/Pipeline/{closure}(Object(Illuminate/Http/Request))
#62 C:/Users/Lenovo/CascadeProjects/gunjannagar-khanepani/vendor/laravel/framework/src/Illuminate/Foundation/Http/Kernel.php(175): Illuminate/Pipeline/Pipeline->then(Object(Closure))
#63 C:/Users/Lenovo/CascadeProjects/gunjannagar-khanepani/vendor/laravel/framework/src/Illuminate/Foundation/Http/Kernel.php(144): Illuminate/Foundation/Http/Kernel->sendRequestThroughRouter(Object(Illuminate/Http/Request))
#64 C:/Users/Lenovo/CascadeProjects/gunjannagar-khanepani/public/index.php(17): Illuminate/Foundation/Http/Kernel->handle(Object(Illuminate/Http/Request))
#65 C:/Users/Lenovo/CascadeProjects/gunjannagar-khanepani/vendor/laravel/framework/src/Illuminate/Foundation/resources/server.php(23): require_once('C://Users//Lenovo...')
#66 {main}
"} 
[2026-08-15 12:39:49] local.ERROR: Route [notices.index] not defined. {"exception":"[object] (Spatie\\LaravelIgnition\\Exceptions\\ViewException(code: 0): Route [notices.index] not defined. at C:/Users/Lenovo/CascadeProjects/gunjannagar-khanepani/vendor/laravel/framework/src/Illuminate/Routing/UrlGenerator.php:536)
[stacktrace]
#0 C:/Users/Lenovo/CascadeProjects/gunjannagar-khanepani/vendor/laravel/framework/src/Illuminate/Foundation/helpers.php(870): Illuminate/Routing/UrlGenerator->route('notices.index', Array, true)
#1 C:/Users/Lenovo/CascadeProjects/gunjannagar-khanepani/resources/views/layouts/app.blade.php(1800): route('notices.index')
#2 C:/Users/Lenovo/CascadeProjects/gunjannagar-khanepani/vendor/laravel/framework/src/Illuminate/Filesystem/Filesystem.php(123): require('C://Users//Lenovo...')
#3 C:/Users/Lenovo/CascadeProjects/gunjannagar-khanepani/vendor/laravel/framework/src/Illuminate/Filesystem/Filesystem.php(124): Illuminate/Filesystem/Filesystem::Illuminate/Filesystem/{closure}()
#4 C:/Users/Lenovo/CascadeProjects/gunjannagar-khanepani/vendor/laravel/framework/src/Illuminate/View/Engines/PhpEngine.php(57): Illuminate/Filesystem/Filesystem->getRequire('C://Users//Lenovo...', Array)
#5 C:/Users/Lenovo/CascadeProjects/gunjannagar-khanepani/vendor/laravel/framework/src/Illuminate/View/Engines/CompilerEngine.php(76): Illuminate/View/Engines/PhpEngine->evaluatePath('C://Users//Lenovo...', Array)
#6 C:/Users/Lenovo/CascadeProjects/gunjannagar-khanepani/vendor/laravel/framework/src/Illuminate/View/View.php(208): Illuminate/View/Engines/CompilerEngine->get('C://Users//Lenovo...', Array)
#7 C:/Users/Lenovo/CascadeProjects/gunjannagar-khanepani/vendor/laravel/framework/src/Illuminate/View/View.php(191): Illuminate/View/View->getContents()
#8 C:/Users/Lenovo/CascadeProjects/gunjannagar-khanepani/vendor/laravel/framework/src/Illuminate/View/View.php(160): Illuminate/View/View->renderContents()
#9 C:/Users/Lenovo/CascadeProjects/gunjannagar-khanepani/resources/views/home.blade.php(571): Illuminate/View/View->render()
#10 C:/Users/Lenovo/CascadeProjects/gunjannagar-khanepani/vendor/laravel/framework/src/Illuminate/Filesystem/Filesystem.php(123): require('C://Users//Lenovo...')
#11 C:/Users/Lenovo/CascadeProjects/gunjannagar-khanepani/vendor/laravel/framework/src/Illuminate/Filesystem/Filesystem.php(124): Illuminate/Filesystem/Filesystem::Illuminate/Filesystem/{closure}()
#12 C:/Users/Lenovo/CascadeProjects/gunjannagar-khanepani/vendor/laravel/framework/src/Illuminate/View/Engines/PhpEngine.php(57): Illuminate/Filesystem/Filesystem->getRequire('C://Users//Lenovo...', Array)
#13 C:/Users/Lenovo/CascadeProjects/gunjannagar-khanepani/vendor/laravel/framework/src/Illuminate/View/Engines/CompilerEngine.php(76): Illuminate/View/Engines/PhpEngine->evaluatePath('C://Users//Lenovo...', Array)
#14 C:/Users/Lenovo/CascadeProjects/gunjannagar-khanepani/vendor/laravel/framework/src/Illuminate/View/View.php(208): Illuminate/View/Engines/CompilerEngine->get('C://Users//Lenovo...', Array)
#15 C:/Users/Lenovo/CascadeProjects/gunjannagar-khanepani/vendor/laravel/framework/src/Illuminate/View/View.php(191): Illuminate/View/View->getContents()
#16 C:/Users/Lenovo/CascadeProjects/gunjannagar-khanepani/vendor/laravel/framework/src/Illuminate/View/View.php(160): Illuminate/View/View->renderContents()
#17 C:/Users/Lenovo/CascadeProjects/gunjannagar-khanepani/vendor/laravel/framework/src/Illuminate/Http/Response.php(78): Illuminate/View/View->render()
#18 C:/Users/Lenovo/CascadeProjects/gunjannagar-khanepani/vendor/laravel/framework/src/Illuminate/Http/Response.php(34): Illuminate/Http/Response->setContent(Object(Illuminate/View/View))
#19 C:/Users/Lenovo/CascadeProjects/gunjannagar-khanepani/vendor/laravel/framework/src/Illuminate/Routing/Router.php(939): Illuminate/Http/Response->__construct(Object(Illuminate/View/View), 200, Array)
#20 C:/Users/Lenovo/CascadeProjects/gunjannagar-khanepani/vendor/laravel/framework/src/Illuminate/Routing/Router.php(906): Illuminate/Routing/Router::toResponse(Object(Illuminate/Http/Request), Object(Illuminate/View/View))
#21 C:/Users/Lenovo/CascadeProjects/gunjannagar-khanepani/vendor/laravel/framework/src/Illuminate/Routing/Router.php(821): Illuminate/Routing/Router->prepareResponse(Object(Illuminate/Http/Request), Object(Illuminate/View/View))
#22 C:/Users/Lenovo/CascadeProjects/gunjannagar-khanepani/vendor/laravel/framework/src/Illuminate/Pipeline/Pipeline.php(180): Illuminate/Routing/Router->Illuminate/Routing/{closure}(Object(Illuminate/Http/Request))
#23 C:/Users/Lenovo/CascadeProjects/gunjannagar-khanepani/vendor/laravel/framework/src/Illuminate/Routing/Middleware/SubstituteBindings.php(50): Illuminate/Pipeline/Pipeline->Illuminate/Pipeline/{closure}(Object(Illuminate/Http/Request))
#24 C:/Users/Lenovo/CascadeProjects/gunjannagar-khanepani/vendor/laravel/framework/src/Illuminate/Pipeline/Pipeline.php(219): Illuminate/Routing/Middleware/SubstituteBindings->handle(Object(Illuminate/Http/Request), Object(Closure))
#25 C:/Users/Lenovo/CascadeProjects/gunjannagar-khanepani/vendor/laravel/framework/src/Illuminate/Foundation/Http/Middleware/VerifyCsrfToken.php(87): Illuminate/Pipeline/Pipeline->Illuminate/Pipeline/{closure}(Object(Illuminate/Http/Request))
#26 C:/Users/Lenovo/CascadeProjects/gunjannagar-khanepani/vendor/laravel/framework/src/Illuminate/Pipeline/Pipeline.php(219): Illuminate/Foundation/Http/Middleware/VerifyCsrfToken->handle(Object(Illuminate/Http/Request), Object(Closure))
#27 C:/Users/Lenovo/CascadeProjects/gunjannagar-khanepani/vendor/laravel/framework/src/Illuminate/View/Middleware/ShareErrorsFromSession.php(48): Illuminate/Pipeline/Pipeline->Illuminate/Pipeline/{closure}(Object(Illuminate/Http/Request))
#28 C:/Users/Lenovo/CascadeProjects/gunjannagar-khanepani/vendor/laravel/framework/src/Illuminate/Pipeline/Pipeline.php(219): Illuminate/View/Middleware/ShareErrorsFromSession->handle(Object(Illuminate/Http/Request), Object(Closure))
#29 C:/Users/Lenovo/CascadeProjects/gunjannagar-khanepani/vendor/laravel/framework/src/Illuminate/Session/Middleware/StartSession.php(120): Illuminate/Pipeline/Pipeline->Illuminate/Pipeline/{closure}(Object(Illuminate/Http/Request))
#30 C:/Users/Lenovo/CascadeProjects/gunjannagar-khanepani/vendor/laravel/framework/src/Illuminate/Session/Middleware/StartSession.php(63): Illuminate/Session/Middleware/StartSession->handleStatefulRequest(Object(Illuminate/Http/Request), Object(Illuminate/Session/Store), Object(Closure))
#31 C:/Users/Lenovo/CascadeProjects/gunjannagar-khanepani/vendor/laravel/framework/src/Illuminate/Pipeline/Pipeline.php(219): Illuminate/Session/Middleware/StartSession->handle(Object(Illuminate/Http/Request), Object(Closure))
#32 C:/Users/Lenovo/CascadeProjects/gunjannagar-khanepani/vendor/laravel/framework/src/Illuminate/Cookie/Middleware/AddQueuedCookiesToResponse.php(36): Illuminate/Pipeline/Pipeline->Illuminate/Pipeline/{closure}(Object(Illuminate/Http/Request))
#33 C:/Users/Lenovo/CascadeProjects/gunjannagar-khanepani/vendor/laravel/framework/src/Illuminate/Pipeline/Pipeline.php(219): Illuminate/Cookie/Middleware/AddQueuedCookiesToResponse->handle(Object(Illuminate/Http/Request), Object(Closure))
#34 C:/Users/Lenovo/CascadeProjects/gunjannagar-khanepani/vendor/laravel/framework/src/Illuminate/Cookie/Middleware/EncryptCookies.php(74): Illuminate/Pipeline/Pipeline->Illuminate/Pipeline/{closure}(Object(Illuminate/Http/Request))
#35 C:/Users/Lenovo/CascadeProjects/gunjannagar-khanepani/vendor/laravel/framework/src/Illuminate/Pipeline/Pipeline.php(219): Illuminate/Cookie/Middleware/EncryptCookies->handle(Object(Illuminate/Http/Request), Object(Closure))
#36 C:/Users/Lenovo/CascadeProjects/gunjannagar-khanepani/vendor/laravel/framework/src/Illuminate/Pipeline/Pipeline.php(137): Illuminate/Pipeline/Pipeline->Illuminate/Pipeline/{closure}(Object(Illuminate/Http/Request))
#37 C:/Users/Lenovo/CascadeProjects/gunjannagar-khanepani/vendor/laravel/framework/src/Illuminate/Routing/Router.php(821): Illuminate/Pipeline/Pipeline->then(Object(Closure))
#38 C:/Users/Lenovo/CascadeProjects/gunjannagar-khanepani/vendor/laravel/framework/src/Illuminate/Routing/Router.php(800): Illuminate/Routing/Router->runRouteWithinStack(Object(Illuminate/Routing/Route), Object(Illuminate/Http/Request))
#39 C:/Users/Lenovo/CascadeProjects/gunjannagar-khanepani/vendor/laravel/framework/src/Illuminate/Routing/Router.php(764): Illuminate/Routing/Router->runRoute(Object(Illuminate/Http/Request), Object(Illuminate/Routing/Route))
#40 C:/Users/Lenovo/CascadeProjects/gunjannagar-khanepani/vendor/laravel/framework/src/Illuminate/Routing/Router.php(753): Illuminate/Routing/Router->dispatchToRoute(Object(Illuminate/Http/Request))
#41 C:/Users/Lenovo/CascadeProjects/gunjannagar-khanepani/vendor/laravel/framework/src/Illuminate/Foundation/Http/Kernel.php(200): Illuminate/Routing/Router->dispatch(Object(Illuminate/Http/Request))
#42 C:/Users/Lenovo/CascadeProjects/gunjannagar-khanepani/vendor/laravel/framework/src/Illuminate/Pipeline/Pipeline.php(180): Illuminate/Foundation/Http/Kernel->Illuminate/Foundation/Http/{closure}(Object(Illuminate/Http/Request))
#43 C:/Users/Lenovo/CascadeProjects/gunjannagar-khanepani/vendor/laravel/framework/src/Illuminate/Foundation/Http/Middleware/TransformsRequest.php(21): Illuminate/Pipeline/Pipeline->Illuminate/Pipeline/{closure}(Object(Illuminate/Http/Request))
#44 C:/Users/Lenovo/CascadeProjects/gunjannagar-khanepani/vendor/laravel/framework/src/Illuminate/Foundation/Http/Middleware/ConvertEmptyStringsToNull.php(31): Illuminate/Foundation/Http/Middleware/TransformsRequest->handle(Object(Illuminate/Http/Request), Object(Closure))
#45 C:/Users/Lenovo/CascadeProjects/gunjannagar-khanepani/vendor/laravel/framework/src/Illuminate/Pipeline/Pipeline.php(219): Illuminate/Foundation/Http/Middleware/ConvertEmptyStringsToNull->handle(Object(Illuminate/Http/Request), Object(Closure))
#46 C:/Users/Lenovo/CascadeProjects/gunjannagar-khanepani/vendor/laravel/framework/src/Illuminate/Foundation/Http/Middleware/TransformsRequest.php(21): Illuminate/Pipeline/Pipeline->Illuminate/Pipeline/{closure}(Object(Illuminate/Http/Request))
#47 C:/Users/Lenovo/CascadeProjects/gunjannagar-khanepani/vendor/laravel/framework/src/Illuminate/Foundation/Http/Middleware/TrimStrings.php(51): Illuminate/Foundation/Http/Middleware/TransformsRequest->handle(Object(Illuminate/Http/Request), Object(Closure))
#48 C:/Users/Lenovo/CascadeProjects/gunjannagar-khanepani/vendor/laravel/framework/src/Illuminate/Pipeline/Pipeline.php(219): Illuminate/Foundation/Http/Middleware/TrimStrings->handle(Object(Illuminate/Http/Request), Object(Closure))
#49 C:/Users/Lenovo/CascadeProjects/gunjannagar-khanepani/vendor/laravel/framework/src/Illuminate/Http/Middleware/ValidatePostSize.php(27): Illuminate/Pipeline/Pipeline->Illuminate/Pipeline/{closure}(Object(Illuminate/Http/Request))
#50 C:/Users/Lenovo/CascadeProjects/gunjannagar-khanepani/vendor/laravel/framework/src/Illuminate/Pipeline/Pipeline.php(219): Illuminate/Http/Middleware/ValidatePostSize->handle(Object(Illuminate/Http/Request), Object(Closure))
#51 C:/Users/Lenovo/CascadeProjects/gunjannagar-khanepani/vendor/laravel/framework/src/Illuminate/Foundation/Http/Middleware/PreventRequestsDuringMaintenance.php(109): Illuminate/Pipeline/Pipeline->Illuminate/Pipeline/{closure}(Object(Illuminate/Http/Request))
#52 C:/Users/Lenovo/CascadeProjects/gunjannagar-khanepani/vendor/laravel/framework/src/Illuminate/Pipeline/Pipeline.php(219): Illuminate/Foundation/Http/Middleware/PreventRequestsDuringMaintenance->handle(Object(Illuminate/Http/Request), Object(Closure))
#53 C:/Users/Lenovo/CascadeProjects/gunjannagar-khanepani/vendor/laravel/framework/src/Illuminate/Http/Middleware/HandleCors.php(61): Illuminate/Pipeline/Pipeline->Illuminate/Pipeline/{closure}(Object(Illuminate/Http/Request))
#54 C:/Users/Lenovo/CascadeProjects/gunjannagar-khanepani/vendor/laravel/framework/src/Illuminate/Pipeline/Pipeline.php(219): Illuminate/Http/Middleware/HandleCors->handle(Object(Illuminate/Http/Request), Object(Closure))
#55 C:/Users/Lenovo/CascadeProjects/gunjannagar-khanepani/vendor/laravel/framework/src/Illuminate/Http/Middleware/TrustProxies.php(58): Illuminate/Pipeline/Pipeline->Illuminate/Pipeline/{closure}(Object(Illuminate/Http/Request))
#56 C:/Users/Lenovo/CascadeProjects/gunjannagar-khanepani/vendor/laravel/framework/src/Illuminate/Pipeline/Pipeline.php(219): Illuminate/Http/Middleware/TrustProxies->handle(Object(Illuminate/Http/Request), Object(Closure))
#57 C:/Users/Lenovo/CascadeProjects/gunjannagar-khanepani/vendor/laravel/framework/src/Illuminate/Foundation/Http/Middleware/InvokeDeferredCallbacks.php(22): Illuminate/Pipeline/Pipeline->Illuminate/Pipeline/{closure}(Object(Illuminate/Http/Request))
#58 C:/Users/Lenovo/CascadeProjects/gunjannagar-khanepani/vendor/laravel/framework/src/Illuminate/Pipeline/Pipeline.php(219): Illuminate/Foundation/Http/Middleware/InvokeDeferredCallbacks->handle(Object(Illuminate/Http/Request), Object(Closure))
#59 C:/Users/Lenovo/CascadeProjects/gunjannagar-khanepani/vendor/laravel/framework/src/Illuminate/Http/Middleware/ValidatePathEncoding.php(26): Illuminate/Pipeline/Pipeline->Illuminate/Pipeline/{closure}(Object(Illuminate/Http/Request))
#60 C:/Users/Lenovo/CascadeProjects/gunjannagar-khanepani/vendor/laravel/framework/src/Illuminate/Pipeline/Pipeline.php(219): Illuminate/Http/Middleware/ValidatePathEncoding->handle(Object(Illuminate/Http/Request), Object(Closure))
#61 C:/Users/Lenovo/CascadeProjects/gunjannagar-khanepani/vendor/laravel/framework/src/Illuminate/Pipeline/Pipeline.php(137): Illuminate/Pipeline/Pipeline->Illuminate/Pipeline/{closure}(Object(Illuminate/Http/Request))
#62 C:/Users/Lenovo/CascadeProjects/gunjannagar-khanepani/vendor/laravel/framework/src/Illuminate/Foundation/Http/Kernel.php(175): Illuminate/Pipeline/Pipeline->then(Object(Closure))
#63 C:/Users/Lenovo/CascadeProjects/gunjannagar-khanepani/vendor/laravel/framework/src/Illuminate/Foundation/Http/Kernel.php(144): Illuminate/Foundation/Http/Kernel->sendRequestThroughRouter(Object(Illuminate/Http/Request))
#64 C:/Users/Lenovo/CascadeProjects/gunjannagar-khanepani/public/index.php(17): Illuminate/Foundation/Http/Kernel->handle(Object(Illuminate/Http/Request))
#65 C:/Users/Lenovo/CascadeProjects/gunjannagar-khanepani/vendor/laravel/framework/src/Illuminate/Foundation/resources/server.php(23): require_once('C://Users//Lenovo...')
#66 {main}

[previous exception] [object] (Symfony\\Component\\Routing\\Exception\\RouteNotFoundException(code: 0): Route [notices.index] not defined. at C:/Users/Lenovo/CascadeProjects/gunjannagar-khanepani/vendor/laravel/framework/src/Illuminate/Routing/UrlGenerator.php:536)
[stacktrace]
#0 C:/Users/Lenovo/CascadeProjects/gunjannagar-khanepani/vendor/laravel/framework/src/Illuminate/Foundation/helpers.php(870): Illuminate/Routing/UrlGenerator->route('notices.index', Array, true)
#1 C:/Users/Lenovo/CascadeProjects/gunjannagar-khanepani/storage/framework/views/c0b4dd7f66b653f7837fa1b43c80d62f.php(1802): route('notices.index')
#2 C:/Users/Lenovo/CascadeProjects/gunjannagar-khanepani/vendor/laravel/framework/src/Illuminate/Filesystem/Filesystem.php(123): require('C://Users//Lenovo...')
#3 C:/Users/Lenovo/CascadeProjects/gunjannagar-khanepani/vendor/laravel/framework/src/Illuminate/Filesystem/Filesystem.php(124): Illuminate/Filesystem/Filesystem::Illuminate/Filesystem/{closure}()
#4 C:/Users/Lenovo/CascadeProjects/gunjannagar-khanepani/vendor/laravel/framework/src/Illuminate/View/Engines/PhpEngine.php(57): Illuminate/Filesystem/Filesystem->getRequire('C://Users//Lenovo...', Array)
#5 C:/Users/Lenovo/CascadeProjects/gunjannagar-khanepani/vendor/laravel/framework/src/Illuminate/View/Engines/CompilerEngine.php(76): Illuminate/View/Engines/PhpEngine->evaluatePath('C://Users//Lenovo...', Array)
#6 C:/Users/Lenovo/CascadeProjects/gunjannagar-khanepani/vendor/laravel/framework/src/Illuminate/View/View.php(208): Illuminate/View/Engines/CompilerEngine->get('C://Users//Lenovo...', Array)
#7 C:/Users/Lenovo/CascadeProjects/gunjannagar-khanepani/vendor/laravel/framework/src/Illuminate/View/View.php(191): Illuminate/View/View->getContents()
#8 C:/Users/Lenovo/CascadeProjects/gunjannagar-khanepani/vendor/laravel/framework/src/Illuminate/View/View.php(160): Illuminate/View/View->renderContents()
#9 C:/Users/Lenovo/CascadeProjects/gunjannagar-khanepani/storage/framework/views/0c824db939ec43fbd2d4a360e940a452.php(577): Illuminate/View/View->render()
#10 C:/Users/Lenovo/CascadeProjects/gunjannagar-khanepani/vendor/laravel/framework/src/Illuminate/Filesystem/Filesystem.php(123): require('C://Users//Lenovo...')
#11 C:/Users/Lenovo/CascadeProjects/gunjannagar-khanepani/vendor/laravel/framework/src/Illuminate/Filesystem/Filesystem.php(124): Illuminate/Filesystem/Filesystem::Illuminate/Filesystem/{closure}()
#12 C:/Users/Lenovo/CascadeProjects/gunjannagar-khanepani/vendor/laravel/framework/src/Illuminate/View/Engines/PhpEngine.php(57): Illuminate/Filesystem/Filesystem->getRequire('C://Users//Lenovo...', Array)
#13 C:/Users/Lenovo/CascadeProjects/gunjannagar-khanepani/vendor/laravel/framework/src/Illuminate/View/Engines/CompilerEngine.php(76): Illuminate/View/Engines/PhpEngine->evaluatePath('C://Users//Lenovo...', Array)
#14 C:/Users/Lenovo/CascadeProjects/gunjannagar-khanepani/vendor/laravel/framework/src/Illuminate/View/View.php(208): Illuminate/View/Engines/CompilerEngine->get('C://Users//Lenovo...', Array)
#15 C:/Users/Lenovo/CascadeProjects/gunjannagar-khanepani/vendor/laravel/framework/src/Illuminate/View/View.php(191): Illuminate/View/View->getContents()
#16 C:/Users/Lenovo/CascadeProjects/gunjannagar-khanepani/vendor/laravel/framework/src/Illuminate/View/View.php(160): Illuminate/View/View->renderContents()
#17 C:/Users/Lenovo/CascadeProjects/gunjannagar-khanepani/vendor/laravel/framework/src/Illuminate/Http/Response.php(78): Illuminate/View/View->render()
#18 C:/Users/Lenovo/CascadeProjects/gunjannagar-khanepani/vendor/laravel/framework/src/Illuminate/Http/Response.php(34): Illuminate/Http/Response->setContent(Object(Illuminate/View/View))
#19 C:/Users/Lenovo/CascadeProjects/gunjannagar-khanepani/vendor/laravel/framework/src/Illuminate/Routing/Router.php(939): Illuminate/Http/Response->__construct(Object(Illuminate/View/View), 200, Array)
#20 C:/Users/Lenovo/CascadeProjects/gunjannagar-khanepani/vendor/laravel/framework/src/Illuminate/Routing/Router.php(906): Illuminate/Routing/Router::toResponse(Object(Illuminate/Http/Request), Object(Illuminate/View/View))
#21 C:/Users/Lenovo/CascadeProjects/gunjannagar-khanepani/vendor/laravel/framework/src/Illuminate/Routing/Router.php(821): Illuminate/Routing/Router->prepareResponse(Object(Illuminate/Http/Request), Object(Illuminate/View/View))
#22 C:/Users/Lenovo/CascadeProjects/gunjannagar-khanepani/vendor/laravel/framework/src/Illuminate/Pipeline/Pipeline.php(180): Illuminate/Routing/Router->Illuminate/Routing/{closure}(Object(Illuminate/Http/Request))
#23 C:/Users/Lenovo/CascadeProjects/gunjannagar-khanepani/vendor/laravel/framework/src/Illuminate/Routing/Middleware/SubstituteBindings.php(50): Illuminate/Pipeline/Pipeline->Illuminate/Pipeline/{closure}(Object(Illuminate/Http/Request))
#24 C:/Users/Lenovo/CascadeProjects/gunjannagar-khanepani/vendor/laravel/framework/src/Illuminate/Pipeline/Pipeline.php(219): Illuminate/Routing/Middleware/SubstituteBindings->handle(Object(Illuminate/Http/Request), Object(Closure))
#25 C:/Users/Lenovo/CascadeProjects/gunjannagar-khanepani/vendor/laravel/framework/src/Illuminate/Foundation/Http/Middleware/VerifyCsrfToken.php(87): Illuminate/Pipeline/Pipeline->Illuminate/Pipeline/{closure}(Object(Illuminate/Http/Request))
#26 C:/Users/Lenovo/CascadeProjects/gunjannagar-khanepani/vendor/laravel/framework/src/Illuminate/Pipeline/Pipeline.php(219): Illuminate/Foundation/Http/Middleware/VerifyCsrfToken->handle(Object(Illuminate/Http/Request), Object(Closure))
#27 C:/Users/Lenovo/CascadeProjects/gunjannagar-khanepani/vendor/laravel/framework/src/Illuminate/View/Middleware/ShareErrorsFromSession.php(48): Illuminate/Pipeline/Pipeline->Illuminate/Pipeline/{closure}(Object(Illuminate/Http/Request))
#28 C:/Users/Lenovo/CascadeProjects/gunjannagar-khanepani/vendor/laravel/framework/src/Illuminate/Pipeline/Pipeline.php(219): Illuminate/View/Middleware/ShareErrorsFromSession->handle(Object(Illuminate/Http/Request), Object(Closure))
#29 C:/Users/Lenovo/CascadeProjects/gunjannagar-khanepani/vendor/laravel/framework/src/Illuminate/Session/Middleware/StartSession.php(120): Illuminate/Pipeline/Pipeline->Illuminate/Pipeline/{closure}(Object(Illuminate/Http/Request))
#30 C:/Users/Lenovo/CascadeProjects/gunjannagar-khanepani/vendor/laravel/framework/src/Illuminate/Session/Middleware/StartSession.php(63): Illuminate/Session/Middleware/StartSession->handleStatefulRequest(Object(Illuminate/Http/Request), Object(Illuminate/Session/Store), Object(Closure))
#31 C:/Users/Lenovo/CascadeProjects/gunjannagar-khanepani/vendor/laravel/framework/src/Illuminate/Pipeline/Pipeline.php(219): Illuminate/Session/Middleware/StartSession->handle(Object(Illuminate/Http/Request), Object(Closure))
#32 C:/Users/Lenovo/CascadeProjects/gunjannagar-khanepani/vendor/laravel/framework/src/Illuminate/Cookie/Middleware/AddQueuedCookiesToResponse.php(36): Illuminate/Pipeline/Pipeline->Illuminate/Pipeline/{closure}(Object(Illuminate/Http/Request))
#33 C:/Users/Lenovo/CascadeProjects/gunjannagar-khanepani/vendor/laravel/framework/src/Illuminate/Pipeline/Pipeline.php(219): Illuminate/Cookie/Middleware/AddQueuedCookiesToResponse->handle(Object(Illuminate/Http/Request), Object(Closure))
#34 C:/Users/Lenovo/CascadeProjects/gunjannagar-khanepani/vendor/laravel/framework/src/Illuminate/Cookie/Middleware/EncryptCookies.php(74): Illuminate/Pipeline/Pipeline->Illuminate/Pipeline/{closure}(Object(Illuminate/Http/Request))
#35 C:/Users/Lenovo/CascadeProjects/gunjannagar-khanepani/vendor/laravel/framework/src/Illuminate/Pipeline/Pipeline.php(219): Illuminate/Cookie/Middleware/EncryptCookies->handle(Object(Illuminate/Http/Request), Object(Closure))
#36 C:/Users/Lenovo/CascadeProjects/gunjannagar-khanepani/vendor/laravel/framework/src/Illuminate/Pipeline/Pipeline.php(137): Illuminate/Pipeline/Pipeline->Illuminate/Pipeline/{closure}(Object(Illuminate/Http/Request))
#37 C:/Users/Lenovo/CascadeProjects/gunjannagar-khanepani/vendor/laravel/framework/src/Illuminate/Routing/Router.php(821): Illuminate/Pipeline/Pipeline->then(Object(Closure))
#38 C:/Users/Lenovo/CascadeProjects/gunjannagar-khanepani/vendor/laravel/framework/src/Illuminate/Routing/Router.php(800): Illuminate/Routing/Router->runRouteWithinStack(Object(Illuminate/Routing/Route), Object(Illuminate/Http/Request))
#39 C:/Users/Lenovo/CascadeProjects/gunjannagar-khanepani/vendor/laravel/framework/src/Illuminate/Routing/Router.php(764): Illuminate/Routing/Router->runRoute(Object(Illuminate/Http/Request), Object(Illuminate/Routing/Route))
#40 C:/Users/Lenovo/CascadeProjects/gunjannagar-khanepani/vendor/laravel/framework/src/Illuminate/Routing/Router.php(753): Illuminate/Routing/Router->dispatchToRoute(Object(Illuminate/Http/Request))
#41 C:/Users/Lenovo/CascadeProjects/gunjannagar-khanepani/vendor/laravel/framework/src/Illuminate/Foundation/Http/Kernel.php(200): Illuminate/Routing/Router->dispatch(Object(Illuminate/Http/Request))
#42 C:/Users/Lenovo/CascadeProjects/gunjannagar-khanepani/vendor/laravel/framework/src/Illuminate/Pipeline/Pipeline.php(180): Illuminate/Foundation/Http/Kernel->Illuminate/Foundation/Http/{closure}(Object(Illuminate/Http/Request))
#43 C:/Users/Lenovo/CascadeProjects/gunjannagar-khanepani/vendor/laravel/framework/src/Illuminate/Foundation/Http/Middleware/TransformsRequest.php(21): Illuminate/Pipeline/Pipeline->Illuminate/Pipeline/{closure}(Object(Illuminate/Http/Request))
#44 C:/Users/Lenovo/CascadeProjects/gunjannagar-khanepani/vendor/laravel/framework/src/Illuminate/Foundation/Http/Middleware/ConvertEmptyStringsToNull.php(31): Illuminate/Foundation/Http/Middleware/TransformsRequest->handle(Object(Illuminate/Http/Request), Object(Closure))
#45 C:/Users/Lenovo/CascadeProjects/gunjannagar-khanepani/vendor/laravel/framework/src/Illuminate/Pipeline/Pipeline.php(219): Illuminate/Foundation/Http/Middleware/ConvertEmptyStringsToNull->handle(Object(Illuminate/Http/Request), Object(Closure))
#46 C:/Users/Lenovo/CascadeProjects/gunjannagar-khanepani/vendor/laravel/framework/src/Illuminate/Foundation/Http/Middleware/TransformsRequest.php(21): Illuminate/Pipeline/Pipeline->Illuminate/Pipeline/{closure}(Object(Illuminate/Http/Request))
#47 C:/Users/Lenovo/CascadeProjects/gunjannagar-khanepani/vendor/laravel/framework/src/Illuminate/Foundation/Http/Middleware/TrimStrings.php(51): Illuminate/Foundation/Http/Middleware/TransformsRequest->handle(Object(Illuminate/Http/Request), Object(Closure))
#48 C:/Users/Lenovo/CascadeProjects/gunjannagar-khanepani/vendor/laravel/framework/src/Illuminate/Pipeline/Pipeline.php(219): Illuminate/Foundation/Http/Middleware/TrimStrings->handle(Object(Illuminate/Http/Request), Object(Closure))
#49 C:/Users/Lenovo/CascadeProjects/gunjannagar-khanepani/vendor/laravel/framework/src/Illuminate/Http/Middleware/ValidatePostSize.php(27): Illuminate/Pipeline/Pipeline->Illuminate/Pipeline/{closure}(Object(Illuminate/Http/Request))
#50 C:/Users/Lenovo/CascadeProjects/gunjannagar-khanepani/vendor/laravel/framework/src/Illuminate/Pipeline/Pipeline.php(219): Illuminate/Http/Middleware/ValidatePostSize->handle(Object(Illuminate/Http/Request), Object(Closure))
#51 C:/Users/Lenovo/CascadeProjects/gunjannagar-khanepani/vendor/laravel/framework/src/Illuminate/Foundation/Http/Middleware/PreventRequestsDuringMaintenance.php(109): Illuminate/Pipeline/Pipeline->Illuminate/Pipeline/{closure}(Object(Illuminate/Http/Request))
#52 C:/Users/Lenovo/CascadeProjects/gunjannagar-khanepani/vendor/laravel/framework/src/Illuminate/Pipeline/Pipeline.php(219): Illuminate/Foundation/Http/Middleware/PreventRequestsDuringMaintenance->handle(Object(Illuminate/Http/Request), Object(Closure))
#53 C:/Users/Lenovo/CascadeProjects/gunjannagar-khanepani/vendor/laravel/framework/src/Illuminate/Http/Middleware/HandleCors.php(61): Illuminate/Pipeline/Pipeline->Illuminate/Pipeline/{closure}(Object(Illuminate/Http/Request))
#54 C:/Users/Lenovo/CascadeProjects/gunjannagar-khanepani/vendor/laravel/framework/src/Illuminate/Pipeline/Pipeline.php(219): Illuminate/Http/Middleware/HandleCors->handle(Object(Illuminate/Http/Request), Object(Closure))
#55 C:/Users/Lenovo/CascadeProjects/gunjannagar-khanepani/vendor/laravel/framework/src/Illuminate/Http/Middleware/TrustProxies.php(58): Illuminate/Pipeline/Pipeline->Illuminate/Pipeline/{closure}(Object(Illuminate/Http/Request))
#56 C:/Users/Lenovo/CascadeProjects/gunjannagar-khanepani/vendor/laravel/framework/src/Illuminate/Pipeline/Pipeline.php(219): Illuminate/Http/Middleware/TrustProxies->handle(Object(Illuminate/Http/Request), Object(Closure))
#57 C:/Users/Lenovo/CascadeProjects/gunjannagar-khanepani/vendor/laravel/framework/src/Illuminate/Foundation/Http/Middleware/InvokeDeferredCallbacks.php(22): Illuminate/Pipeline/Pipeline->Illuminate/Pipeline/{closure}(Object(Illuminate/Http/Request))
#58 C:/Users/Lenovo/CascadeProjects/gunjannagar-khanepani/vendor/laravel/framework/src/Illuminate/Pipeline/Pipeline.php(219): Illuminate/Foundation/Http/Middleware/InvokeDeferredCallbacks->handle(Object(Illuminate/Http/Request), Object(Closure))
#59 C:/Users/Lenovo/CascadeProjects/gunjannagar-khanepani/vendor/laravel/framework/src/Illuminate/Http/Middleware/ValidatePathEncoding.php(26): Illuminate/Pipeline/Pipeline->Illuminate/Pipeline/{closure}(Object(Illuminate/Http/Request))
#60 C:/Users/Lenovo/CascadeProjects/gunjannagar-khanepani/vendor/laravel/framework/src/Illuminate/Pipeline/Pipeline.php(219): Illuminate/Http/Middleware/ValidatePathEncoding->handle(Object(Illuminate/Http/Request), Object(Closure))
#61 C:/Users/Lenovo/CascadeProjects/gunjannagar-khanepani/vendor/laravel/framework/src/Illuminate/Pipeline/Pipeline.php(137): Illuminate/Pipeline/Pipeline->Illuminate/Pipeline/{closure}(Object(Illuminate/Http/Request))
#62 C:/Users/Lenovo/CascadeProjects/gunjannagar-khanepani/vendor/laravel/framework/src/Illuminate/Foundation/Http/Kernel.php(175): Illuminate/Pipeline/Pipeline->then(Object(Closure))
#63 C:/Users/Lenovo/CascadeProjects/gunjannagar-khanepani/vendor/laravel/framework/src/Illuminate/Foundation/Http/Kernel.php(144): Illuminate/Foundation/Http/Kernel->sendRequestThroughRouter(Object(Illuminate/Http/Request))
#64 C:/Users/Lenovo/CascadeProjects/gunjannagar-khanepani/public/index.php(17): Illuminate/Foundation/Http/Kernel->handle(Object(Illuminate/Http/Request))
#65 C:/Users/Lenovo/CascadeProjects/gunjannagar-khanepani/vendor/laravel/framework/src/Illuminate/Foundation/resources/server.php(23): require_once('C://Users//Lenovo...')
#66 {main}
"} 
[2026-08-15 12:41:21] local.ERROR: Route [notices.index] not defined. {"exception":"[object] (Spatie\\LaravelIgnition\\Exceptions\\ViewException(code: 0): Route [notices.index] not defined. at C:/Users/Lenovo/CascadeProjects/gunjannagar-khanepani/vendor/laravel/framework/src/Illuminate/Routing/UrlGenerator.php:536)
[stacktrace]
#0 C:/Users/Lenovo/CascadeProjects/gunjannagar-khanepani/vendor/laravel/framework/src/Illuminate/Foundation/helpers.php(870): Illuminate/Routing/UrlGenerator->route('notices.index', Array, true)
#1 C:/Users/Lenovo/CascadeProjects/gunjannagar-khanepani/resources/views/layouts/app.blade.php(1845): route('notices.index')
#2 C:/Users/Lenovo/CascadeProjects/gunjannagar-khanepani/vendor/laravel/framework/src/Illuminate/Filesystem/Filesystem.php(123): require('C://Users//Lenovo...')
#3 C:/Users/Lenovo/CascadeProjects/gunjannagar-khanepani/vendor/laravel/framework/src/Illuminate/Filesystem/Filesystem.php(124): Illuminate/Filesystem/Filesystem::Illuminate/Filesystem/{closure}()
#4 C:/Users/Lenovo/CascadeProjects/gunjannagar-khanepani/vendor/laravel/framework/src/Illuminate/View/Engines/PhpEngine.php(57): Illuminate/Filesystem/Filesystem->getRequire('C://Users//Lenovo...', Array)
#5 C:/Users/Lenovo/CascadeProjects/gunjannagar-khanepani/vendor/laravel/framework/src/Illuminate/View/Engines/CompilerEngine.php(76): Illuminate/View/Engines/PhpEngine->evaluatePath('C://Users//Lenovo...', Array)
#6 C:/Users/Lenovo/CascadeProjects/gunjannagar-khanepani/vendor/laravel/framework/src/Illuminate/View/View.php(208): Illuminate/View/Engines/CompilerEngine->get('C://Users//Lenovo...', Array)
#7 C:/Users/Lenovo/CascadeProjects/gunjannagar-khanepani/vendor/laravel/framework/src/Illuminate/View/View.php(191): Illuminate/View/View->getContents()
#8 C:/Users/Lenovo/CascadeProjects/gunjannagar-khanepani/vendor/laravel/framework/src/Illuminate/View/View.php(160): Illuminate/View/View->renderContents()
#9 C:/Users/Lenovo/CascadeProjects/gunjannagar-khanepani/resources/views/home.blade.php(571): Illuminate/View/View->render()
#10 C:/Users/Lenovo/CascadeProjects/gunjannagar-khanepani/vendor/laravel/framework/src/Illuminate/Filesystem/Filesystem.php(123): require('C://Users//Lenovo...')
#11 C:/Users/Lenovo/CascadeProjects/gunjannagar-khanepani/vendor/laravel/framework/src/Illuminate/Filesystem/Filesystem.php(124): Illuminate/Filesystem/Filesystem::Illuminate/Filesystem/{closure}()
#12 C:/Users/Lenovo/CascadeProjects/gunjannagar-khanepani/vendor/laravel/framework/src/Illuminate/View/Engines/PhpEngine.php(57): Illuminate/Filesystem/Filesystem->getRequire('C://Users//Lenovo...', Array)
#13 C:/Users/Lenovo/CascadeProjects/gunjannagar-khanepani/vendor/laravel/framework/src/Illuminate/View/Engines/CompilerEngine.php(76): Illuminate/View/Engines/PhpEngine->evaluatePath('C://Users//Lenovo...', Array)
#14 C:/Users/Lenovo/CascadeProjects/gunjannagar-khanepani/vendor/laravel/framework/src/Illuminate/View/View.php(208): Illuminate/View/Engines/CompilerEngine->get('C://Users//Lenovo...', Array)
#15 C:/Users/Lenovo/CascadeProjects/gunjannagar-khanepani/vendor/laravel/framework/src/Illuminate/View/View.php(191): Illuminate/View/View->getContents()
#16 C:/Users/Lenovo/CascadeProjects/gunjannagar-khanepani/vendor/laravel/framework/src/Illuminate/View/View.php(160): Illuminate/View/View->renderContents()
#17 C:/Users/Lenovo/CascadeProjects/gunjannagar-khanepani/vendor/laravel/framework/src/Illuminate/Http/Response.php(78): Illuminate/View/View->render()
#18 C:/Users/Lenovo/CascadeProjects/gunjannagar-khanepani/vendor/laravel/framework/src/Illuminate/Http/Response.php(34): Illuminate/Http/Response->setContent(Object(Illuminate/View/View))
#19 C:/Users/Lenovo/CascadeProjects/gunjannagar-khanepani/vendor/laravel/framework/src/Illuminate/Routing/Router.php(939): Illuminate/Http/Response->__construct(Object(Illuminate/View/View), 200, Array)
#20 C:/Users/Lenovo/CascadeProjects/gunjannagar-khanepani/vendor/laravel/framework/src/Illuminate/Routing/Router.php(906): Illuminate/Routing/Router::toResponse(Object(Illuminate/Http/Request), Object(Illuminate/View/View))
#21 C:/Users/Lenovo/CascadeProjects/gunjannagar-khanepani/vendor/laravel/framework/src/Illuminate/Routing/Router.php(821): Illuminate/Routing/Router->prepareResponse(Object(Illuminate/Http/Request), Object(Illuminate/View/View))
#22 C:/Users/Lenovo/CascadeProjects/gunjannagar-khanepani/vendor/laravel/framework/src/Illuminate/Pipeline/Pipeline.php(180): Illuminate/Routing/Router->Illuminate/Routing/{closure}(Object(Illuminate/Http/Request))
#23 C:/Users/Lenovo/CascadeProjects/gunjannagar-khanepani/vendor/laravel/framework/src/Illuminate/Routing/Middleware/SubstituteBindings.php(50): Illuminate/Pipeline/Pipeline->Illuminate/Pipeline/{closure}(Object(Illuminate/Http/Request))
#24 C:/Users/Lenovo/CascadeProjects/gunjannagar-khanepani/vendor/laravel/framework/src/Illuminate/Pipeline/Pipeline.php(219): Illuminate/Routing/Middleware/SubstituteBindings->handle(Object(Illuminate/Http/Request), Object(Closure))
#25 C:/Users/Lenovo/CascadeProjects/gunjannagar-khanepani/vendor/laravel/framework/src/Illuminate/Foundation/Http/Middleware/VerifyCsrfToken.php(87): Illuminate/Pipeline/Pipeline->Illuminate/Pipeline/{closure}(Object(Illuminate/Http/Request))
#26 C:/Users/Lenovo/CascadeProjects/gunjannagar-khanepani/vendor/laravel/framework/src/Illuminate/Pipeline/Pipeline.php(219): Illuminate/Foundation/Http/Middleware/VerifyCsrfToken->handle(Object(Illuminate/Http/Request), Object(Closure))
#27 C:/Users/Lenovo/CascadeProjects/gunjannagar-khanepani/vendor/laravel/framework/src/Illuminate/View/Middleware/ShareErrorsFromSession.php(48): Illuminate/Pipeline/Pipeline->Illuminate/Pipeline/{closure}(Object(Illuminate/Http/Request))
#28 C:/Users/Lenovo/CascadeProjects/gunjannagar-khanepani/vendor/laravel/framework/src/Illuminate/Pipeline/Pipeline.php(219): Illuminate/View/Middleware/ShareErrorsFromSession->handle(Object(Illuminate/Http/Request), Object(Closure))
#29 C:/Users/Lenovo/CascadeProjects/gunjannagar-khanepani/vendor/laravel/framework/src/Illuminate/Session/Middleware/StartSession.php(120): Illuminate/Pipeline/Pipeline->Illuminate/Pipeline/{closure}(Object(Illuminate/Http/Request))
#30 C:/Users/Lenovo/CascadeProjects/gunjannagar-khanepani/vendor/laravel/framework/src/Illuminate/Session/Middleware/StartSession.php(63): Illuminate/Session/Middleware/StartSession->handleStatefulRequest(Object(Illuminate/Http/Request), Object(Illuminate/Session/Store), Object(Closure))
#31 C:/Users/Lenovo/CascadeProjects/gunjannagar-khanepani/vendor/laravel/framework/src/Illuminate/Pipeline/Pipeline.php(219): Illuminate/Session/Middleware/StartSession->handle(Object(Illuminate/Http/Request), Object(Closure))
#32 C:/Users/Lenovo/CascadeProjects/gunjannagar-khanepani/vendor/laravel/framework/src/Illuminate/Cookie/Middleware/AddQueuedCookiesToResponse.php(36): Illuminate/Pipeline/Pipeline->Illuminate/Pipeline/{closure}(Object(Illuminate/Http/Request))
#33 C:/Users/Lenovo/CascadeProjects/gunjannagar-khanepani/vendor/laravel/framework/src/Illuminate/Pipeline/Pipeline.php(219): Illuminate/Cookie/Middleware/AddQueuedCookiesToResponse->handle(Object(Illuminate/Http/Request), Object(Closure))
#34 C:/Users/Lenovo/CascadeProjects/gunjannagar-khanepani/vendor/laravel/framework/src/Illuminate/Cookie/Middleware/EncryptCookies.php(74): Illuminate/Pipeline/Pipeline->Illuminate/Pipeline/{closure}(Object(Illuminate/Http/Request))
#35 C:/Users/Lenovo/CascadeProjects/gunjannagar-khanepani/vendor/laravel/framework/src/Illuminate/Pipeline/Pipeline.php(219): Illuminate/Cookie/Middleware/EncryptCookies->handle(Object(Illuminate/Http/Request), Object(Closure))
#36 C:/Users/Lenovo/CascadeProjects/gunjannagar-khanepani/vendor/laravel/framework/src/Illuminate/Pipeline/Pipeline.php(137): Illuminate/Pipeline/Pipeline->Illuminate/Pipeline/{closure}(Object(Illuminate/Http/Request))
#37 C:/Users/Lenovo/CascadeProjects/gunjannagar-khanepani/vendor/laravel/framework/src/Illuminate/Routing/Router.php(821): Illuminate/Pipeline/Pipeline->then(Object(Closure))
#38 C:/Users/Lenovo/CascadeProjects/gunjannagar-khanepani/vendor/laravel/framework/src/Illuminate/Routing/Router.php(800): Illuminate/Routing/Router->runRouteWithinStack(Object(Illuminate/Routing/Route), Object(Illuminate/Http/Request))
#39 C:/Users/Lenovo/CascadeProjects/gunjannagar-khanepani/vendor/laravel/framework/src/Illuminate/Routing/Router.php(764): Illuminate/Routing/Router->runRoute(Object(Illuminate/Http/Request), Object(Illuminate/Routing/Route))
#40 C:/Users/Lenovo/CascadeProjects/gunjannagar-khanepani/vendor/laravel/framework/src/Illuminate/Routing/Router.php(753): Illuminate/Routing/Router->dispatchToRoute(Object(Illuminate/Http/Request))
#41 C:/Users/Lenovo/CascadeProjects/gunjannagar-khanepani/vendor/laravel/framework/src/Illuminate/Foundation/Http/Kernel.php(200): Illuminate/Routing/Router->dispatch(Object(Illuminate/Http/Request))
#42 C:/Users/Lenovo/CascadeProjects/gunjannagar-khanepani/vendor/laravel/framework/src/Illuminate/Pipeline/Pipeline.php(180): Illuminate/Foundation/Http/Kernel->Illuminate/Foundation/Http/{closure}(Object(Illuminate/Http/Request))
#43 C:/Users/Lenovo/CascadeProjects/gunjannagar-khanepani/vendor/laravel/framework/src/Illuminate/Foundation/Http/Middleware/TransformsRequest.php(21): Illuminate/Pipeline/Pipeline->Illuminate/Pipeline/{closure}(Object(Illuminate/Http/Request))
#44 C:/Users/Lenovo/CascadeProjects/gunjannagar-khanepani/vendor/laravel/framework/src/Illuminate/Foundation/Http/Middleware/ConvertEmptyStringsToNull.php(31): Illuminate/Foundation/Http/Middleware/TransformsRequest->handle(Object(Illuminate/Http/Request), Object(Closure))
#45 C:/Users/Lenovo/CascadeProjects/gunjannagar-khanepani/vendor/laravel/framework/src/Illuminate/Pipeline/Pipeline.php(219): Illuminate/Foundation/Http/Middleware/ConvertEmptyStringsToNull->handle(Object(Illuminate/Http/Request), Object(Closure))
#46 C:/Users/Lenovo/CascadeProjects/gunjannagar-khanepani/vendor/laravel/framework/src/Illuminate/Foundation/Http/Middleware/TransformsRequest.php(21): Illuminate/Pipeline/Pipeline->Illuminate/Pipeline/{closure}(Object(Illuminate/Http/Request))
#47 C:/Users/Lenovo/CascadeProjects/gunjannagar-khanepani/vendor/laravel/framework/src/Illuminate/Foundation/Http/Middleware/TrimStrings.php(51): Illuminate/Foundation/Http/Middleware/TransformsRequest->handle(Object(Illuminate/Http/Request), Object(Closure))
#48 C:/Users/Lenovo/CascadeProjects/gunjannagar-khanepani/vendor/laravel/framework/src/Illuminate/Pipeline/Pipeline.php(219): Illuminate/Foundation/Http/Middleware/TrimStrings->handle(Object(Illuminate/Http/Request), Object(Closure))
#49 C:/Users/Lenovo/CascadeProjects/gunjannagar-khanepani/vendor/laravel/framework/src/Illuminate/Http/Middleware/ValidatePostSize.php(27): Illuminate/Pipeline/Pipeline->Illuminate/Pipeline/{closure}(Object(Illuminate/Http/Request))
#50 C:/Users/Lenovo/CascadeProjects/gunjannagar-khanepani/vendor/laravel/framework/src/Illuminate/Pipeline/Pipeline.php(219): Illuminate/Http/Middleware/ValidatePostSize->handle(Object(Illuminate/Http/Request), Object(Closure))
#51 C:/Users/Lenovo/CascadeProjects/gunjannagar-khanepani/vendor/laravel/framework/src/Illuminate/Foundation/Http/Middleware/PreventRequestsDuringMaintenance.php(109): Illuminate/Pipeline/Pipeline->Illuminate/Pipeline/{closure}(Object(Illuminate/Http/Request))
#52 C:/Users/Lenovo/CascadeProjects/gunjannagar-khanepani/vendor/laravel/framework/src/Illuminate/Pipeline/Pipeline.php(219): Illuminate/Foundation/Http/Middleware/PreventRequestsDuringMaintenance->handle(Object(Illuminate/Http/Request), Object(Closure))
#53 C:/Users/Lenovo/CascadeProjects/gunjannagar-khanepani/vendor/laravel/framework/src/Illuminate/Http/Middleware/HandleCors.php(61): Illuminate/Pipeline/Pipeline->Illuminate/Pipeline/{closure}(Object(Illuminate/Http/Request))
#54 C:/Users/Lenovo/CascadeProjects/gunjannagar-khanepani/vendor/laravel/framework/src/Illuminate/Pipeline/Pipeline.php(219): Illuminate/Http/Middleware/HandleCors->handle(Object(Illuminate/Http/Request), Object(Closure))
#55 C:/Users/Lenovo/CascadeProjects/gunjannagar-khanepani/vendor/laravel/framework/src/Illuminate/Http/Middleware/TrustProxies.php(58): Illuminate/Pipeline/Pipeline->Illuminate/Pipeline/{closure}(Object(Illuminate/Http/Request))
#56 C:/Users/Lenovo/CascadeProjects/gunjannagar-khanepani/vendor/laravel/framework/src/Illuminate/Pipeline/Pipeline.php(219): Illuminate/Http/Middleware/TrustProxies->handle(Object(Illuminate/Http/Request), Object(Closure))
#57 C:/Users/Lenovo/CascadeProjects/gunjannagar-khanepani/vendor/laravel/framework/src/Illuminate/Foundation/Http/Middleware/InvokeDeferredCallbacks.php(22): Illuminate/Pipeline/Pipeline->Illuminate/Pipeline/{closure}(Object(Illuminate/Http/Request))
#58 C:/Users/Lenovo/CascadeProjects/gunjannagar-khanepani/vendor/laravel/framework/src/Illuminate/Pipeline/Pipeline.php(219): Illuminate/Foundation/Http/Middleware/InvokeDeferredCallbacks->handle(Object(Illuminate/Http/Request), Object(Closure))
#59 C:/Users/Lenovo/CascadeProjects/gunjannagar-khanepani/vendor/laravel/framework/src/Illuminate/Http/Middleware/ValidatePathEncoding.php(26): Illuminate/Pipeline/Pipeline->Illuminate/Pipeline/{closure}(Object(Illuminate/Http/Request))
#60 C:/Users/Lenovo/CascadeProjects/gunjannagar-khanepani/vendor/laravel/framework/src/Illuminate/Pipeline/Pipeline.php(219): Illuminate/Http/Middleware/ValidatePathEncoding->handle(Object(Illuminate/Http/Request), Object(Closure))
#61 C:/Users/Lenovo/CascadeProjects/gunjannagar-khanepani/vendor/laravel/framework/src/Illuminate/Pipeline/Pipeline.php(137): Illuminate/Pipeline/Pipeline->Illuminate/Pipeline/{closure}(Object(Illuminate/Http/Request))
#62 C:/Users/Lenovo/CascadeProjects/gunjannagar-khanepani/vendor/laravel/framework/src/Illuminate/Foundation/Http/Kernel.php(175): Illuminate/Pipeline/Pipeline->then(Object(Closure))
#63 C:/Users/Lenovo/CascadeProjects/gunjannagar-khanepani/vendor/laravel/framework/src/Illuminate/Foundation/Http/Kernel.php(144): Illuminate/Foundation/Http/Kernel->sendRequestThroughRouter(Object(Illuminate/Http/Request))
#64 C:/Users/Lenovo/CascadeProjects/gunjannagar-khanepani/public/index.php(17): Illuminate/Foundation/Http/Kernel->handle(Object(Illuminate/Http/Request))
#65 C:/Users/Lenovo/CascadeProjects/gunjannagar-khanepani/vendor/laravel/framework/src/Illuminate/Foundation/resources/server.php(23): require_once('C://Users//Lenovo...')
#66 {main}

[previous exception] [object] (Symfony\\Component\\Routing\\Exception\\RouteNotFoundException(code: 0): Route [notices.index] not defined. at C:/Users/Lenovo/CascadeProjects/gunjannagar-khanepani/vendor/laravel/framework/src/Illuminate/Routing/UrlGenerator.php:536)
[stacktrace]
#0 C:/Users/Lenovo/CascadeProjects/gunjannagar-khanepani/vendor/laravel/framework/src/Illuminate/Foundation/helpers.php(870): Illuminate/Routing/UrlGenerator->route('notices.index', Array, true)
#1 C:/Users/Lenovo/CascadeProjects/gunjannagar-khanepani/storage/framework/views/c0b4dd7f66b653f7837fa1b43c80d62f.php(1847): route('notices.index')
#2 C:/Users/Lenovo/CascadeProjects/gunjannagar-khanepani/vendor/laravel/framework/src/Illuminate/Filesystem/Filesystem.php(123): require('C://Users//Lenovo...')
#3 C:/Users/Lenovo/CascadeProjects/gunjannagar-khanepani/vendor/laravel/framework/src/Illuminate/Filesystem/Filesystem.php(124): Illuminate/Filesystem/Filesystem::Illuminate/Filesystem/{closure}()
#4 C:/Users/Lenovo/CascadeProjects/gunjannagar-khanepani/vendor/laravel/framework/src/Illuminate/View/Engines/PhpEngine.php(57): Illuminate/Filesystem/Filesystem->getRequire('C://Users//Lenovo...', Array)
#5 C:/Users/Lenovo/CascadeProjects/gunjannagar-khanepani/vendor/laravel/framework/src/Illuminate/View/Engines/CompilerEngine.php(76): Illuminate/View/Engines/PhpEngine->evaluatePath('C://Users//Lenovo...', Array)
#6 C:/Users/Lenovo/CascadeProjects/gunjannagar-khanepani/vendor/laravel/framework/src/Illuminate/View/View.php(208): Illuminate/View/Engines/CompilerEngine->get('C://Users//Lenovo...', Array)
#7 C:/Users/Lenovo/CascadeProjects/gunjannagar-khanepani/vendor/laravel/framework/src/Illuminate/View/View.php(191): Illuminate/View/View->getContents()
#8 C:/Users/Lenovo/CascadeProjects/gunjannagar-khanepani/vendor/laravel/framework/src/Illuminate/View/View.php(160): Illuminate/View/View->renderContents()
#9 C:/Users/Lenovo/CascadeProjects/gunjannagar-khanepani/storage/framework/views/0c824db939ec43fbd2d4a360e940a452.php(577): Illuminate/View/View->render()
#10 C:/Users/Lenovo/CascadeProjects/gunjannagar-khanepani/vendor/laravel/framework/src/Illuminate/Filesystem/Filesystem.php(123): require('C://Users//Lenovo...')
#11 C:/Users/Lenovo/CascadeProjects/gunjannagar-khanepani/vendor/laravel/framework/src/Illuminate/Filesystem/Filesystem.php(124): Illuminate/Filesystem/Filesystem::Illuminate/Filesystem/{closure}()
#12 C:/Users/Lenovo/CascadeProjects/gunjannagar-khanepani/vendor/laravel/framework/src/Illuminate/View/Engines/PhpEngine.php(57): Illuminate/Filesystem/Filesystem->getRequire('C://Users//Lenovo...', Array)
#13 C:/Users/Lenovo/CascadeProjects/gunjannagar-khanepani/vendor/laravel/framework/src/Illuminate/View/Engines/CompilerEngine.php(76): Illuminate/View/Engines/PhpEngine->evaluatePath('C://Users//Lenovo...', Array)
#14 C:/Users/Lenovo/CascadeProjects/gunjannagar-khanepani/vendor/laravel/framework/src/Illuminate/View/View.php(208): Illuminate/View/Engines/CompilerEngine->get('C://Users//Lenovo...', Array)
#15 C:/Users/Lenovo/CascadeProjects/gunjannagar-khanepani/vendor/laravel/framework/src/Illuminate/View/View.php(191): Illuminate/View/View->getContents()
#16 C:/Users/Lenovo/CascadeProjects/gunjannagar-khanepani/vendor/laravel/framework/src/Illuminate/View/View.php(160): Illuminate/View/View->renderContents()
#17 C:/Users/Lenovo/CascadeProjects/gunjannagar-khanepani/vendor/laravel/framework/src/Illuminate/Http/Response.php(78): Illuminate/View/View->render()
#18 C:/Users/Lenovo/CascadeProjects/gunjannagar-khanepani/vendor/laravel/framework/src/Illuminate/Http/Response.php(34): Illuminate/Http/Response->setContent(Object(Illuminate/View/View))
#19 C:/Users/Lenovo/CascadeProjects/gunjannagar-khanepani/vendor/laravel/framework/src/Illuminate/Routing/Router.php(939): Illuminate/Http/Response->__construct(Object(Illuminate/View/View), 200, Array)
#20 C:/Users/Lenovo/CascadeProjects/gunjannagar-khanepani/vendor/laravel/framework/src/Illuminate/Routing/Router.php(906): Illuminate/Routing/Router::toResponse(Object(Illuminate/Http/Request), Object(Illuminate/View/View))
#21 C:/Users/Lenovo/CascadeProjects/gunjannagar-khanepani/vendor/laravel/framework/src/Illuminate/Routing/Router.php(821): Illuminate/Routing/Router->prepareResponse(Object(Illuminate/Http/Request), Object(Illuminate/View/View))
#22 C:/Users/Lenovo/CascadeProjects/gunjannagar-khanepani/vendor/laravel/framework/src/Illuminate/Pipeline/Pipeline.php(180): Illuminate/Routing/Router->Illuminate/Routing/{closure}(Object(Illuminate/Http/Request))
#23 C:/Users/Lenovo/CascadeProjects/gunjannagar-khanepani/vendor/laravel/framework/src/Illuminate/Routing/Middleware/SubstituteBindings.php(50): Illuminate/Pipeline/Pipeline->Illuminate/Pipeline/{closure}(Object(Illuminate/Http/Request))
#24 C:/Users/Lenovo/CascadeProjects/gunjannagar-khanepani/vendor/laravel/framework/src/Illuminate/Pipeline/Pipeline.php(219): Illuminate/Routing/Middleware/SubstituteBindings->handle(Object(Illuminate/Http/Request), Object(Closure))
#25 C:/Users/Lenovo/CascadeProjects/gunjannagar-khanepani/vendor/laravel/framework/src/Illuminate/Foundation/Http/Middleware/VerifyCsrfToken.php(87): Illuminate/Pipeline/Pipeline->Illuminate/Pipeline/{closure}(Object(Illuminate/Http/Request))
#26 C:/Users/Lenovo/CascadeProjects/gunjannagar-khanepani/vendor/laravel/framework/src/Illuminate/Pipeline/Pipeline.php(219): Illuminate/Foundation/Http/Middleware/VerifyCsrfToken->handle(Object(Illuminate/Http/Request), Object(Closure))
#27 C:/Users/Lenovo/CascadeProjects/gunjannagar-khanepani/vendor/laravel/framework/src/Illuminate/View/Middleware/ShareErrorsFromSession.php(48): Illuminate/Pipeline/Pipeline->Illuminate/Pipeline/{closure}(Object(Illuminate/Http/Request))
#28 C:/Users/Lenovo/CascadeProjects/gunjannagar-khanepani/vendor/laravel/framework/src/Illuminate/Pipeline/Pipeline.php(219): Illuminate/View/Middleware/ShareErrorsFromSession->handle(Object(Illuminate/Http/Request), Object(Closure))
#29 C:/Users/Lenovo/CascadeProjects/gunjannagar-khanepani/vendor/laravel/framework/src/Illuminate/Session/Middleware/StartSession.php(120): Illuminate/Pipeline/Pipeline->Illuminate/Pipeline/{closure}(Object(Illuminate/Http/Request))
#30 C:/Users/Lenovo/CascadeProjects/gunjannagar-khanepani/vendor/laravel/framework/src/Illuminate/Session/Middleware/StartSession.php(63): Illuminate/Session/Middleware/StartSession->handleStatefulRequest(Object(Illuminate/Http/Request), Object(Illuminate/Session/Store), Object(Closure))
#31 C:/Users/Lenovo/CascadeProjects/gunjannagar-khanepani/vendor/laravel/framework/src/Illuminate/Pipeline/Pipeline.php(219): Illuminate/Session/Middleware/StartSession->handle(Object(Illuminate/Http/Request), Object(Closure))
#32 C:/Users/Lenovo/CascadeProjects/gunjannagar-khanepani/vendor/laravel/framework/src/Illuminate/Cookie/Middleware/AddQueuedCookiesToResponse.php(36): Illuminate/Pipeline/Pipeline->Illuminate/Pipeline/{closure}(Object(Illuminate/Http/Request))
#33 C:/Users/Lenovo/CascadeProjects/gunjannagar-khanepani/vendor/laravel/framework/src/Illuminate/Pipeline/Pipeline.php(219): Illuminate/Cookie/Middleware/AddQueuedCookiesToResponse->handle(Object(Illuminate/Http/Request), Object(Closure))
#34 C:/Users/Lenovo/CascadeProjects/gunjannagar-khanepani/vendor/laravel/framework/src/Illuminate/Cookie/Middleware/EncryptCookies.php(74): Illuminate/Pipeline/Pipeline->Illuminate/Pipeline/{closure}(Object(Illuminate/Http/Request))
#35 C:/Users/Lenovo/CascadeProjects/gunjannagar-khanepani/vendor/laravel/framework/src/Illuminate/Pipeline/Pipeline.php(219): Illuminate/Cookie/Middleware/EncryptCookies->handle(Object(Illuminate/Http/Request), Object(Closure))
#36 C:/Users/Lenovo/CascadeProjects/gunjannagar-khanepani/vendor/laravel/framework/src/Illuminate/Pipeline/Pipeline.php(137): Illuminate/Pipeline/Pipeline->Illuminate/Pipeline/{closure}(Object(Illuminate/Http/Request))
#37 C:/Users/Lenovo/CascadeProjects/gunjannagar-khanepani/vendor/laravel/framework/src/Illuminate/Routing/Router.php(821): Illuminate/Pipeline/Pipeline->then(Object(Closure))
#38 C:/Users/Lenovo/CascadeProjects/gunjannagar-khanepani/vendor/laravel/framework/src/Illuminate/Routing/Router.php(800): Illuminate/Routing/Router->runRouteWithinStack(Object(Illuminate/Routing/Route), Object(Illuminate/Http/Request))
#39 C:/Users/Lenovo/CascadeProjects/gunjannagar-khanepani/vendor/laravel/framework/src/Illuminate/Routing/Router.php(764): Illuminate/Routing/Router->runRoute(Object(Illuminate/Http/Request), Object(Illuminate/Routing/Route))
#40 C:/Users/Lenovo/CascadeProjects/gunjannagar-khanepani/vendor/laravel/framework/src/Illuminate/Routing/Router.php(753): Illuminate/Routing/Router->dispatchToRoute(Object(Illuminate/Http/Request))
#41 C:/Users/Lenovo/CascadeProjects/gunjannagar-khanepani/vendor/laravel/framework/src/Illuminate/Foundation/Http/Kernel.php(200): Illuminate/Routing/Router->dispatch(Object(Illuminate/Http/Request))
#42 C:/Users/Lenovo/CascadeProjects/gunjannagar-khanepani/vendor/laravel/framework/src/Illuminate/Pipeline/Pipeline.php(180): Illuminate/Foundation/Http/Kernel->Illuminate/Foundation/Http/{closure}(Object(Illuminate/Http/Request))
#43 C:/Users/Lenovo/CascadeProjects/gunjannagar-khanepani/vendor/laravel/framework/src/Illuminate/Foundation/Http/Middleware/TransformsRequest.php(21): Illuminate/Pipeline/Pipeline->Illuminate/Pipeline/{closure}(Object(Illuminate/Http/Request))
#44 C:/Users/Lenovo/CascadeProjects/gunjannagar-khanepani/vendor/laravel/framework/src/Illuminate/Foundation/Http/Middleware/ConvertEmptyStringsToNull.php(31): Illuminate/Foundation/Http/Middleware/TransformsRequest->handle(Object(Illuminate/Http/Request), Object(Closure))
#45 C:/Users/Lenovo/CascadeProjects/gunjannagar-khanepani/vendor/laravel/framework/src/Illuminate/Pipeline/Pipeline.php(219): Illuminate/Foundation/Http/Middleware/ConvertEmptyStringsToNull->handle(Object(Illuminate/Http/Request), Object(Closure))
#46 C:/Users/Lenovo/CascadeProjects/gunjannagar-khanepani/vendor/laravel/framework/src/Illuminate/Foundation/Http/Middleware/TransformsRequest.php(21): Illuminate/Pipeline/Pipeline->Illuminate/Pipeline/{closure}(Object(Illuminate/Http/Request))
#47 C:/Users/Lenovo/CascadeProjects/gunjannagar-khanepani/vendor/laravel/framework/src/Illuminate/Foundation/Http/Middleware/TrimStrings.php(51): Illuminate/Foundation/Http/Middleware/TransformsRequest->handle(Object(Illuminate/Http/Request), Object(Closure))
#48 C:/Users/Lenovo/CascadeProjects/gunjannagar-khanepani/vendor/laravel/framework/src/Illuminate/Pipeline/Pipeline.php(219): Illuminate/Foundation/Http/Middleware/TrimStrings->handle(Object(Illuminate/Http/Request), Object(Closure))
#49 C:/Users/Lenovo/CascadeProjects/gunjannagar-khanepani/vendor/laravel/framework/src/Illuminate/Http/Middleware/ValidatePostSize.php(27): Illuminate/Pipeline/Pipeline->Illuminate/Pipeline/{closure}(Object(Illuminate/Http/Request))
#50 C:/Users/Lenovo/CascadeProjects/gunjannagar-khanepani/vendor/laravel/framework/src/Illuminate/Pipeline/Pipeline.php(219): Illuminate/Http/Middleware/ValidatePostSize->handle(Object(Illuminate/Http/Request), Object(Closure))
#51 C:/Users/Lenovo/CascadeProjects/gunjannagar-khanepani/vendor/laravel/framework/src/Illuminate/Foundation/Http/Middleware/PreventRequestsDuringMaintenance.php(109): Illuminate/Pipeline/Pipeline->Illuminate/Pipeline/{closure}(Object(Illuminate/Http/Request))
#52 C:/Users/Lenovo/CascadeProjects/gunjannagar-khanepani/vendor/laravel/framework/src/Illuminate/Pipeline/Pipeline.php(219): Illuminate/Foundation/Http/Middleware/PreventRequestsDuringMaintenance->handle(Object(Illuminate/Http/Request), Object(Closure))
#53 C:/Users/Lenovo/CascadeProjects/gunjannagar-khanepani/vendor/laravel/framework/src/Illuminate/Http/Middleware/HandleCors.php(61): Illuminate/Pipeline/Pipeline->Illuminate/Pipeline/{closure}(Object(Illuminate/Http/Request))
#54 C:/Users/Lenovo/CascadeProjects/gunjannagar-khanepani/vendor/laravel/framework/src/Illuminate/Pipeline/Pipeline.php(219): Illuminate/Http/Middleware/HandleCors->handle(Object(Illuminate/Http/Request), Object(Closure))
#55 C:/Users/Lenovo/CascadeProjects/gunjannagar-khanepani/vendor/laravel/framework/src/Illuminate/Http/Middleware/TrustProxies.php(58): Illuminate/Pipeline/Pipeline->Illuminate/Pipeline/{closure}(Object(Illuminate/Http/Request))
#56 C:/Users/Lenovo/CascadeProjects/gunjannagar-khanepani/vendor/laravel/framework/src/Illuminate/Pipeline/Pipeline.php(219): Illuminate/Http/Middleware/TrustProxies->handle(Object(Illuminate/Http/Request), Object(Closure))
#57 C:/Users/Lenovo/CascadeProjects/gunjannagar-khanepani/vendor/laravel/framework/src/Illuminate/Foundation/Http/Middleware/InvokeDeferredCallbacks.php(22): Illuminate/Pipeline/Pipeline->Illuminate/Pipeline/{closure}(Object(Illuminate/Http/Request))
#58 C:/Users/Lenovo/CascadeProjects/gunjannagar-khanepani/vendor/laravel/framework/src/Illuminate/Pipeline/Pipeline.php(219): Illuminate/Foundation/Http/Middleware/InvokeDeferredCallbacks->handle(Object(Illuminate/Http/Request), Object(Closure))
#59 C:/Users/Lenovo/CascadeProjects/gunjannagar-khanepani/vendor/laravel/framework/src/Illuminate/Http/Middleware/ValidatePathEncoding.php(26): Illuminate/Pipeline/Pipeline->Illuminate/Pipeline/{closure}(Object(Illuminate/Http/Request))
#60 C:/Users/Lenovo/CascadeProjects/gunjannagar-khanepani/vendor/laravel/framework/src/Illuminate/Pipeline/Pipeline.php(219): Illuminate/Http/Middleware/ValidatePathEncoding->handle(Object(Illuminate/Http/Request), Object(Closure))
#61 C:/Users/Lenovo/CascadeProjects/gunjannagar-khanepani/vendor/laravel/framework/src/Illuminate/Pipeline/Pipeline.php(137): Illuminate/Pipeline/Pipeline->Illuminate/Pipeline/{closure}(Object(Illuminate/Http/Request))
#62 C:/Users/Lenovo/CascadeProjects/gunjannagar-khanepani/vendor/laravel/framework/src/Illuminate/Foundation/Http/Kernel.php(175): Illuminate/Pipeline/Pipeline->then(Object(Closure))
#63 C:/Users/Lenovo/CascadeProjects/gunjannagar-khanepani/vendor/laravel/framework/src/Illuminate/Foundation/Http/Kernel.php(144): Illuminate/Foundation/Http/Kernel->sendRequestThroughRouter(Object(Illuminate/Http/Request))
#64 C:/Users/Lenovo/CascadeProjects/gunjannagar-khanepani/public/index.php(17): Illuminate/Foundation/Http/Kernel->handle(Object(Illuminate/Http/Request))
#65 C:/Users/Lenovo/CascadeProjects/gunjannagar-khanepani/vendor/laravel/framework/src/Illuminate/Foundation/resources/server.php(23): require_once('C://Users//Lenovo...')
#66 {main}
"} 
[2026-08-15 12:43:30] local.ERROR: Route [notices.index] not defined. {"exception":"[object] (Spatie\\LaravelIgnition\\Exceptions\\ViewException(code: 0): Route [notices.index] not defined. at C:/Users/Lenovo/CascadeProjects/gunjannagar-khanepani/vendor/laravel/framework/src/Illuminate/Routing/UrlGenerator.php:536)
[stacktrace]
#0 C:/Users/Lenovo/CascadeProjects/gunjannagar-khanepani/vendor/laravel/framework/src/Illuminate/Foundation/helpers.php(870): Illuminate/Routing/UrlGenerator->route('notices.index', Array, true)
#1 C:/Users/Lenovo/CascadeProjects/gunjannagar-khanepani/resources/views/layouts/app.blade.php(1926): route('notices.index')
#2 C:/Users/Lenovo/CascadeProjects/gunjannagar-khanepani/vendor/laravel/framework/src/Illuminate/Filesystem/Filesystem.php(123): require('C://Users//Lenovo...')
#3 C:/Users/Lenovo/CascadeProjects/gunjannagar-khanepani/vendor/laravel/framework/src/Illuminate/Filesystem/Filesystem.php(124): Illuminate/Filesystem/Filesystem::Illuminate/Filesystem/{closure}()
#4 C:/Users/Lenovo/CascadeProjects/gunjannagar-khanepani/vendor/laravel/framework/src/Illuminate/View/Engines/PhpEngine.php(57): Illuminate/Filesystem/Filesystem->getRequire('C://Users//Lenovo...', Array)
#5 C:/Users/Lenovo/CascadeProjects/gunjannagar-khanepani/vendor/laravel/framework/src/Illuminate/View/Engines/CompilerEngine.php(76): Illuminate/View/Engines/PhpEngine->evaluatePath('C://Users//Lenovo...', Array)
#6 C:/Users/Lenovo/CascadeProjects/gunjannagar-khanepani/vendor/laravel/framework/src/Illuminate/View/View.php(208): Illuminate/View/Engines/CompilerEngine->get('C://Users//Lenovo...', Array)
#7 C:/Users/Lenovo/CascadeProjects/gunjannagar-khanepani/vendor/laravel/framework/src/Illuminate/View/View.php(191): Illuminate/View/View->getContents()
#8 C:/Users/Lenovo/CascadeProjects/gunjannagar-khanepani/vendor/laravel/framework/src/Illuminate/View/View.php(160): Illuminate/View/View->renderContents()
#9 C:/Users/Lenovo/CascadeProjects/gunjannagar-khanepani/resources/views/home.blade.php(571): Illuminate/View/View->render()
#10 C:/Users/Lenovo/CascadeProjects/gunjannagar-khanepani/vendor/laravel/framework/src/Illuminate/Filesystem/Filesystem.php(123): require('C://Users//Lenovo...')
#11 C:/Users/Lenovo/CascadeProjects/gunjannagar-khanepani/vendor/laravel/framework/src/Illuminate/Filesystem/Filesystem.php(124): Illuminate/Filesystem/Filesystem::Illuminate/Filesystem/{closure}()
#12 C:/Users/Lenovo/CascadeProjects/gunjannagar-khanepani/vendor/laravel/framework/src/Illuminate/View/Engines/PhpEngine.php(57): Illuminate/Filesystem/Filesystem->getRequire('C://Users//Lenovo...', Array)
#13 C:/Users/Lenovo/CascadeProjects/gunjannagar-khanepani/vendor/laravel/framework/src/Illuminate/View/Engines/CompilerEngine.php(76): Illuminate/View/Engines/PhpEngine->evaluatePath('C://Users//Lenovo...', Array)
#14 C:/Users/Lenovo/CascadeProjects/gunjannagar-khanepani/vendor/laravel/framework/src/Illuminate/View/View.php(208): Illuminate/View/Engines/CompilerEngine->get('C://Users//Lenovo...', Array)
#15 C:/Users/Lenovo/CascadeProjects/gunjannagar-khanepani/vendor/laravel/framework/src/Illuminate/View/View.php(191): Illuminate/View/View->getContents()
#16 C:/Users/Lenovo/CascadeProjects/gunjannagar-khanepani/vendor/laravel/framework/src/Illuminate/View/View.php(160): Illuminate/View/View->renderContents()
#17 C:/Users/Lenovo/CascadeProjects/gunjannagar-khanepani/vendor/laravel/framework/src/Illuminate/Http/Response.php(78): Illuminate/View/View->render()
#18 C:/Users/Lenovo/CascadeProjects/gunjannagar-khanepani/vendor/laravel/framework/src/Illuminate/Http/Response.php(34): Illuminate/Http/Response->setContent(Object(Illuminate/View/View))
#19 C:/Users/Lenovo/CascadeProjects/gunjannagar-khanepani/vendor/laravel/framework/src/Illuminate/Routing/Router.php(939): Illuminate/Http/Response->__construct(Object(Illuminate/View/View), 200, Array)
#20 C:/Users/Lenovo/CascadeProjects/gunjannagar-khanepani/vendor/laravel/framework/src/Illuminate/Routing/Router.php(906): Illuminate/Routing/Router::toResponse(Object(Illuminate/Http/Request), Object(Illuminate/View/View))
#21 C:/Users/Lenovo/CascadeProjects/gunjannagar-khanepani/vendor/laravel/framework/src/Illuminate/Routing/Router.php(821): Illuminate/Routing/Router->prepareResponse(Object(Illuminate/Http/Request), Object(Illuminate/View/View))
#22 C:/Users/Lenovo/CascadeProjects/gunjannagar-khanepani/vendor/laravel/framework/src/Illuminate/Pipeline/Pipeline.php(180): Illuminate/Routing/Router->Illuminate/Routing/{closure}(Object(Illuminate/Http/Request))
#23 C:/Users/Lenovo/CascadeProjects/gunjannagar-khanepani/vendor/laravel/framework/src/Illuminate/Routing/Middleware/SubstituteBindings.php(50): Illuminate/Pipeline/Pipeline->Illuminate/Pipeline/{closure}(Object(Illuminate/Http/Request))
#24 C:/Users/Lenovo/CascadeProjects/gunjannagar-khanepani/vendor/laravel/framework/src/Illuminate/Pipeline/Pipeline.php(219): Illuminate/Routing/Middleware/SubstituteBindings->handle(Object(Illuminate/Http/Request), Object(Closure))
#25 C:/Users/Lenovo/CascadeProjects/gunjannagar-khanepani/vendor/laravel/framework/src/Illuminate/Foundation/Http/Middleware/VerifyCsrfToken.php(87): Illuminate/Pipeline/Pipeline->Illuminate/Pipeline/{closure}(Object(Illuminate/Http/Request))
#26 C:/Users/Lenovo/CascadeProjects/gunjannagar-khanepani/vendor/laravel/framework/src/Illuminate/Pipeline/Pipeline.php(219): Illuminate/Foundation/Http/Middleware/VerifyCsrfToken->handle(Object(Illuminate/Http/Request), Object(Closure))
#27 C:/Users/Lenovo/CascadeProjects/gunjannagar-khanepani/vendor/laravel/framework/src/Illuminate/View/Middleware/ShareErrorsFromSession.php(48): Illuminate/Pipeline/Pipeline->Illuminate/Pipeline/{closure}(Object(Illuminate/Http/Request))
#28 C:/Users/Lenovo/CascadeProjects/gunjannagar-khanepani/vendor/laravel/framework/src/Illuminate/Pipeline/Pipeline.php(219): Illuminate/View/Middleware/ShareErrorsFromSession->handle(Object(Illuminate/Http/Request), Object(Closure))
#29 C:/Users/Lenovo/CascadeProjects/gunjannagar-khanepani/vendor/laravel/framework/src/Illuminate/Session/Middleware/StartSession.php(120): Illuminate/Pipeline/Pipeline->Illuminate/Pipeline/{closure}(Object(Illuminate/Http/Request))
#30 C:/Users/Lenovo/CascadeProjects/gunjannagar-khanepani/vendor/laravel/framework/src/Illuminate/Session/Middleware/StartSession.php(63): Illuminate/Session/Middleware/StartSession->handleStatefulRequest(Object(Illuminate/Http/Request), Object(Illuminate/Session/Store), Object(Closure))
#31 C:/Users/Lenovo/CascadeProjects/gunjannagar-khanepani/vendor/laravel/framework/src/Illuminate/Pipeline/Pipeline.php(219): Illuminate/Session/Middleware/StartSession->handle(Object(Illuminate/Http/Request), Object(Closure))
#32 C:/Users/Lenovo/CascadeProjects/gunjannagar-khanepani/vendor/laravel/framework/src/Illuminate/Cookie/Middleware/AddQueuedCookiesToResponse.php(36): Illuminate/Pipeline/Pipeline->Illuminate/Pipeline/{closure}(Object(Illuminate/Http/Request))
#33 C:/Users/Lenovo/CascadeProjects/gunjannagar-khanepani/vendor/laravel/framework/src/Illuminate/Pipeline/Pipeline.php(219): Illuminate/Cookie/Middleware/AddQueuedCookiesToResponse->handle(Object(Illuminate/Http/Request), Object(Closure))
#34 C:/Users/Lenovo/CascadeProjects/gunjannagar-khanepani/vendor/laravel/framework/src/Illuminate/Cookie/Middleware/EncryptCookies.php(74): Illuminate/Pipeline/Pipeline->Illuminate/Pipeline/{closure}(Object(Illuminate/Http/Request))
#35 C:/Users/Lenovo/CascadeProjects/gunjannagar-khanepani/vendor/laravel/framework/src/Illuminate/Pipeline/Pipeline.php(219): Illuminate/Cookie/Middleware/EncryptCookies->handle(Object(Illuminate/Http/Request), Object(Closure))
#36 C:/Users/Lenovo/CascadeProjects/gunjannagar-khanepani/vendor/laravel/framework/src/Illuminate/Pipeline/Pipeline.php(137): Illuminate/Pipeline/Pipeline->Illuminate/Pipeline/{closure}(Object(Illuminate/Http/Request))
#37 C:/Users/Lenovo/CascadeProjects/gunjannagar-khanepani/vendor/laravel/framework/src/Illuminate/Routing/Router.php(821): Illuminate/Pipeline/Pipeline->then(Object(Closure))
#38 C:/Users/Lenovo/CascadeProjects/gunjannagar-khanepani/vendor/laravel/framework/src/Illuminate/Routing/Router.php(800): Illuminate/Routing/Router->runRouteWithinStack(Object(Illuminate/Routing/Route), Object(Illuminate/Http/Request))
#39 C:/Users/Lenovo/CascadeProjects/gunjannagar-khanepani/vendor/laravel/framework/src/Illuminate/Routing/Router.php(764): Illuminate/Routing/Router->runRoute(Object(Illuminate/Http/Request), Object(Illuminate/Routing/Route))
#40 C:/Users/Lenovo/CascadeProjects/gunjannagar-khanepani/vendor/laravel/framework/src/Illuminate/Routing/Router.php(753): Illuminate/Routing/Router->dispatchToRoute(Object(Illuminate/Http/Request))
#41 C:/Users/Lenovo/CascadeProjects/gunjannagar-khanepani/vendor/laravel/framework/src/Illuminate/Foundation/Http/Kernel.php(200): Illuminate/Routing/Router->dispatch(Object(Illuminate/Http/Request))
#42 C:/Users/Lenovo/CascadeProjects/gunjannagar-khanepani/vendor/laravel/framework/src/Illuminate/Pipeline/Pipeline.php(180): Illuminate/Foundation/Http/Kernel->Illuminate/Foundation/Http/{closure}(Object(Illuminate/Http/Request))
#43 C:/Users/Lenovo/CascadeProjects/gunjannagar-khanepani/vendor/laravel/framework/src/Illuminate/Foundation/Http/Middleware/TransformsRequest.php(21): Illuminate/Pipeline/Pipeline->Illuminate/Pipeline/{closure}(Object(Illuminate/Http/Request))
#44 C:/Users/Lenovo/CascadeProjects/gunjannagar-khanepani/vendor/laravel/framework/src/Illuminate/Foundation/Http/Middleware/ConvertEmptyStringsToNull.php(31): Illuminate/Foundation/Http/Middleware/TransformsRequest->handle(Object(Illuminate/Http/Request), Object(Closure))
#45 C:/Users/Lenovo/CascadeProjects/gunjannagar-khanepani/vendor/laravel/framework/src/Illuminate/Pipeline/Pipeline.php(219): Illuminate/Foundation/Http/Middleware/ConvertEmptyStringsToNull->handle(Object(Illuminate/Http/Request), Object(Closure))
#46 C:/Users/Lenovo/CascadeProjects/gunjannagar-khanepani/vendor/laravel/framework/src/Illuminate/Foundation/Http/Middleware/TransformsRequest.php(21): Illuminate/Pipeline/Pipeline->Illuminate/Pipeline/{closure}(Object(Illuminate/Http/Request))
#47 C:/Users/Lenovo/CascadeProjects/gunjannagar-khanepani/vendor/laravel/framework/src/Illuminate/Foundation/Http/Middleware/TrimStrings.php(51): Illuminate/Foundation/Http/Middleware/TransformsRequest->handle(Object(Illuminate/Http/Request), Object(Closure))
#48 C:/Users/Lenovo/CascadeProjects/gunjannagar-khanepani/vendor/laravel/framework/src/Illuminate/Pipeline/Pipeline.php(219): Illuminate/Foundation/Http/Middleware/TrimStrings->handle(Object(Illuminate/Http/Request), Object(Closure))
#49 C:/Users/Lenovo/CascadeProjects/gunjannagar-khanepani/vendor/laravel/framework/src/Illuminate/Http/Middleware/ValidatePostSize.php(27): Illuminate/Pipeline/Pipeline->Illuminate/Pipeline/{closure}(Object(Illuminate/Http/Request))
#50 C:/Users/Lenovo/CascadeProjects/gunjannagar-khanepani/vendor/laravel/framework/src/Illuminate/Pipeline/Pipeline.php(219): Illuminate/Http/Middleware/ValidatePostSize->handle(Object(Illuminate/Http/Request), Object(Closure))
#51 C:/Users/Lenovo/CascadeProjects/gunjannagar-khanepani/vendor/laravel/framework/src/Illuminate/Foundation/Http/Middleware/PreventRequestsDuringMaintenance.php(109): Illuminate/Pipeline/Pipeline->Illuminate/Pipeline/{closure}(Object(Illuminate/Http/Request))
#52 C:/Users/Lenovo/CascadeProjects/gunjannagar-khanepani/vendor/laravel/framework/src/Illuminate/Pipeline/Pipeline.php(219): Illuminate/Foundation/Http/Middleware/PreventRequestsDuringMaintenance->handle(Object(Illuminate/Http/Request), Object(Closure))
#53 C:/Users/Lenovo/CascadeProjects/gunjannagar-khanepani/vendor/laravel/framework/src/Illuminate/Http/Middleware/HandleCors.php(61): Illuminate/Pipeline/Pipeline->Illuminate/Pipeline/{closure}(Object(Illuminate/Http/Request))
#54 C:/Users/Lenovo/CascadeProjects/gunjannagar-khanepani/vendor/laravel/framework/src/Illuminate/Pipeline/Pipeline.php(219): Illuminate/Http/Middleware/HandleCors->handle(Object(Illuminate/Http/Request), Object(Closure))
#55 C:/Users/Lenovo/CascadeProjects/gunjannagar-khanepani/vendor/laravel/framework/src/Illuminate/Http/Middleware/TrustProxies.php(58): Illuminate/Pipeline/Pipeline->Illuminate/Pipeline/{closure}(Object(Illuminate/Http/Request))
#56 C:/Users/Lenovo/CascadeProjects/gunjannagar-khanepani/vendor/laravel/framework/src/Illuminate/Pipeline/Pipeline.php(219): Illuminate/Http/Middleware/TrustProxies->handle(Object(Illuminate/Http/Request), Object(Closure))
#57 C:/Users/Lenovo/CascadeProjects/gunjannagar-khanepani/vendor/laravel/framework/src/Illuminate/Foundation/Http/Middleware/InvokeDeferredCallbacks.php(22): Illuminate/Pipeline/Pipeline->Illuminate/Pipeline/{closure}(Object(Illuminate/Http/Request))
#58 C:/Users/Lenovo/CascadeProjects/gunjannagar-khanepani/vendor/laravel/framework/src/Illuminate/Pipeline/Pipeline.php(219): Illuminate/Foundation/Http/Middleware/InvokeDeferredCallbacks->handle(Object(Illuminate/Http/Request), Object(Closure))
#59 C:/Users/Lenovo/CascadeProjects/gunjannagar-khanepani/vendor/laravel/framework/src/Illuminate/Http/Middleware/ValidatePathEncoding.php(26): Illuminate/Pipeline/Pipeline->Illuminate/Pipeline/{closure}(Object(Illuminate/Http/Request))
#60 C:/Users/Lenovo/CascadeProjects/gunjannagar-khanepani/vendor/laravel/framework/src/Illuminate/Pipeline/Pipeline.php(219): Illuminate/Http/Middleware/ValidatePathEncoding->handle(Object(Illuminate/Http/Request), Object(Closure))
#61 C:/Users/Lenovo/CascadeProjects/gunjannagar-khanepani/vendor/laravel/framework/src/Illuminate/Pipeline/Pipeline.php(137): Illuminate/Pipeline/Pipeline->Illuminate/Pipeline/{closure}(Object(Illuminate/Http/Request))
#62 C:/Users/Lenovo/CascadeProjects/gunjannagar-khanepani/vendor/laravel/framework/src/Illuminate/Foundation/Http/Kernel.php(175): Illuminate/Pipeline/Pipeline->then(Object(Closure))
#63 C:/Users/Lenovo/CascadeProjects/gunjannagar-khanepani/vendor/laravel/framework/src/Illuminate/Foundation/Http/Kernel.php(144): Illuminate/Foundation/Http/Kernel->sendRequestThroughRouter(Object(Illuminate/Http/Request))
#64 C:/Users/Lenovo/CascadeProjects/gunjannagar-khanepani/public/index.php(17): Illuminate/Foundation/Http/Kernel->handle(Object(Illuminate/Http/Request))
#65 C:/Users/Lenovo/CascadeProjects/gunjannagar-khanepani/vendor/laravel/framework/src/Illuminate/Foundation/resources/server.php(23): require_once('C://Users//Lenovo...')
#66 {main}

[previous exception] [object] (Symfony\\Component\\Routing\\Exception\\RouteNotFoundException(code: 0): Route [notices.index] not defined. at C:/Users/Lenovo/CascadeProjects/gunjannagar-khanepani/vendor/laravel/framework/src/Illuminate/Routing/UrlGenerator.php:536)
[stacktrace]
#0 C:/Users/Lenovo/CascadeProjects/gunjannagar-khanepani/vendor/laravel/framework/src/Illuminate/Foundation/helpers.php(870): Illuminate/Routing/UrlGenerator->route('notices.index', Array, true)
#1 C:/Users/Lenovo/CascadeProjects/gunjannagar-khanepani/storage/framework/views/c0b4dd7f66b653f7837fa1b43c80d62f.php(1928): route('notices.index')
#2 C:/Users/Lenovo/CascadeProjects/gunjannagar-khanepani/vendor/laravel/framework/src/Illuminate/Filesystem/Filesystem.php(123): require('C://Users//Lenovo...')
#3 C:/Users/Lenovo/CascadeProjects/gunjannagar-khanepani/vendor/laravel/framework/src/Illuminate/Filesystem/Filesystem.php(124): Illuminate/Filesystem/Filesystem::Illuminate/Filesystem/{closure}()
#4 C:/Users/Lenovo/CascadeProjects/gunjannagar-khanepani/vendor/laravel/framework/src/Illuminate/View/Engines/PhpEngine.php(57): Illuminate/Filesystem/Filesystem->getRequire('C://Users//Lenovo...', Array)
#5 C:/Users/Lenovo/CascadeProjects/gunjannagar-khanepani/vendor/laravel/framework/src/Illuminate/View/Engines/CompilerEngine.php(76): Illuminate/View/Engines/PhpEngine->evaluatePath('C://Users//Lenovo...', Array)
#6 C:/Users/Lenovo/CascadeProjects/gunjannagar-khanepani/vendor/laravel/framework/src/Illuminate/View/View.php(208): Illuminate/View/Engines/CompilerEngine->get('C://Users//Lenovo...', Array)
#7 C:/Users/Lenovo/CascadeProjects/gunjannagar-khanepani/vendor/laravel/framework/src/Illuminate/View/View.php(191): Illuminate/View/View->getContents()
#8 C:/Users/Lenovo/CascadeProjects/gunjannagar-khanepani/vendor/laravel/framework/src/Illuminate/View/View.php(160): Illuminate/View/View->renderContents()
#9 C:/Users/Lenovo/CascadeProjects/gunjannagar-khanepani/storage/framework/views/0c824db939ec43fbd2d4a360e940a452.php(577): Illuminate/View/View->render()
#10 C:/Users/Lenovo/CascadeProjects/gunjannagar-khanepani/vendor/laravel/framework/src/Illuminate/Filesystem/Filesystem.php(123): require('C://Users//Lenovo...')
#11 C:/Users/Lenovo/CascadeProjects/gunjannagar-khanepani/vendor/laravel/framework/src/Illuminate/Filesystem/Filesystem.php(124): Illuminate/Filesystem/Filesystem::Illuminate/Filesystem/{closure}()
#12 C:/Users/Lenovo/CascadeProjects/gunjannagar-khanepani/vendor/laravel/framework/src/Illuminate/View/Engines/PhpEngine.php(57): Illuminate/Filesystem/Filesystem->getRequire('C://Users//Lenovo...', Array)
#13 C:/Users/Lenovo/CascadeProjects/gunjannagar-khanepani/vendor/laravel/framework/src/Illuminate/View/Engines/CompilerEngine.php(76): Illuminate/View/Engines/PhpEngine->evaluatePath('C://Users//Lenovo...', Array)
#14 C:/Users/Lenovo/CascadeProjects/gunjannagar-khanepani/vendor/laravel/framework/src/Illuminate/View/View.php(208): Illuminate/View/Engines/CompilerEngine->get('C://Users//Lenovo...', Array)
#15 C:/Users/Lenovo/CascadeProjects/gunjannagar-khanepani/vendor/laravel/framework/src/Illuminate/View/View.php(191): Illuminate/View/View->getContents()
#16 C:/Users/Lenovo/CascadeProjects/gunjannagar-khanepani/vendor/laravel/framework/src/Illuminate/View/View.php(160): Illuminate/View/View->renderContents()
#17 C:/Users/Lenovo/CascadeProjects/gunjannagar-khanepani/vendor/laravel/framework/src/Illuminate/Http/Response.php(78): Illuminate/View/View->render()
#18 C:/Users/Lenovo/CascadeProjects/gunjannagar-khanepani/vendor/laravel/framework/src/Illuminate/Http/Response.php(34): Illuminate/Http/Response->setContent(Object(Illuminate/View/View))
#19 C:/Users/Lenovo/CascadeProjects/gunjannagar-khanepani/vendor/laravel/framework/src/Illuminate/Routing/Router.php(939): Illuminate/Http/Response->__construct(Object(Illuminate/View/View), 200, Array)
#20 C:/Users/Lenovo/CascadeProjects/gunjannagar-khanepani/vendor/laravel/framework/src/Illuminate/Routing/Router.php(906): Illuminate/Routing/Router::toResponse(Object(Illuminate/Http/Request), Object(Illuminate/View/View))
#21 C:/Users/Lenovo/CascadeProjects/gunjannagar-khanepani/vendor/laravel/framework/src/Illuminate/Routing/Router.php(821): Illuminate/Routing/Router->prepareResponse(Object(Illuminate/Http/Request), Object(Illuminate/View/View))
#22 C:/Users/Lenovo/CascadeProjects/gunjannagar-khanepani/vendor/laravel/framework/src/Illuminate/Pipeline/Pipeline.php(180): Illuminate/Routing/Router->Illuminate/Routing/{closure}(Object(Illuminate/Http/Request))
#23 C:/Users/Lenovo/CascadeProjects/gunjannagar-khanepani/vendor/laravel/framework/src/Illuminate/Routing/Middleware/SubstituteBindings.php(50): Illuminate/Pipeline/Pipeline->Illuminate/Pipeline/{closure}(Object(Illuminate/Http/Request))
#24 C:/Users/Lenovo/CascadeProjects/gunjannagar-khanepani/vendor/laravel/framework/src/Illuminate/Pipeline/Pipeline.php(219): Illuminate/Routing/Middleware/SubstituteBindings->handle(Object(Illuminate/Http/Request), Object(Closure))
#25 C:/Users/Lenovo/CascadeProjects/gunjannagar-khanepani/vendor/laravel/framework/src/Illuminate/Foundation/Http/Middleware/VerifyCsrfToken.php(87): Illuminate/Pipeline/Pipeline->Illuminate/Pipeline/{closure}(Object(Illuminate/Http/Request))
#26 C:/Users/Lenovo/CascadeProjects/gunjannagar-khanepani/vendor/laravel/framework/src/Illuminate/Pipeline/Pipeline.php(219): Illuminate/Foundation/Http/Middleware/VerifyCsrfToken->handle(Object(Illuminate/Http/Request), Object(Closure))
#27 C:/Users/Lenovo/CascadeProjects/gunjannagar-khanepani/vendor/laravel/framework/src/Illuminate/View/Middleware/ShareErrorsFromSession.php(48): Illuminate/Pipeline/Pipeline->Illuminate/Pipeline/{closure}(Object(Illuminate/Http/Request))
#28 C:/Users/Lenovo/CascadeProjects/gunjannagar-khanepani/vendor/laravel/framework/src/Illuminate/Pipeline/Pipeline.php(219): Illuminate/View/Middleware/ShareErrorsFromSession->handle(Object(Illuminate/Http/Request), Object(Closure))
#29 C:/Users/Lenovo/CascadeProjects/gunjannagar-khanepani/vendor/laravel/framework/src/Illuminate/Session/Middleware/StartSession.php(120): Illuminate/Pipeline/Pipeline->Illuminate/Pipeline/{closure}(Object(Illuminate/Http/Request))
#30 C:/Users/Lenovo/CascadeProjects/gunjannagar-khanepani/vendor/laravel/framework/src/Illuminate/Session/Middleware/StartSession.php(63): Illuminate/Session/Middleware/StartSession->handleStatefulRequest(Object(Illuminate/Http/Request), Object(Illuminate/Session/Store), Object(Closure))
#31 C:/Users/Lenovo/CascadeProjects/gunjannagar-khanepani/vendor/laravel/framework/src/Illuminate/Pipeline/Pipeline.php(219): Illuminate/Session/Middleware/StartSession->handle(Object(Illuminate/Http/Request), Object(Closure))
#32 C:/Users/Lenovo/CascadeProjects/gunjannagar-khanepani/vendor/laravel/framework/src/Illuminate/Cookie/Middleware/AddQueuedCookiesToResponse.php(36): Illuminate/Pipeline/Pipeline->Illuminate/Pipeline/{closure}(Object(Illuminate/Http/Request))
#33 C:/Users/Lenovo/CascadeProjects/gunjannagar-khanepani/vendor/laravel/framework/src/Illuminate/Pipeline/Pipeline.php(219): Illuminate/Cookie/Middleware/AddQueuedCookiesToResponse->handle(Object(Illuminate/Http/Request), Object(Closure))
#34 C:/Users/Lenovo/CascadeProjects/gunjannagar-khanepani/vendor/laravel/framework/src/Illuminate/Cookie/Middleware/EncryptCookies.php(74): Illuminate/Pipeline/Pipeline->Illuminate/Pipeline/{closure}(Object(Illuminate/Http/Request))
#35 C:/Users/Lenovo/CascadeProjects/gunjannagar-khanepani/vendor/laravel/framework/src/Illuminate/Pipeline/Pipeline.php(219): Illuminate/Cookie/Middleware/EncryptCookies->handle(Object(Illuminate/Http/Request), Object(Closure))
#36 C:/Users/Lenovo/CascadeProjects/gunjannagar-khanepani/vendor/laravel/framework/src/Illuminate/Pipeline/Pipeline.php(137): Illuminate/Pipeline/Pipeline->Illuminate/Pipeline/{closure}(Object(Illuminate/Http/Request))
#37 C:/Users/Lenovo/CascadeProjects/gunjannagar-khanepani/vendor/laravel/framework/src/Illuminate/Routing/Router.php(821): Illuminate/Pipeline/Pipeline->then(Object(Closure))
#38 C:/Users/Lenovo/CascadeProjects/gunjannagar-khanepani/vendor/laravel/framework/src/Illuminate/Routing/Router.php(800): Illuminate/Routing/Router->runRouteWithinStack(Object(Illuminate/Routing/Route), Object(Illuminate/Http/Request))
#39 C:/Users/Lenovo/CascadeProjects/gunjannagar-khanepani/vendor/laravel/framework/src/Illuminate/Routing/Router.php(764): Illuminate/Routing/Router->runRoute(Object(Illuminate/Http/Request), Object(Illuminate/Routing/Route))
#40 C:/Users/Lenovo/CascadeProjects/gunjannagar-khanepani/vendor/laravel/framework/src/Illuminate/Routing/Router.php(753): Illuminate/Routing/Router->dispatchToRoute(Object(Illuminate/Http/Request))
#41 C:/Users/Lenovo/CascadeProjects/gunjannagar-khanepani/vendor/laravel/framework/src/Illuminate/Foundation/Http/Kernel.php(200): Illuminate/Routing/Router->dispatch(Object(Illuminate/Http/Request))
#42 C:/Users/Lenovo/CascadeProjects/gunjannagar-khanepani/vendor/laravel/framework/src/Illuminate/Pipeline/Pipeline.php(180): Illuminate/Foundation/Http/Kernel->Illuminate/Foundation/Http/{closure}(Object(Illuminate/Http/Request))
#43 C:/Users/Lenovo/CascadeProjects/gunjannagar-khanepani/vendor/laravel/framework/src/Illuminate/Foundation/Http/Middleware/TransformsRequest.php(21): Illuminate/Pipeline/Pipeline->Illuminate/Pipeline/{closure}(Object(Illuminate/Http/Request))
#44 C:/Users/Lenovo/CascadeProjects/gunjannagar-khanepani/vendor/laravel/framework/src/Illuminate/Foundation/Http/Middleware/ConvertEmptyStringsToNull.php(31): Illuminate/Foundation/Http/Middleware/TransformsRequest->handle(Object(Illuminate/Http/Request), Object(Closure))
#45 C:/Users/Lenovo/CascadeProjects/gunjannagar-khanepani/vendor/laravel/framework/src/Illuminate/Pipeline/Pipeline.php(219): Illuminate/Foundation/Http/Middleware/ConvertEmptyStringsToNull->handle(Object(Illuminate/Http/Request), Object(Closure))
#46 C:/Users/Lenovo/CascadeProjects/gunjannagar-khanepani/vendor/laravel/framework/src/Illuminate/Foundation/Http/Middleware/TransformsRequest.php(21): Illuminate/Pipeline/Pipeline->Illuminate/Pipeline/{closure}(Object(Illuminate/Http/Request))
#47 C:/Users/Lenovo/CascadeProjects/gunjannagar-khanepani/vendor/laravel/framework/src/Illuminate/Foundation/Http/Middleware/TrimStrings.php(51): Illuminate/Foundation/Http/Middleware/TransformsRequest->handle(Object(Illuminate/Http/Request), Object(Closure))
#48 C:/Users/Lenovo/CascadeProjects/gunjannagar-khanepani/vendor/laravel/framework/src/Illuminate/Pipeline/Pipeline.php(219): Illuminate/Foundation/Http/Middleware/TrimStrings->handle(Object(Illuminate/Http/Request), Object(Closure))
#49 C:/Users/Lenovo/CascadeProjects/gunjannagar-khanepani/vendor/laravel/framework/src/Illuminate/Http/Middleware/ValidatePostSize.php(27): Illuminate/Pipeline/Pipeline->Illuminate/Pipeline/{closure}(Object(Illuminate/Http/Request))
#50 C:/Users/Lenovo/CascadeProjects/gunjannagar-khanepani/vendor/laravel/framework/src/Illuminate/Pipeline/Pipeline.php(219): Illuminate/Http/Middleware/ValidatePostSize->handle(Object(Illuminate/Http/Request), Object(Closure))
#51 C:/Users/Lenovo/CascadeProjects/gunjannagar-khanepani/vendor/laravel/framework/src/Illuminate/Foundation/Http/Middleware/PreventRequestsDuringMaintenance.php(109): Illuminate/Pipeline/Pipeline->Illuminate/Pipeline/{closure}(Object(Illuminate/Http/Request))
#52 C:/Users/Lenovo/CascadeProjects/gunjannagar-khanepani/vendor/laravel/framework/src/Illuminate/Pipeline/Pipeline.php(219): Illuminate/Foundation/Http/Middleware/PreventRequestsDuringMaintenance->handle(Object(Illuminate/Http/Request), Object(Closure))
#53 C:/Users/Lenovo/CascadeProjects/gunjannagar-khanepani/vendor/laravel/framework/src/Illuminate/Http/Middleware/HandleCors.php(61): Illuminate/Pipeline/Pipeline->Illuminate/Pipeline/{closure}(Object(Illuminate/Http/Request))
#54 C:/Users/Lenovo/CascadeProjects/gunjannagar-khanepani/vendor/laravel/framework/src/Illuminate/Pipeline/Pipeline.php(219): Illuminate/Http/Middleware/HandleCors->handle(Object(Illuminate/Http/Request), Object(Closure))
#55 C:/Users/Lenovo/CascadeProjects/gunjannagar-khanepani/vendor/laravel/framework/src/Illuminate/Http/Middleware/TrustProxies.php(58): Illuminate/Pipeline/Pipeline->Illuminate/Pipeline/{closure}(Object(Illuminate/Http/Request))
#56 C:/Users/Lenovo/CascadeProjects/gunjannagar-khanepani/vendor/laravel/framework/src/Illuminate/Pipeline/Pipeline.php(219): Illuminate/Http/Middleware/TrustProxies->handle(Object(Illuminate/Http/Request), Object(Closure))
#57 C:/Users/Lenovo/CascadeProjects/gunjannagar-khanepani/vendor/laravel/framework/src/Illuminate/Foundation/Http/Middleware/InvokeDeferredCallbacks.php(22): Illuminate/Pipeline/Pipeline->Illuminate/Pipeline/{closure}(Object(Illuminate/Http/Request))
#58 C:/Users/Lenovo/CascadeProjects/gunjannagar-khanepani/vendor/laravel/framework/src/Illuminate/Pipeline/Pipeline.php(219): Illuminate/Foundation/Http/Middleware/InvokeDeferredCallbacks->handle(Object(Illuminate/Http/Request), Object(Closure))
#59 C:/Users/Lenovo/CascadeProjects/gunjannagar-khanepani/vendor/laravel/framework/src/Illuminate/Http/Middleware/ValidatePathEncoding.php(26): Illuminate/Pipeline/Pipeline->Illuminate/Pipeline/{closure}(Object(Illuminate/Http/Request))
#60 C:/Users/Lenovo/CascadeProjects/gunjannagar-khanepani/vendor/laravel/framework/src/Illuminate/Pipeline/Pipeline.php(219): Illuminate/Http/Middleware/ValidatePathEncoding->handle(Object(Illuminate/Http/Request), Object(Closure))
#61 C:/Users/Lenovo/CascadeProjects/gunjannagar-khanepani/vendor/laravel/framework/src/Illuminate/Pipeline/Pipeline.php(137): Illuminate/Pipeline/Pipeline->Illuminate/Pipeline/{closure}(Object(Illuminate/Http/Request))
#62 C:/Users/Lenovo/CascadeProjects/gunjannagar-khanepani/vendor/laravel/framework/src/Illuminate/Foundation/Http/Kernel.php(175): Illuminate/Pipeline/Pipeline->then(Object(Closure))
#63 C:/Users/Lenovo/CascadeProjects/gunjannagar-khanepani/vendor/laravel/framework/src/Illuminate/Foundation/Http/Kernel.php(144): Illuminate/Foundation/Http/Kernel->sendRequestThroughRouter(Object(Illuminate/Http/Request))
#64 C:/Users/Lenovo/CascadeProjects/gunjannagar-khanepani/public/index.php(17): Illuminate/Foundation/Http/Kernel->handle(Object(Illuminate/Http/Request))
#65 C:/Users/Lenovo/CascadeProjects/gunjannagar-khanepani/vendor/laravel/framework/src/Illuminate/Foundation/resources/server.php(23): require_once('C://Users//Lenovo...')
#66 {main}
"} 
[2026-08-15 12:44:54] local.ERROR: View [contact] not found. {"exception":"[object] (InvalidArgumentException(code: 0): View [contact] not found. at C:/Users/Lenovo/CascadeProjects/gunjannagar-khanepani/vendor/laravel/framework/src/Illuminate/View/FileViewFinder.php:138)
[stacktrace]
#0 C:/Users/Lenovo/CascadeProjects/gunjannagar-khanepani/vendor/laravel/framework/src/Illuminate/View/FileViewFinder.php(78): Illuminate/View/FileViewFinder->findInPaths('contact', Array)
#1 C:/Users/Lenovo/CascadeProjects/gunjannagar-khanepani/vendor/laravel/framework/src/Illuminate/View/Factory.php(150): Illuminate/View/FileViewFinder->find('contact')
#2 C:/Users/Lenovo/CascadeProjects/gunjannagar-khanepani/vendor/laravel/framework/src/Illuminate/Foundation/helpers.php(1100): Illuminate/View/Factory->make('contact', Array, Array)
#3 C:/Users/Lenovo/CascadeProjects/gunjannagar-khanepani/app/Http/Controllers/HomeController.php(280): view('contact')
#4 C:/Users/Lenovo/CascadeProjects/gunjannagar-khanepani/vendor/laravel/framework/src/Illuminate/Routing/Controller.php(54): App/Http/Controllers/HomeController->contact()
#5 C:/Users/Lenovo/CascadeProjects/gunjannagar-khanepani/vendor/laravel/framework/src/Illuminate/Routing/ControllerDispatcher.php(43): Illuminate/Routing/Controller->callAction('contact', Array)
#6 C:/Users/Lenovo/CascadeProjects/gunjannagar-khanepani/vendor/laravel/framework/src/Illuminate/Routing/Route.php(265): Illuminate/Routing/ControllerDispatcher->dispatch(Object(Illuminate/Routing/Route), Object(App/Http/Controllers/HomeController), 'contact')
#7 C:/Users/Lenovo/CascadeProjects/gunjannagar-khanepani/vendor/laravel/framework/src/Illuminate/Routing/Route.php(211): Illuminate/Routing/Route->runController()
#8 C:/Users/Lenovo/CascadeProjects/gunjannagar-khanepani/vendor/laravel/framework/src/Illuminate/Routing/Router.php(822): Illuminate/Routing/Route->run()
#9 C:/Users/Lenovo/CascadeProjects/gunjannagar-khanepani/vendor/laravel/framework/src/Illuminate/Pipeline/Pipeline.php(180): Illuminate/Routing/Router->Illuminate/Routing/{closure}(Object(Illuminate/Http/Request))
#10 C:/Users/Lenovo/CascadeProjects/gunjannagar-khanepani/vendor/laravel/framework/src/Illuminate/Routing/Middleware/SubstituteBindings.php(50): Illuminate/Pipeline/Pipeline->Illuminate/Pipeline/{closure}(Object(Illuminate/Http/Request))
#11 C:/Users/Lenovo/CascadeProjects/gunjannagar-khanepani/vendor/laravel/framework/src/Illuminate/Pipeline/Pipeline.php(219): Illuminate/Routing/Middleware/SubstituteBindings->handle(Object(Illuminate/Http/Request), Object(Closure))
#12 C:/Users/Lenovo/CascadeProjects/gunjannagar-khanepani/vendor/laravel/framework/src/Illuminate/Foundation/Http/Middleware/VerifyCsrfToken.php(87): Illuminate/Pipeline/Pipeline->Illuminate/Pipeline/{closure}(Object(Illuminate/Http/Request))
#13 C:/Users/Lenovo/CascadeProjects/gunjannagar-khanepani/vendor/laravel/framework/src/Illuminate/Pipeline/Pipeline.php(219): Illuminate/Foundation/Http/Middleware/VerifyCsrfToken->handle(Object(Illuminate/Http/Request), Object(Closure))
#14 C:/Users/Lenovo/CascadeProjects/gunjannagar-khanepani/vendor/laravel/framework/src/Illuminate/View/Middleware/ShareErrorsFromSession.php(48): Illuminate/Pipeline/Pipeline->Illuminate/Pipeline/{closure}(Object(Illuminate/Http/Request))
#15 C:/Users/Lenovo/CascadeProjects/gunjannagar-khanepani/vendor/laravel/framework/src/Illuminate/Pipeline/Pipeline.php(219): Illuminate/View/Middleware/ShareErrorsFromSession->handle(Object(Illuminate/Http/Request), Object(Closure))
#16 C:/Users/Lenovo/CascadeProjects/gunjannagar-khanepani/vendor/laravel/framework/src/Illuminate/Session/Middleware/StartSession.php(120): Illuminate/Pipeline/Pipeline->Illuminate/Pipeline/{closure}(Object(Illuminate/Http/Request))
#17 C:/Users/Lenovo/CascadeProjects/gunjannagar-khanepani/vendor/laravel/framework/src/Illuminate/Session/Middleware/StartSession.php(63): Illuminate/Session/Middleware/StartSession->handleStatefulRequest(Object(Illuminate/Http/Request), Object(Illuminate/Session/Store), Object(Closure))
#18 C:/Users/Lenovo/CascadeProjects/gunjannagar-khanepani/vendor/laravel/framework/src/Illuminate/Pipeline/Pipeline.php(219): Illuminate/Session/Middleware/StartSession->handle(Object(Illuminate/Http/Request), Object(Closure))
#19 C:/Users/Lenovo/CascadeProjects/gunjannagar-khanepani/vendor/laravel/framework/src/Illuminate/Cookie/Middleware/AddQueuedCookiesToResponse.php(36): Illuminate/Pipeline/Pipeline->Illuminate/Pipeline/{closure}(Object(Illuminate/Http/Request))
#20 C:/Users/Lenovo/CascadeProjects/gunjannagar-khanepani/vendor/laravel/framework/src/Illuminate/Pipeline/Pipeline.php(219): Illuminate/Cookie/Middleware/AddQueuedCookiesToResponse->handle(Object(Illuminate/Http/Request), Object(Closure))
#21 C:/Users/Lenovo/CascadeProjects/gunjannagar-khanepani/vendor/laravel/framework/src/Illuminate/Cookie/Middleware/EncryptCookies.php(74): Illuminate/Pipeline/Pipeline->Illuminate/Pipeline/{closure}(Object(Illuminate/Http/Request))
#22 C:/Users/Lenovo/CascadeProjects/gunjannagar-khanepani/vendor/laravel/framework/src/Illuminate/Pipeline/Pipeline.php(219): Illuminate/Cookie/Middleware/EncryptCookies->handle(Object(Illuminate/Http/Request), Object(Closure))
#23 C:/Users/Lenovo/CascadeProjects/gunjannagar-khanepani/vendor/laravel/framework/src/Illuminate/Pipeline/Pipeline.php(137): Illuminate/Pipeline/Pipeline->Illuminate/Pipeline/{closure}(Object(Illuminate/Http/Request))
#24 C:/Users/Lenovo/CascadeProjects/gunjannagar-khanepani/vendor/laravel/framework/src/Illuminate/Routing/Router.php(821): Illuminate/Pipeline/Pipeline->then(Object(Closure))
#25 C:/Users/Lenovo/CascadeProjects/gunjannagar-khanepani/vendor/laravel/framework/src/Illuminate/Routing/Router.php(800): Illuminate/Routing/Router->runRouteWithinStack(Object(Illuminate/Routing/Route), Object(Illuminate/Http/Request))
#26 C:/Users/Lenovo/CascadeProjects/gunjannagar-khanepani/vendor/laravel/framework/src/Illuminate/Routing/Router.php(764): Illuminate/Routing/Router->runRoute(Object(Illuminate/Http/Request), Object(Illuminate/Routing/Route))
#27 C:/Users/Lenovo/CascadeProjects/gunjannagar-khanepani/vendor/laravel/framework/src/Illuminate/Routing/Router.php(753): Illuminate/Routing/Router->dispatchToRoute(Object(Illuminate/Http/Request))
#28 C:/Users/Lenovo/CascadeProjects/gunjannagar-khanepani/vendor/laravel/framework/src/Illuminate/Foundation/Http/Kernel.php(200): Illuminate/Routing/Router->dispatch(Object(Illuminate/Http/Request))
#29 C:/Users/Lenovo/CascadeProjects/gunjannagar-khanepani/vendor/laravel/framework/src/Illuminate/Pipeline/Pipeline.php(180): Illuminate/Foundation/Http/Kernel->Illuminate/Foundation/Http/{closure}(Object(Illuminate/Http/Request))
#30 C:/Users/Lenovo/CascadeProjects/gunjannagar-khanepani/vendor/laravel/framework/src/Illuminate/Foundation/Http/Middleware/TransformsRequest.php(21): Illuminate/Pipeline/Pipeline->Illuminate/Pipeline/{closure}(Object(Illuminate/Http/Request))
#31 C:/Users/Lenovo/CascadeProjects/gunjannagar-khanepani/vendor/laravel/framework/src/Illuminate/Foundation/Http/Middleware/ConvertEmptyStringsToNull.php(31): Illuminate/Foundation/Http/Middleware/TransformsRequest->handle(Object(Illuminate/Http/Request), Object(Closure))
#32 C:/Users/Lenovo/CascadeProjects/gunjannagar-khanepani/vendor/laravel/framework/src/Illuminate/Pipeline/Pipeline.php(219): Illuminate/Foundation/Http/Middleware/ConvertEmptyStringsToNull->handle(Object(Illuminate/Http/Request), Object(Closure))
#33 C:/Users/Lenovo/CascadeProjects/gunjannagar-khanepani/vendor/laravel/framework/src/Illuminate/Foundation/Http/Middleware/TransformsRequest.php(21): Illuminate/Pipeline/Pipeline->Illuminate/Pipeline/{closure}(Object(Illuminate/Http/Request))
#34 C:/Users/Lenovo/CascadeProjects/gunjannagar-khanepani/vendor/laravel/framework/src/Illuminate/Foundation/Http/Middleware/TrimStrings.php(51): Illuminate/Foundation/Http/Middleware/TransformsRequest->handle(Object(Illuminate/Http/Request), Object(Closure))
#35 C:/Users/Lenovo/CascadeProjects/gunjannagar-khanepani/vendor/laravel/framework/src/Illuminate/Pipeline/Pipeline.php(219): Illuminate/Foundation/Http/Middleware/TrimStrings->handle(Object(Illuminate/Http/Request), Object(Closure))
#36 C:/Users/Lenovo/CascadeProjects/gunjannagar-khanepani/vendor/laravel/framework/src/Illuminate/Http/Middleware/ValidatePostSize.php(27): Illuminate/Pipeline/Pipeline->Illuminate/Pipeline/{closure}(Object(Illuminate/Http/Request))
#37 C:/Users/Lenovo/CascadeProjects/gunjannagar-khanepani/vendor/laravel/framework/src/Illuminate/Pipeline/Pipeline.php(219): Illuminate/Http/Middleware/ValidatePostSize->handle(Object(Illuminate/Http/Request), Object(Closure))
#38 C:/Users/Lenovo/CascadeProjects/gunjannagar-khanepani/vendor/laravel/framework/src/Illuminate/Foundation/Http/Middleware/PreventRequestsDuringMaintenance.php(109): Illuminate/Pipeline/Pipeline->Illuminate/Pipeline/{closure}(Object(Illuminate/Http/Request))
#39 C:/Users/Lenovo/CascadeProjects/gunjannagar-khanepani/vendor/laravel/framework/src/Illuminate/Pipeline/Pipeline.php(219): Illuminate/Foundation/Http/Middleware/PreventRequestsDuringMaintenance->handle(Object(Illuminate/Http/Request), Object(Closure))
#40 C:/Users/Lenovo/CascadeProjects/gunjannagar-khanepani/vendor/laravel/framework/src/Illuminate/Http/Middleware/HandleCors.php(61): Illuminate/Pipeline/Pipeline->Illuminate/Pipeline/{closure}(Object(Illuminate/Http/Request))
#41 C:/Users/Lenovo/CascadeProjects/gunjannagar-khanepani/vendor/laravel/framework/src/Illuminate/Pipeline/Pipeline.php(219): Illuminate/Http/Middleware/HandleCors->handle(Object(Illuminate/Http/Request), Object(Closure))
#42 C:/Users/Lenovo/CascadeProjects/gunjannagar-khanepani/vendor/laravel/framework/src/Illuminate/Http/Middleware/TrustProxies.php(58): Illuminate/Pipeline/Pipeline->Illuminate/Pipeline/{closure}(Object(Illuminate/Http/Request))
#43 C:/Users/Lenovo/CascadeProjects/gunjannagar-khanepani/vendor/laravel/framework/src/Illuminate/Pipeline/Pipeline.php(219): Illuminate/Http/Middleware/TrustProxies->handle(Object(Illuminate/Http/Request), Object(Closure))
#44 C:/Users/Lenovo/CascadeProjects/gunjannagar-khanepani/vendor/laravel/framework/src/Illuminate/Foundation/Http/Middleware/InvokeDeferredCallbacks.php(22): Illuminate/Pipeline/Pipeline->Illuminate/Pipeline/{closure}(Object(Illuminate/Http/Request))
#45 C:/Users/Lenovo/CascadeProjects/gunjannagar-khanepani/vendor/laravel/framework/src/Illuminate/Pipeline/Pipeline.php(219): Illuminate/Foundation/Http/Middleware/InvokeDeferredCallbacks->handle(Object(Illuminate/Http/Request), Object(Closure))
#46 C:/Users/Lenovo/CascadeProjects/gunjannagar-khanepani/vendor/laravel/framework/src/Illuminate/Http/Middleware/ValidatePathEncoding.php(26): Illuminate/Pipeline/Pipeline->Illuminate/Pipeline/{closure}(Object(Illuminate/Http/Request))
#47 C:/Users/Lenovo/CascadeProjects/gunjannagar-khanepani/vendor/laravel/framework/src/Illuminate/Pipeline/Pipeline.php(219): Illuminate/Http/Middleware/ValidatePathEncoding->handle(Object(Illuminate/Http/Request), Object(Closure))
#48 C:/Users/Lenovo/CascadeProjects/gunjannagar-khanepani/vendor/laravel/framework/src/Illuminate/Pipeline/Pipeline.php(137): Illuminate/Pipeline/Pipeline->Illuminate/Pipeline/{closure}(Object(Illuminate/Http/Request))
#49 C:/Users/Lenovo/CascadeProjects/gunjannagar-khanepani/vendor/laravel/framework/src/Illuminate/Foundation/Http/Kernel.php(175): Illuminate/Pipeline/Pipeline->then(Object(Closure))
#50 C:/Users/Lenovo/CascadeProjects/gunjannagar-khanepani/vendor/laravel/framework/src/Illuminate/Foundation/Http/Kernel.php(144): Illuminate/Foundation/Http/Kernel->sendRequestThroughRouter(Object(Illuminate/Http/Request))
#51 C:/Users/Lenovo/CascadeProjects/gunjannagar-khanepani/public/index.php(17): Illuminate/Foundation/Http/Kernel->handle(Object(Illuminate/Http/Request))
#52 C:/Users/Lenovo/CascadeProjects/gunjannagar-khanepani/vendor/laravel/framework/src/Illuminate/Foundation/resources/server.php(23): require_once('C://Users//Lenovo...')
#53 {main}
"} 
[2026-08-15 13:09:19] local.ERROR: Route [login] not defined. {"exception":"[object] (Symfony\\Component\\Routing\\Exception\\RouteNotFoundException(code: 0): Route [login] not defined. at C:/Users/Lenovo/CascadeProjects/gunjannagar-khanepani/vendor/laravel/framework/src/Illuminate/Routing/UrlGenerator.php:536)
[stacktrace]
#0 C:/Users/Lenovo/CascadeProjects/gunjannagar-khanepani/vendor/laravel/framework/src/Illuminate/Foundation/helpers.php(870): Illuminate/Routing/UrlGenerator->route('login', Array, true)
#1 C:/Users/Lenovo/CascadeProjects/gunjannagar-khanepani/vendor/laravel/framework/src/Illuminate/Foundation/Configuration/ApplicationBuilder.php(278): route('login')
#2 [internal function]: Illuminate/Foundation/Configuration/ApplicationBuilder->Illuminate/Foundation/Configuration/{closure}(Object(Illuminate/Http/Request))
#3 C:/Users/Lenovo/CascadeProjects/gunjannagar-khanepani/vendor/laravel/framework/src/Illuminate/Auth/Middleware/Authenticate.php(117): call_user_func(Object(Closure), Object(Illuminate/Http/Request))
#4 C:/Users/Lenovo/CascadeProjects/gunjannagar-khanepani/vendor/laravel/framework/src/Illuminate/Auth/Middleware/Authenticate.php(104): Illuminate/Auth/Middleware/Authenticate->redirectTo(Object(Illuminate/Http/Request))
#5 C:/Users/Lenovo/CascadeProjects/gunjannagar-khanepani/vendor/laravel/framework/src/Illuminate/Auth/Middleware/Authenticate.php(87): Illuminate/Auth/Middleware/Authenticate->unauthenticated(Object(Illuminate/Http/Request), Array)
#6 C:/Users/Lenovo/CascadeProjects/gunjannagar-khanepani/vendor/laravel/framework/src/Illuminate/Auth/Middleware/Authenticate.php(61): Illuminate/Auth/Middleware/Authenticate->authenticate(Object(Illuminate/Http/Request), Array)
#7 C:/Users/Lenovo/CascadeProjects/gunjannagar-khanepani/vendor/laravel/framework/src/Illuminate/Pipeline/Pipeline.php(219): Illuminate/Auth/Middleware/Authenticate->handle(Object(Illuminate/Http/Request), Object(Closure))
#8 C:/Users/Lenovo/CascadeProjects/gunjannagar-khanepani/vendor/laravel/framework/src/Illuminate/Foundation/Http/Middleware/VerifyCsrfToken.php(87): Illuminate/Pipeline/Pipeline->Illuminate/Pipeline/{closure}(Object(Illuminate/Http/Request))
#9 C:/Users/Lenovo/CascadeProjects/gunjannagar-khanepani/vendor/laravel/framework/src/Illuminate/Pipeline/Pipeline.php(219): Illuminate/Foundation/Http/Middleware/VerifyCsrfToken->handle(Object(Illuminate/Http/Request), Object(Closure))
#10 C:/Users/Lenovo/CascadeProjects/gunjannagar-khanepani/vendor/laravel/framework/src/Illuminate/View/Middleware/ShareErrorsFromSession.php(48): Illuminate/Pipeline/Pipeline->Illuminate/Pipeline/{closure}(Object(Illuminate/Http/Request))
#11 C:/Users/Lenovo/CascadeProjects/gunjannagar-khanepani/vendor/laravel/framework/src/Illuminate/Pipeline/Pipeline.php(219): Illuminate/View/Middleware/ShareErrorsFromSession->handle(Object(Illuminate/Http/Request), Object(Closure))
#12 C:/Users/Lenovo/CascadeProjects/gunjannagar-khanepani/vendor/laravel/framework/src/Illuminate/Session/Middleware/StartSession.php(120): Illuminate/Pipeline/Pipeline->Illuminate/Pipeline/{closure}(Object(Illuminate/Http/Request))
#13 C:/Users/Lenovo/CascadeProjects/gunjannagar-khanepani/vendor/laravel/framework/src/Illuminate/Session/Middleware/StartSession.php(63): Illuminate/Session/Middleware/StartSession->handleStatefulRequest(Object(Illuminate/Http/Request), Object(Illuminate/Session/Store), Object(Closure))
#14 C:/Users/Lenovo/CascadeProjects/gunjannagar-khanepani/vendor/laravel/framework/src/Illuminate/Pipeline/Pipeline.php(219): Illuminate/Session/Middleware/StartSession->handle(Object(Illuminate/Http/Request), Object(Closure))
#15 C:/Users/Lenovo/CascadeProjects/gunjannagar-khanepani/vendor/laravel/framework/src/Illuminate/Cookie/Middleware/AddQueuedCookiesToResponse.php(36): Illuminate/Pipeline/Pipeline->Illuminate/Pipeline/{closure}(Object(Illuminate/Http/Request))
#16 C:/Users/Lenovo/CascadeProjects/gunjannagar-khanepani/vendor/laravel/framework/src/Illuminate/Pipeline/Pipeline.php(219): Illuminate/Cookie/Middleware/AddQueuedCookiesToResponse->handle(Object(Illuminate/Http/Request), Object(Closure))
#17 C:/Users/Lenovo/CascadeProjects/gunjannagar-khanepani/vendor/laravel/framework/src/Illuminate/Cookie/Middleware/EncryptCookies.php(74): Illuminate/Pipeline/Pipeline->Illuminate/Pipeline/{closure}(Object(Illuminate/Http/Request))
#18 C:/Users/Lenovo/CascadeProjects/gunjannagar-khanepani/vendor/laravel/framework/src/Illuminate/Pipeline/Pipeline.php(219): Illuminate/Cookie/Middleware/EncryptCookies->handle(Object(Illuminate/Http/Request), Object(Closure))
#19 C:/Users/Lenovo/CascadeProjects/gunjannagar-khanepani/vendor/laravel/framework/src/Illuminate/Pipeline/Pipeline.php(137): Illuminate/Pipeline/Pipeline->Illuminate/Pipeline/{closure}(Object(Illuminate/Http/Request))
#20 C:/Users/Lenovo/CascadeProjects/gunjannagar-khanepani/vendor/laravel/framework/src/Illuminate/Routing/Router.php(821): Illuminate/Pipeline/Pipeline->then(Object(Closure))
#21 C:/Users/Lenovo/CascadeProjects/gunjannagar-khanepani/vendor/laravel/framework/src/Illuminate/Routing/Router.php(800): Illuminate/Routing/Router->runRouteWithinStack(Object(Illuminate/Routing/Route), Object(Illuminate/Http/Request))
#22 C:/Users/Lenovo/CascadeProjects/gunjannagar-khanepani/vendor/laravel/framework/src/Illuminate/Routing/Router.php(764): Illuminate/Routing/Router->runRoute(Object(Illuminate/Http/Request), Object(Illuminate/Routing/Route))
#23 C:/Users/Lenovo/CascadeProjects/gunjannagar-khanepani/vendor/laravel/framework/src/Illuminate/Routing/Router.php(753): Illuminate/Routing/Router->dispatchToRoute(Object(Illuminate/Http/Request))
#24 C:/Users/Lenovo/CascadeProjects/gunjannagar-khanepani/vendor/laravel/framework/src/Illuminate/Foundation/Http/Kernel.php(200): Illuminate/Routing/Router->dispatch(Object(Illuminate/Http/Request))
#25 C:/Users/Lenovo/CascadeProjects/gunjannagar-khanepani/vendor/laravel/framework/src/Illuminate/Pipeline/Pipeline.php(180): Illuminate/Foundation/Http/Kernel->Illuminate/Foundation/Http/{closure}(Object(Illuminate/Http/Request))
#26 C:/Users/Lenovo/CascadeProjects/gunjannagar-khanepani/vendor/laravel/framework/src/Illuminate/Foundation/Http/Middleware/TransformsRequest.php(21): Illuminate/Pipeline/Pipeline->Illuminate/Pipeline/{closure}(Object(Illuminate/Http/Request))
#27 C:/Users/Lenovo/CascadeProjects/gunjannagar-khanepani/vendor/laravel/framework/src/Illuminate/Foundation/Http/Middleware/ConvertEmptyStringsToNull.php(31): Illuminate/Foundation/Http/Middleware/TransformsRequest->handle(Object(Illuminate/Http/Request), Object(Closure))
#28 C:/Users/Lenovo/CascadeProjects/gunjannagar-khanepani/vendor/laravel/framework/src/Illuminate/Pipeline/Pipeline.php(219): Illuminate/Foundation/Http/Middleware/ConvertEmptyStringsToNull->handle(Object(Illuminate/Http/Request), Object(Closure))
#29 C:/Users/Lenovo/CascadeProjects/gunjannagar-khanepani/vendor/laravel/framework/src/Illuminate/Foundation/Http/Middleware/TransformsRequest.php(21): Illuminate/Pipeline/Pipeline->Illuminate/Pipeline/{closure}(Object(Illuminate/Http/Request))
#30 C:/Users/Lenovo/CascadeProjects/gunjannagar-khanepani/vendor/laravel/framework/src/Illuminate/Foundation/Http/Middleware/TrimStrings.php(51): Illuminate/Foundation/Http/Middleware/TransformsRequest->handle(Object(Illuminate/Http/Request), Object(Closure))
#31 C:/Users/Lenovo/CascadeProjects/gunjannagar-khanepani/vendor/laravel/framework/src/Illuminate/Pipeline/Pipeline.php(219): Illuminate/Foundation/Http/Middleware/TrimStrings->handle(Object(Illuminate/Http/Request), Object(Closure))
#32 C:/Users/Lenovo/CascadeProjects/gunjannagar-khanepani/vendor/laravel/framework/src/Illuminate/Http/Middleware/ValidatePostSize.php(27): Illuminate/Pipeline/Pipeline->Illuminate/Pipeline/{closure}(Object(Illuminate/Http/Request))
#33 C:/Users/Lenovo/CascadeProjects/gunjannagar-khanepani/vendor/laravel/framework/src/Illuminate/Pipeline/Pipeline.php(219): Illuminate/Http/Middleware/ValidatePostSize->handle(Object(Illuminate/Http/Request), Object(Closure))
#34 C:/Users/Lenovo/CascadeProjects/gunjannagar-khanepani/vendor/laravel/framework/src/Illuminate/Foundation/Http/Middleware/PreventRequestsDuringMaintenance.php(109): Illuminate/Pipeline/Pipeline->Illuminate/Pipeline/{closure}(Object(Illuminate/Http/Request))
#35 C:/Users/Lenovo/CascadeProjects/gunjannagar-khanepani/vendor/laravel/framework/src/Illuminate/Pipeline/Pipeline.php(219): Illuminate/Foundation/Http/Middleware/PreventRequestsDuringMaintenance->handle(Object(Illuminate/Http/Request), Object(Closure))
#36 C:/Users/Lenovo/CascadeProjects/gunjannagar-khanepani/vendor/laravel/framework/src/Illuminate/Http/Middleware/HandleCors.php(61): Illuminate/Pipeline/Pipeline->Illuminate/Pipeline/{closure}(Object(Illuminate/Http/Request))
#37 C:/Users/Lenovo/CascadeProjects/gunjannagar-khanepani/vendor/laravel/framework/src/Illuminate/Pipeline/Pipeline.php(219): Illuminate/Http/Middleware/HandleCors->handle(Object(Illuminate/Http/Request), Object(Closure))
#38 C:/Users/Lenovo/CascadeProjects/gunjannagar-khanepani/vendor/laravel/framework/src/Illuminate/Http/Middleware/TrustProxies.php(58): Illuminate/Pipeline/Pipeline->Illuminate/Pipeline/{closure}(Object(Illuminate/Http/Request))
#39 C:/Users/Lenovo/CascadeProjects/gunjannagar-khanepani/vendor/laravel/framework/src/Illuminate/Pipeline/Pipeline.php(219): Illuminate/Http/Middleware/TrustProxies->handle(Object(Illuminate/Http/Request), Object(Closure))
#40 C:/Users/Lenovo/CascadeProjects/gunjannagar-khanepani/vendor/laravel/framework/src/Illuminate/Foundation/Http/Middleware/InvokeDeferredCallbacks.php(22): Illuminate/Pipeline/Pipeline->Illuminate/Pipeline/{closure}(Object(Illuminate/Http/Request))
#41 C:/Users/Lenovo/CascadeProjects/gunjannagar-khanepani/vendor/laravel/framework/src/Illuminate/Pipeline/Pipeline.php(219): Illuminate/Foundation/Http/Middleware/InvokeDeferredCallbacks->handle(Object(Illuminate/Http/Request), Object(Closure))
#42 C:/Users/Lenovo/CascadeProjects/gunjannagar-khanepani/vendor/laravel/framework/src/Illuminate/Http/Middleware/ValidatePathEncoding.php(26): Illuminate/Pipeline/Pipeline->Illuminate/Pipeline/{closure}(Object(Illuminate/Http/Request))
#43 C:/Users/Lenovo/CascadeProjects/gunjannagar-khanepani/vendor/laravel/framework/src/Illuminate/Pipeline/Pipeline.php(219): Illuminate/Http/Middleware/ValidatePathEncoding->handle(Object(Illuminate/Http/Request), Object(Closure))
#44 C:/Users/Lenovo/CascadeProjects/gunjannagar-khanepani/vendor/laravel/framework/src/Illuminate/Pipeline/Pipeline.php(137): Illuminate/Pipeline/Pipeline->Illuminate/Pipeline/{closure}(Object(Illuminate/Http/Request))
#45 C:/Users/Lenovo/CascadeProjects/gunjannagar-khanepani/vendor/laravel/framework/src/Illuminate/Foundation/Http/Kernel.php(175): Illuminate/Pipeline/Pipeline->then(Object(Closure))
#46 C:/Users/Lenovo/CascadeProjects/gunjannagar-khanepani/vendor/laravel/framework/src/Illuminate/Foundation/Http/Kernel.php(144): Illuminate/Foundation/Http/Kernel->sendRequestThroughRouter(Object(Illuminate/Http/Request))
#47 C:/Users/Lenovo/CascadeProjects/gunjannagar-khanepani/public/index.php(17): Illuminate/Foundation/Http/Kernel->handle(Object(Illuminate/Http/Request))
#48 C:/Users/Lenovo/CascadeProjects/gunjannagar-khanepani/vendor/laravel/framework/src/Illuminate/Foundation/resources/server.php(23): require_once('C://Users//Lenovo...')
#49 {main}
"} 
[2026-08-15 13:11:31] local.ERROR: Class "Str" not found {"userId":1,"exception":"[object] (Spatie\\LaravelIgnition\\Exceptions\\ViewException(code: 0): Class \"Str\" not found at C:/Users/Lenovo/CascadeProjects/gunjannagar-khanepani/resources/views/admin/dashboard.blade.php:89)
[stacktrace]
#0 C:/Users/Lenovo/CascadeProjects/gunjannagar-khanepani/vendor/laravel/framework/src/Illuminate/Filesystem/Filesystem.php(123): require()
#1 C:/Users/Lenovo/CascadeProjects/gunjannagar-khanepani/vendor/laravel/framework/src/Illuminate/Filesystem/Filesystem.php(124): Illuminate/Filesystem/Filesystem::Illuminate/Filesystem/{closure}()
#2 C:/Users/Lenovo/CascadeProjects/gunjannagar-khanepani/vendor/laravel/framework/src/Illuminate/View/Engines/PhpEngine.php(57): Illuminate/Filesystem/Filesystem->getRequire('C://Users//Lenovo...', Array)
#3 C:/Users/Lenovo/CascadeProjects/gunjannagar-khanepani/vendor/laravel/framework/src/Illuminate/View/Engines/CompilerEngine.php(76): Illuminate/View/Engines/PhpEngine->evaluatePath('C://Users//Lenovo...', Array)
#4 C:/Users/Lenovo/CascadeProjects/gunjannagar-khanepani/vendor/laravel/framework/src/Illuminate/View/View.php(208): Illuminate/View/Engines/CompilerEngine->get('C://Users//Lenovo...', Array)
#5 C:/Users/Lenovo/CascadeProjects/gunjannagar-khanepani/vendor/laravel/framework/src/Illuminate/View/View.php(191): Illuminate/View/View->getContents()
#6 C:/Users/Lenovo/CascadeProjects/gunjannagar-khanepani/vendor/laravel/framework/src/Illuminate/View/View.php(160): Illuminate/View/View->renderContents()
#7 C:/Users/Lenovo/CascadeProjects/gunjannagar-khanepani/vendor/laravel/framework/src/Illuminate/Http/Response.php(78): Illuminate/View/View->render()
#8 C:/Users/Lenovo/CascadeProjects/gunjannagar-khanepani/vendor/laravel/framework/src/Illuminate/Http/Response.php(34): Illuminate/Http/Response->setContent(Object(Illuminate/View/View))
#9 C:/Users/Lenovo/CascadeProjects/gunjannagar-khanepani/vendor/laravel/framework/src/Illuminate/Routing/Router.php(939): Illuminate/Http/Response->__construct(Object(Illuminate/View/View), 200, Array)
#10 C:/Users/Lenovo/CascadeProjects/gunjannagar-khanepani/vendor/laravel/framework/src/Illuminate/Routing/Router.php(906): Illuminate/Routing/Router::toResponse(Object(Illuminate/Http/Request), Object(Illuminate/View/View))
#11 C:/Users/Lenovo/CascadeProjects/gunjannagar-khanepani/vendor/laravel/framework/src/Illuminate/Routing/Router.php(821): Illuminate/Routing/Router->prepareResponse(Object(Illuminate/Http/Request), Object(Illuminate/View/View))
#12 C:/Users/Lenovo/CascadeProjects/gunjannagar-khanepani/vendor/laravel/framework/src/Illuminate/Pipeline/Pipeline.php(180): Illuminate/Routing/Router->Illuminate/Routing/{closure}(Object(Illuminate/Http/Request))
#13 C:/Users/Lenovo/CascadeProjects/gunjannagar-khanepani/vendor/laravel/framework/src/Illuminate/Routing/Middleware/SubstituteBindings.php(50): Illuminate/Pipeline/Pipeline->Illuminate/Pipeline/{closure}(Object(Illuminate/Http/Request))
#14 C:/Users/Lenovo/CascadeProjects/gunjannagar-khanepani/vendor/laravel/framework/src/Illuminate/Pipeline/Pipeline.php(219): Illuminate/Routing/Middleware/SubstituteBindings->handle(Object(Illuminate/Http/Request), Object(Closure))
#15 C:/Users/Lenovo/CascadeProjects/gunjannagar-khanepani/vendor/laravel/framework/src/Illuminate/Auth/Middleware/Authenticate.php(63): Illuminate/Pipeline/Pipeline->Illuminate/Pipeline/{closure}(Object(Illuminate/Http/Request))
#16 C:/Users/Lenovo/CascadeProjects/gunjannagar-khanepani/vendor/laravel/framework/src/Illuminate/Pipeline/Pipeline.php(219): Illuminate/Auth/Middleware/Authenticate->handle(Object(Illuminate/Http/Request), Object(Closure))
#17 C:/Users/Lenovo/CascadeProjects/gunjannagar-khanepani/vendor/laravel/framework/src/Illuminate/Foundation/Http/Middleware/VerifyCsrfToken.php(87): Illuminate/Pipeline/Pipeline->Illuminate/Pipeline/{closure}(Object(Illuminate/Http/Request))
#18 C:/Users/Lenovo/CascadeProjects/gunjannagar-khanepani/vendor/laravel/framework/src/Illuminate/Pipeline/Pipeline.php(219): Illuminate/Foundation/Http/Middleware/VerifyCsrfToken->handle(Object(Illuminate/Http/Request), Object(Closure))
#19 C:/Users/Lenovo/CascadeProjects/gunjannagar-khanepani/vendor/laravel/framework/src/Illuminate/View/Middleware/ShareErrorsFromSession.php(48): Illuminate/Pipeline/Pipeline->Illuminate/Pipeline/{closure}(Object(Illuminate/Http/Request))
#20 C:/Users/Lenovo/CascadeProjects/gunjannagar-khanepani/vendor/laravel/framework/src/Illuminate/Pipeline/Pipeline.php(219): Illuminate/View/Middleware/ShareErrorsFromSession->handle(Object(Illuminate/Http/Request), Object(Closure))
#21 C:/Users/Lenovo/CascadeProjects/gunjannagar-khanepani/vendor/laravel/framework/src/Illuminate/Session/Middleware/StartSession.php(120): Illuminate/Pipeline/Pipeline->Illuminate/Pipeline/{closure}(Object(Illuminate/Http/Request))
#22 C:/Users/Lenovo/CascadeProjects/gunjannagar-khanepani/vendor/laravel/framework/src/Illuminate/Session/Middleware/StartSession.php(63): Illuminate/Session/Middleware/StartSession->handleStatefulRequest(Object(Illuminate/Http/Request), Object(Illuminate/Session/Store), Object(Closure))
#23 C:/Users/Lenovo/CascadeProjects/gunjannagar-khanepani/vendor/laravel/framework/src/Illuminate/Pipeline/Pipeline.php(219): Illuminate/Session/Middleware/StartSession->handle(Object(Illuminate/Http/Request), Object(Closure))
#24 C:/Users/Lenovo/CascadeProjects/gunjannagar-khanepani/vendor/laravel/framework/src/Illuminate/Cookie/Middleware/AddQueuedCookiesToResponse.php(36): Illuminate/Pipeline/Pipeline->Illuminate/Pipeline/{closure}(Object(Illuminate/Http/Request))
#25 C:/Users/Lenovo/CascadeProjects/gunjannagar-khanepani/vendor/laravel/framework/src/Illuminate/Pipeline/Pipeline.php(219): Illuminate/Cookie/Middleware/AddQueuedCookiesToResponse->handle(Object(Illuminate/Http/Request), Object(Closure))
#26 C:/Users/Lenovo/CascadeProjects/gunjannagar-khanepani/vendor/laravel/framework/src/Illuminate/Cookie/Middleware/EncryptCookies.php(74): Illuminate/Pipeline/Pipeline->Illuminate/Pipeline/{closure}(Object(Illuminate/Http/Request))
#27 C:/Users/Lenovo/CascadeProjects/gunjannagar-khanepani/vendor/laravel/framework/src/Illuminate/Pipeline/Pipeline.php(219): Illuminate/Cookie/Middleware/EncryptCookies->handle(Object(Illuminate/Http/Request), Object(Closure))
#28 C:/Users/Lenovo/CascadeProjects/gunjannagar-khanepani/vendor/laravel/framework/src/Illuminate/Pipeline/Pipeline.php(137): Illuminate/Pipeline/Pipeline->Illuminate/Pipeline/{closure}(Object(Illuminate/Http/Request))
#29 C:/Users/Lenovo/CascadeProjects/gunjannagar-khanepani/vendor/laravel/framework/src/Illuminate/Routing/Router.php(821): Illuminate/Pipeline/Pipeline->then(Object(Closure))
#30 C:/Users/Lenovo/CascadeProjects/gunjannagar-khanepani/vendor/laravel/framework/src/Illuminate/Routing/Router.php(800): Illuminate/Routing/Router->runRouteWithinStack(Object(Illuminate/Routing/Route), Object(Illuminate/Http/Request))
#31 C:/Users/Lenovo/CascadeProjects/gunjannagar-khanepani/vendor/laravel/framework/src/Illuminate/Routing/Router.php(764): Illuminate/Routing/Router->runRoute(Object(Illuminate/Http/Request), Object(Illuminate/Routing/Route))
#32 C:/Users/Lenovo/CascadeProjects/gunjannagar-khanepani/vendor/laravel/framework/src/Illuminate/Routing/Router.php(753): Illuminate/Routing/Router->dispatchToRoute(Object(Illuminate/Http/Request))
#33 C:/Users/Lenovo/CascadeProjects/gunjannagar-khanepani/vendor/laravel/framework/src/Illuminate/Foundation/Http/Kernel.php(200): Illuminate/Routing/Router->dispatch(Object(Illuminate/Http/Request))
#34 C:/Users/Lenovo/CascadeProjects/gunjannagar-khanepani/vendor/laravel/framework/src/Illuminate/Pipeline/Pipeline.php(180): Illuminate/Foundation/Http/Kernel->Illuminate/Foundation/Http/{closure}(Object(Illuminate/Http/Request))
#35 C:/Users/Lenovo/CascadeProjects/gunjannagar-khanepani/vendor/laravel/framework/src/Illuminate/Foundation/Http/Middleware/TransformsRequest.php(21): Illuminate/Pipeline/Pipeline->Illuminate/Pipeline/{closure}(Object(Illuminate/Http/Request))
#36 C:/Users/Lenovo/CascadeProjects/gunjannagar-khanepani/vendor/laravel/framework/src/Illuminate/Foundation/Http/Middleware/ConvertEmptyStringsToNull.php(31): Illuminate/Foundation/Http/Middleware/TransformsRequest->handle(Object(Illuminate/Http/Request), Object(Closure))
#37 C:/Users/Lenovo/CascadeProjects/gunjannagar-khanepani/vendor/laravel/framework/src/Illuminate/Pipeline/Pipeline.php(219): Illuminate/Foundation/Http/Middleware/ConvertEmptyStringsToNull->handle(Object(Illuminate/Http/Request), Object(Closure))
#38 C:/Users/Lenovo/CascadeProjects/gunjannagar-khanepani/vendor/laravel/framework/src/Illuminate/Foundation/Http/Middleware/TransformsRequest.php(21): Illuminate/Pipeline/Pipeline->Illuminate/Pipeline/{closure}(Object(Illuminate/Http/Request))
#39 C:/Users/Lenovo/CascadeProjects/gunjannagar-khanepani/vendor/laravel/framework/src/Illuminate/Foundation/Http/Middleware/TrimStrings.php(51): Illuminate/Foundation/Http/Middleware/TransformsRequest->handle(Object(Illuminate/Http/Request), Object(Closure))
#40 C:/Users/Lenovo/CascadeProjects/gunjannagar-khanepani/vendor/laravel/framework/src/Illuminate/Pipeline/Pipeline.php(219): Illuminate/Foundation/Http/Middleware/TrimStrings->handle(Object(Illuminate/Http/Request), Object(Closure))
#41 C:/Users/Lenovo/CascadeProjects/gunjannagar-khanepani/vendor/laravel/framework/src/Illuminate/Http/Middleware/ValidatePostSize.php(27): Illuminate/Pipeline/Pipeline->Illuminate/Pipeline/{closure}(Object(Illuminate/Http/Request))
#42 C:/Users/Lenovo/CascadeProjects/gunjannagar-khanepani/vendor/laravel/framework/src/Illuminate/Pipeline/Pipeline.php(219): Illuminate/Http/Middleware/ValidatePostSize->handle(Object(Illuminate/Http/Request), Object(Closure))
#43 C:/Users/Lenovo/CascadeProjects/gunjannagar-khanepani/vendor/laravel/framework/src/Illuminate/Foundation/Http/Middleware/PreventRequestsDuringMaintenance.php(109): Illuminate/Pipeline/Pipeline->Illuminate/Pipeline/{closure}(Object(Illuminate/Http/Request))
#44 C:/Users/Lenovo/CascadeProjects/gunjannagar-khanepani/vendor/laravel/framework/src/Illuminate/Pipeline/Pipeline.php(219): Illuminate/Foundation/Http/Middleware/PreventRequestsDuringMaintenance->handle(Object(Illuminate/Http/Request), Object(Closure))
#45 C:/Users/Lenovo/CascadeProjects/gunjannagar-khanepani/vendor/laravel/framework/src/Illuminate/Http/Middleware/HandleCors.php(61): Illuminate/Pipeline/Pipeline->Illuminate/Pipeline/{closure}(Object(Illuminate/Http/Request))
#46 C:/Users/Lenovo/CascadeProjects/gunjannagar-khanepani/vendor/laravel/framework/src/Illuminate/Pipeline/Pipeline.php(219): Illuminate/Http/Middleware/HandleCors->handle(Object(Illuminate/Http/Request), Object(Closure))
#47 C:/Users/Lenovo/CascadeProjects/gunjannagar-khanepani/vendor/laravel/framework/src/Illuminate/Http/Middleware/TrustProxies.php(58): Illuminate/Pipeline/Pipeline->Illuminate/Pipeline/{closure}(Object(Illuminate/Http/Request))
#48 C:/Users/Lenovo/CascadeProjects/gunjannagar-khanepani/vendor/laravel/framework/src/Illuminate/Pipeline/Pipeline.php(219): Illuminate/Http/Middleware/TrustProxies->handle(Object(Illuminate/Http/Request), Object(Closure))
#49 C:/Users/Lenovo/CascadeProjects/gunjannagar-khanepani/vendor/laravel/framework/src/Illuminate/Foundation/Http/Middleware/InvokeDeferredCallbacks.php(22): Illuminate/Pipeline/Pipeline->Illuminate/Pipeline/{closure}(Object(Illuminate/Http/Request))
#50 C:/Users/Lenovo/CascadeProjects/gunjannagar-khanepani/vendor/laravel/framework/src/Illuminate/Pipeline/Pipeline.php(219): Illuminate/Foundation/Http/Middleware/InvokeDeferredCallbacks->handle(Object(Illuminate/Http/Request), Object(Closure))
#51 C:/Users/Lenovo/CascadeProjects/gunjannagar-khanepani/vendor/laravel/framework/src/Illuminate/Http/Middleware/ValidatePathEncoding.php(26): Illuminate/Pipeline/Pipeline->Illuminate/Pipeline/{closure}(Object(Illuminate/Http/Request))
#52 C:/Users/Lenovo/CascadeProjects/gunjannagar-khanepani/vendor/laravel/framework/src/Illuminate/Pipeline/Pipeline.php(219): Illuminate/Http/Middleware/ValidatePathEncoding->handle(Object(Illuminate/Http/Request), Object(Closure))
#53 C:/Users/Lenovo/CascadeProjects/gunjannagar-khanepani/vendor/laravel/framework/src/Illuminate/Pipeline/Pipeline.php(137): Illuminate/Pipeline/Pipeline->Illuminate/Pipeline/{closure}(Object(Illuminate/Http/Request))
#54 C:/Users/Lenovo/CascadeProjects/gunjannagar-khanepani/vendor/laravel/framework/src/Illuminate/Foundation/Http/Kernel.php(175): Illuminate/Pipeline/Pipeline->then(Object(Closure))
#55 C:/Users/Lenovo/CascadeProjects/gunjannagar-khanepani/vendor/laravel/framework/src/Illuminate/Foundation/Http/Kernel.php(144): Illuminate/Foundation/Http/Kernel->sendRequestThroughRouter(Object(Illuminate/Http/Request))
#56 C:/Users/Lenovo/CascadeProjects/gunjannagar-khanepani/public/index.php(17): Illuminate/Foundation/Http/Kernel->handle(Object(Illuminate/Http/Request))
#57 C:/Users/Lenovo/CascadeProjects/gunjannagar-khanepani/vendor/laravel/framework/src/Illuminate/Foundation/resources/server.php(23): require_once('C://Users//Lenovo...')
#58 {main}

[previous exception] [object] (Error(code: 0): Class \"Str\" not found at C:/Users/Lenovo/CascadeProjects/gunjannagar-khanepani/storage/framework/views/231ba4e1b94617e55b0512f85208a220.php:87)
[stacktrace]
#0 C:/Users/Lenovo/CascadeProjects/gunjannagar-khanepani/vendor/laravel/framework/src/Illuminate/Filesystem/Filesystem.php(123): require()
#1 C:/Users/Lenovo/CascadeProjects/gunjannagar-khanepani/vendor/laravel/framework/src/Illuminate/Filesystem/Filesystem.php(124): Illuminate/Filesystem/Filesystem::Illuminate/Filesystem/{closure}()
#2 C:/Users/Lenovo/CascadeProjects/gunjannagar-khanepani/vendor/laravel/framework/src/Illuminate/View/Engines/PhpEngine.php(57): Illuminate/Filesystem/Filesystem->getRequire('C://Users//Lenovo...', Array)
#3 C:/Users/Lenovo/CascadeProjects/gunjannagar-khanepani/vendor/laravel/framework/src/Illuminate/View/Engines/CompilerEngine.php(76): Illuminate/View/Engines/PhpEngine->evaluatePath('C://Users//Lenovo...', Array)
#4 C:/Users/Lenovo/CascadeProjects/gunjannagar-khanepani/vendor/laravel/framework/src/Illuminate/View/View.php(208): Illuminate/View/Engines/CompilerEngine->get('C://Users//Lenovo...', Array)
#5 C:/Users/Lenovo/CascadeProjects/gunjannagar-khanepani/vendor/laravel/framework/src/Illuminate/View/View.php(191): Illuminate/View/View->getContents()
#6 C:/Users/Lenovo/CascadeProjects/gunjannagar-khanepani/vendor/laravel/framework/src/Illuminate/View/View.php(160): Illuminate/View/View->renderContents()
#7 C:/Users/Lenovo/CascadeProjects/gunjannagar-khanepani/vendor/laravel/framework/src/Illuminate/Http/Response.php(78): Illuminate/View/View->render()
#8 C:/Users/Lenovo/CascadeProjects/gunjannagar-khanepani/vendor/laravel/framework/src/Illuminate/Http/Response.php(34): Illuminate/Http/Response->setContent(Object(Illuminate/View/View))
#9 C:/Users/Lenovo/CascadeProjects/gunjannagar-khanepani/vendor/laravel/framework/src/Illuminate/Routing/Router.php(939): Illuminate/Http/Response->__construct(Object(Illuminate/View/View), 200, Array)
#10 C:/Users/Lenovo/CascadeProjects/gunjannagar-khanepani/vendor/laravel/framework/src/Illuminate/Routing/Router.php(906): Illuminate/Routing/Router::toResponse(Object(Illuminate/Http/Request), Object(Illuminate/View/View))
#11 C:/Users/Lenovo/CascadeProjects/gunjannagar-khanepani/vendor/laravel/framework/src/Illuminate/Routing/Router.php(821): Illuminate/Routing/Router->prepareResponse(Object(Illuminate/Http/Request), Object(Illuminate/View/View))
#12 C:/Users/Lenovo/CascadeProjects/gunjannagar-khanepani/vendor/laravel/framework/src/Illuminate/Pipeline/Pipeline.php(180): Illuminate/Routing/Router->Illuminate/Routing/{closure}(Object(Illuminate/Http/Request))
#13 C:/Users/Lenovo/CascadeProjects/gunjannagar-khanepani/vendor/laravel/framework/src/Illuminate/Routing/Middleware/SubstituteBindings.php(50): Illuminate/Pipeline/Pipeline->Illuminate/Pipeline/{closure}(Object(Illuminate/Http/Request))
#14 C:/Users/Lenovo/CascadeProjects/gunjannagar-khanepani/vendor/laravel/framework/src/Illuminate/Pipeline/Pipeline.php(219): Illuminate/Routing/Middleware/SubstituteBindings->handle(Object(Illuminate/Http/Request), Object(Closure))
#15 C:/Users/Lenovo/CascadeProjects/gunjannagar-khanepani/vendor/laravel/framework/src/Illuminate/Auth/Middleware/Authenticate.php(63): Illuminate/Pipeline/Pipeline->Illuminate/Pipeline/{closure}(Object(Illuminate/Http/Request))
#16 C:/Users/Lenovo/CascadeProjects/gunjannagar-khanepani/vendor/laravel/framework/src/Illuminate/Pipeline/Pipeline.php(219): Illuminate/Auth/Middleware/Authenticate->handle(Object(Illuminate/Http/Request), Object(Closure))
#17 C:/Users/Lenovo/CascadeProjects/gunjannagar-khanepani/vendor/laravel/framework/src/Illuminate/Foundation/Http/Middleware/VerifyCsrfToken.php(87): Illuminate/Pipeline/Pipeline->Illuminate/Pipeline/{closure}(Object(Illuminate/Http/Request))
#18 C:/Users/Lenovo/CascadeProjects/gunjannagar-khanepani/vendor/laravel/framework/src/Illuminate/Pipeline/Pipeline.php(219): Illuminate/Foundation/Http/Middleware/VerifyCsrfToken->handle(Object(Illuminate/Http/Request), Object(Closure))
#19 C:/Users/Lenovo/CascadeProjects/gunjannagar-khanepani/vendor/laravel/framework/src/Illuminate/View/Middleware/ShareErrorsFromSession.php(48): Illuminate/Pipeline/Pipeline->Illuminate/Pipeline/{closure}(Object(Illuminate/Http/Request))
#20 C:/Users/Lenovo/CascadeProjects/gunjannagar-khanepani/vendor/laravel/framework/src/Illuminate/Pipeline/Pipeline.php(219): Illuminate/View/Middleware/ShareErrorsFromSession->handle(Object(Illuminate/Http/Request), Object(Closure))
#21 C:/Users/Lenovo/CascadeProjects/gunjannagar-khanepani/vendor/laravel/framework/src/Illuminate/Session/Middleware/StartSession.php(120): Illuminate/Pipeline/Pipeline->Illuminate/Pipeline/{closure}(Object(Illuminate/Http/Request))
#22 C:/Users/Lenovo/CascadeProjects/gunjannagar-khanepani/vendor/laravel/framework/src/Illuminate/Session/Middleware/StartSession.php(63): Illuminate/Session/Middleware/StartSession->handleStatefulRequest(Object(Illuminate/Http/Request), Object(Illuminate/Session/Store), Object(Closure))
#23 C:/Users/Lenovo/CascadeProjects/gunjannagar-khanepani/vendor/laravel/framework/src/Illuminate/Pipeline/Pipeline.php(219): Illuminate/Session/Middleware/StartSession->handle(Object(Illuminate/Http/Request), Object(Closure))
#24 C:/Users/Lenovo/CascadeProjects/gunjannagar-khanepani/vendor/laravel/framework/src/Illuminate/Cookie/Middleware/AddQueuedCookiesToResponse.php(36): Illuminate/Pipeline/Pipeline->Illuminate/Pipeline/{closure}(Object(Illuminate/Http/Request))
#25 C:/Users/Lenovo/CascadeProjects/gunjannagar-khanepani/vendor/laravel/framework/src/Illuminate/Pipeline/Pipeline.php(219): Illuminate/Cookie/Middleware/AddQueuedCookiesToResponse->handle(Object(Illuminate/Http/Request), Object(Closure))
#26 C:/Users/Lenovo/CascadeProjects/gunjannagar-khanepani/vendor/laravel/framework/src/Illuminate/Cookie/Middleware/EncryptCookies.php(74): Illuminate/Pipeline/Pipeline->Illuminate/Pipeline/{closure}(Object(Illuminate/Http/Request))
#27 C:/Users/Lenovo/CascadeProjects/gunjannagar-khanepani/vendor/laravel/framework/src/Illuminate/Pipeline/Pipeline.php(219): Illuminate/Cookie/Middleware/EncryptCookies->handle(Object(Illuminate/Http/Request), Object(Closure))
#28 C:/Users/Lenovo/CascadeProjects/gunjannagar-khanepani/vendor/laravel/framework/src/Illuminate/Pipeline/Pipeline.php(137): Illuminate/Pipeline/Pipeline->Illuminate/Pipeline/{closure}(Object(Illuminate/Http/Request))
#29 C:/Users/Lenovo/CascadeProjects/gunjannagar-khanepani/vendor/laravel/framework/src/Illuminate/Routing/Router.php(821): Illuminate/Pipeline/Pipeline->then(Object(Closure))
#30 C:/Users/Lenovo/CascadeProjects/gunjannagar-khanepani/vendor/laravel/framework/src/Illuminate/Routing/Router.php(800): Illuminate/Routing/Router->runRouteWithinStack(Object(Illuminate/Routing/Route), Object(Illuminate/Http/Request))
#31 C:/Users/Lenovo/CascadeProjects/gunjannagar-khanepani/vendor/laravel/framework/src/Illuminate/Routing/Router.php(764): Illuminate/Routing/Router->runRoute(Object(Illuminate/Http/Request), Object(Illuminate/Routing/Route))
#32 C:/Users/Lenovo/CascadeProjects/gunjannagar-khanepani/vendor/laravel/framework/src/Illuminate/Routing/Router.php(753): Illuminate/Routing/Router->dispatchToRoute(Object(Illuminate/Http/Request))
#33 C:/Users/Lenovo/CascadeProjects/gunjannagar-khanepani/vendor/laravel/framework/src/Illuminate/Foundation/Http/Kernel.php(200): Illuminate/Routing/Router->dispatch(Object(Illuminate/Http/Request))
#34 C:/Users/Lenovo/CascadeProjects/gunjannagar-khanepani/vendor/laravel/framework/src/Illuminate/Pipeline/Pipeline.php(180): Illuminate/Foundation/Http/Kernel->Illuminate/Foundation/Http/{closure}(Object(Illuminate/Http/Request))
#35 C:/Users/Lenovo/CascadeProjects/gunjannagar-khanepani/vendor/laravel/framework/src/Illuminate/Foundation/Http/Middleware/TransformsRequest.php(21): Illuminate/Pipeline/Pipeline->Illuminate/Pipeline/{closure}(Object(Illuminate/Http/Request))
#36 C:/Users/Lenovo/CascadeProjects/gunjannagar-khanepani/vendor/laravel/framework/src/Illuminate/Foundation/Http/Middleware/ConvertEmptyStringsToNull.php(31): Illuminate/Foundation/Http/Middleware/TransformsRequest->handle(Object(Illuminate/Http/Request), Object(Closure))
#37 C:/Users/Lenovo/CascadeProjects/gunjannagar-khanepani/vendor/laravel/framework/src/Illuminate/Pipeline/Pipeline.php(219): Illuminate/Foundation/Http/Middleware/ConvertEmptyStringsToNull->handle(Object(Illuminate/Http/Request), Object(Closure))
#38 C:/Users/Lenovo/CascadeProjects/gunjannagar-khanepani/vendor/laravel/framework/src/Illuminate/Foundation/Http/Middleware/TransformsRequest.php(21): Illuminate/Pipeline/Pipeline->Illuminate/Pipeline/{closure}(Object(Illuminate/Http/Request))
#39 C:/Users/Lenovo/CascadeProjects/gunjannagar-khanepani/vendor/laravel/framework/src/Illuminate/Foundation/Http/Middleware/TrimStrings.php(51): Illuminate/Foundation/Http/Middleware/TransformsRequest->handle(Object(Illuminate/Http/Request), Object(Closure))
#40 C:/Users/Lenovo/CascadeProjects/gunjannagar-khanepani/vendor/laravel/framework/src/Illuminate/Pipeline/Pipeline.php(219): Illuminate/Foundation/Http/Middleware/TrimStrings->handle(Object(Illuminate/Http/Request), Object(Closure))
#41 C:/Users/Lenovo/CascadeProjects/gunjannagar-khanepani/vendor/laravel/framework/src/Illuminate/Http/Middleware/ValidatePostSize.php(27): Illuminate/Pipeline/Pipeline->Illuminate/Pipeline/{closure}(Object(Illuminate/Http/Request))
#42 C:/Users/Lenovo/CascadeProjects/gunjannagar-khanepani/vendor/laravel/framework/src/Illuminate/Pipeline/Pipeline.php(219): Illuminate/Http/Middleware/ValidatePostSize->handle(Object(Illuminate/Http/Request), Object(Closure))
#43 C:/Users/Lenovo/CascadeProjects/gunjannagar-khanepani/vendor/laravel/framework/src/Illuminate/Foundation/Http/Middleware/PreventRequestsDuringMaintenance.php(109): Illuminate/Pipeline/Pipeline->Illuminate/Pipeline/{closure}(Object(Illuminate/Http/Request))
#44 C:/Users/Lenovo/CascadeProjects/gunjannagar-khanepani/vendor/laravel/framework/src/Illuminate/Pipeline/Pipeline.php(219): Illuminate/Foundation/Http/Middleware/PreventRequestsDuringMaintenance->handle(Object(Illuminate/Http/Request), Object(Closure))
#45 C:/Users/Lenovo/CascadeProjects/gunjannagar-khanepani/vendor/laravel/framework/src/Illuminate/Http/Middleware/HandleCors.php(61): Illuminate/Pipeline/Pipeline->Illuminate/Pipeline/{closure}(Object(Illuminate/Http/Request))
#46 C:/Users/Lenovo/CascadeProjects/gunjannagar-khanepani/vendor/laravel/framework/src/Illuminate/Pipeline/Pipeline.php(219): Illuminate/Http/Middleware/HandleCors->handle(Object(Illuminate/Http/Request), Object(Closure))
#47 C:/Users/Lenovo/CascadeProjects/gunjannagar-khanepani/vendor/laravel/framework/src/Illuminate/Http/Middleware/TrustProxies.php(58): Illuminate/Pipeline/Pipeline->Illuminate/Pipeline/{closure}(Object(Illuminate/Http/Request))
#48 C:/Users/Lenovo/CascadeProjects/gunjannagar-khanepani/vendor/laravel/framework/src/Illuminate/Pipeline/Pipeline.php(219): Illuminate/Http/Middleware/TrustProxies->handle(Object(Illuminate/Http/Request), Object(Closure))
#49 C:/Users/Lenovo/CascadeProjects/gunjannagar-khanepani/vendor/laravel/framework/src/Illuminate/Foundation/Http/Middleware/InvokeDeferredCallbacks.php(22): Illuminate/Pipeline/Pipeline->Illuminate/Pipeline/{closure}(Object(Illuminate/Http/Request))
#50 C:/Users/Lenovo/CascadeProjects/gunjannagar-khanepani/vendor/laravel/framework/src/Illuminate/Pipeline/Pipeline.php(219): Illuminate/Foundation/Http/Middleware/InvokeDeferredCallbacks->handle(Object(Illuminate/Http/Request), Object(Closure))
#51 C:/Users/Lenovo/CascadeProjects/gunjannagar-khanepani/vendor/laravel/framework/src/Illuminate/Http/Middleware/ValidatePathEncoding.php(26): Illuminate/Pipeline/Pipeline->Illuminate/Pipeline/{closure}(Object(Illuminate/Http/Request))
#52 C:/Users/Lenovo/CascadeProjects/gunjannagar-khanepani/vendor/laravel/framework/src/Illuminate/Pipeline/Pipeline.php(219): Illuminate/Http/Middleware/ValidatePathEncoding->handle(Object(Illuminate/Http/Request), Object(Closure))
#53 C:/Users/Lenovo/CascadeProjects/gunjannagar-khanepani/vendor/laravel/framework/src/Illuminate/Pipeline/Pipeline.php(137): Illuminate/Pipeline/Pipeline->Illuminate/Pipeline/{closure}(Object(Illuminate/Http/Request))
#54 C:/Users/Lenovo/CascadeProjects/gunjannagar-khanepani/vendor/laravel/framework/src/Illuminate/Foundation/Http/Kernel.php(175): Illuminate/Pipeline/Pipeline->then(Object(Closure))
#55 C:/Users/Lenovo/CascadeProjects/gunjannagar-khanepani/vendor/laravel/framework/src/Illuminate/Foundation/Http/Kernel.php(144): Illuminate/Foundation/Http/Kernel->sendRequestThroughRouter(Object(Illuminate/Http/Request))
#56 C:/Users/Lenovo/CascadeProjects/gunjannagar-khanepani/public/index.php(17): Illuminate/Foundation/Http/Kernel->handle(Object(Illuminate/Http/Request))
#57 C:/Users/Lenovo/CascadeProjects/gunjannagar-khanepani/vendor/laravel/framework/src/Illuminate/Foundation/resources/server.php(23): require_once('C://Users//Lenovo...')
#58 {main}
"} 
[2026-08-15 13:14:18] local.ERROR: Class "Setting" not found {"userId":1,"exception":"[object] (Spatie\\LaravelIgnition\\Exceptions\\ViewException(code: 0): Class \"Setting\" not found at C:/Users/Lenovo/CascadeProjects/gunjannagar-khanepani/resources/views/admin/settings/index.blade.php:22)
[stacktrace]
#0 C:/Users/Lenovo/CascadeProjects/gunjannagar-khanepani/vendor/laravel/framework/src/Illuminate/Filesystem/Filesystem.php(123): require()
#1 C:/Users/Lenovo/CascadeProjects/gunjannagar-khanepani/vendor/laravel/framework/src/Illuminate/Filesystem/Filesystem.php(124): Illuminate/Filesystem/Filesystem::Illuminate/Filesystem/{closure}()
#2 C:/Users/Lenovo/CascadeProjects/gunjannagar-khanepani/vendor/laravel/framework/src/Illuminate/View/Engines/PhpEngine.php(57): Illuminate/Filesystem/Filesystem->getRequire('C://Users//Lenovo...', Array)
#3 C:/Users/Lenovo/CascadeProjects/gunjannagar-khanepani/vendor/laravel/framework/src/Illuminate/View/Engines/CompilerEngine.php(76): Illuminate/View/Engines/PhpEngine->evaluatePath('C://Users//Lenovo...', Array)
#4 C:/Users/Lenovo/CascadeProjects/gunjannagar-khanepani/vendor/laravel/framework/src/Illuminate/View/View.php(208): Illuminate/View/Engines/CompilerEngine->get('C://Users//Lenovo...', Array)
#5 C:/Users/Lenovo/CascadeProjects/gunjannagar-khanepani/vendor/laravel/framework/src/Illuminate/View/View.php(191): Illuminate/View/View->getContents()
#6 C:/Users/Lenovo/CascadeProjects/gunjannagar-khanepani/vendor/laravel/framework/src/Illuminate/View/View.php(160): Illuminate/View/View->renderContents()
#7 C:/Users/Lenovo/CascadeProjects/gunjannagar-khanepani/vendor/laravel/framework/src/Illuminate/Http/Response.php(78): Illuminate/View/View->render()
#8 C:/Users/Lenovo/CascadeProjects/gunjannagar-khanepani/vendor/laravel/framework/src/Illuminate/Http/Response.php(34): Illuminate/Http/Response->setContent(Object(Illuminate/View/View))
#9 C:/Users/Lenovo/CascadeProjects/gunjannagar-khanepani/vendor/laravel/framework/src/Illuminate/Routing/Router.php(939): Illuminate/Http/Response->__construct(Object(Illuminate/View/View), 200, Array)
#10 C:/Users/Lenovo/CascadeProjects/gunjannagar-khanepani/vendor/laravel/framework/src/Illuminate/Routing/Router.php(906): Illuminate/Routing/Router::toResponse(Object(Illuminate/Http/Request), Object(Illuminate/View/View))
#11 C:/Users/Lenovo/CascadeProjects/gunjannagar-khanepani/vendor/laravel/framework/src/Illuminate/Routing/Router.php(821): Illuminate/Routing/Router->prepareResponse(Object(Illuminate/Http/Request), Object(Illuminate/View/View))
#12 C:/Users/Lenovo/CascadeProjects/gunjannagar-khanepani/vendor/laravel/framework/src/Illuminate/Pipeline/Pipeline.php(180): Illuminate/Routing/Router->Illuminate/Routing/{closure}(Object(Illuminate/Http/Request))
#13 C:/Users/Lenovo/CascadeProjects/gunjannagar-khanepani/vendor/laravel/framework/src/Illuminate/Routing/Middleware/SubstituteBindings.php(50): Illuminate/Pipeline/Pipeline->Illuminate/Pipeline/{closure}(Object(Illuminate/Http/Request))
#14 C:/Users/Lenovo/CascadeProjects/gunjannagar-khanepani/vendor/laravel/framework/src/Illuminate/Pipeline/Pipeline.php(219): Illuminate/Routing/Middleware/SubstituteBindings->handle(Object(Illuminate/Http/Request), Object(Closure))
#15 C:/Users/Lenovo/CascadeProjects/gunjannagar-khanepani/vendor/laravel/framework/src/Illuminate/Auth/Middleware/Authenticate.php(63): Illuminate/Pipeline/Pipeline->Illuminate/Pipeline/{closure}(Object(Illuminate/Http/Request))
#16 C:/Users/Lenovo/CascadeProjects/gunjannagar-khanepani/vendor/laravel/framework/src/Illuminate/Pipeline/Pipeline.php(219): Illuminate/Auth/Middleware/Authenticate->handle(Object(Illuminate/Http/Request), Object(Closure))
#17 C:/Users/Lenovo/CascadeProjects/gunjannagar-khanepani/vendor/laravel/framework/src/Illuminate/Foundation/Http/Middleware/VerifyCsrfToken.php(87): Illuminate/Pipeline/Pipeline->Illuminate/Pipeline/{closure}(Object(Illuminate/Http/Request))
#18 C:/Users/Lenovo/CascadeProjects/gunjannagar-khanepani/vendor/laravel/framework/src/Illuminate/Pipeline/Pipeline.php(219): Illuminate/Foundation/Http/Middleware/VerifyCsrfToken->handle(Object(Illuminate/Http/Request), Object(Closure))
#19 C:/Users/Lenovo/CascadeProjects/gunjannagar-khanepani/vendor/laravel/framework/src/Illuminate/View/Middleware/ShareErrorsFromSession.php(48): Illuminate/Pipeline/Pipeline->Illuminate/Pipeline/{closure}(Object(Illuminate/Http/Request))
#20 C:/Users/Lenovo/CascadeProjects/gunjannagar-khanepani/vendor/laravel/framework/src/Illuminate/Pipeline/Pipeline.php(219): Illuminate/View/Middleware/ShareErrorsFromSession->handle(Object(Illuminate/Http/Request), Object(Closure))
#21 C:/Users/Lenovo/CascadeProjects/gunjannagar-khanepani/vendor/laravel/framework/src/Illuminate/Session/Middleware/StartSession.php(120): Illuminate/Pipeline/Pipeline->Illuminate/Pipeline/{closure}(Object(Illuminate/Http/Request))
#22 C:/Users/Lenovo/CascadeProjects/gunjannagar-khanepani/vendor/laravel/framework/src/Illuminate/Session/Middleware/StartSession.php(63): Illuminate/Session/Middleware/StartSession->handleStatefulRequest(Object(Illuminate/Http/Request), Object(Illuminate/Session/Store), Object(Closure))
#23 C:/Users/Lenovo/CascadeProjects/gunjannagar-khanepani/vendor/laravel/framework/src/Illuminate/Pipeline/Pipeline.php(219): Illuminate/Session/Middleware/StartSession->handle(Object(Illuminate/Http/Request), Object(Closure))
#24 C:/Users/Lenovo/CascadeProjects/gunjannagar-khanepani/vendor/laravel/framework/src/Illuminate/Cookie/Middleware/AddQueuedCookiesToResponse.php(36): Illuminate/Pipeline/Pipeline->Illuminate/Pipeline/{closure}(Object(Illuminate/Http/Request))
#25 C:/Users/Lenovo/CascadeProjects/gunjannagar-khanepani/vendor/laravel/framework/src/Illuminate/Pipeline/Pipeline.php(219): Illuminate/Cookie/Middleware/AddQueuedCookiesToResponse->handle(Object(Illuminate/Http/Request), Object(Closure))
#26 C:/Users/Lenovo/CascadeProjects/gunjannagar-khanepani/vendor/laravel/framework/src/Illuminate/Cookie/Middleware/EncryptCookies.php(74): Illuminate/Pipeline/Pipeline->Illuminate/Pipeline/{closure}(Object(Illuminate/Http/Request))
#27 C:/Users/Lenovo/CascadeProjects/gunjannagar-khanepani/vendor/laravel/framework/src/Illuminate/Pipeline/Pipeline.php(219): Illuminate/Cookie/Middleware/EncryptCookies->handle(Object(Illuminate/Http/Request), Object(Closure))
#28 C:/Users/Lenovo/CascadeProjects/gunjannagar-khanepani/vendor/laravel/framework/src/Illuminate/Pipeline/Pipeline.php(137): Illuminate/Pipeline/Pipeline->Illuminate/Pipeline/{closure}(Object(Illuminate/Http/Request))
#29 C:/Users/Lenovo/CascadeProjects/gunjannagar-khanepani/vendor/laravel/framework/src/Illuminate/Routing/Router.php(821): Illuminate/Pipeline/Pipeline->then(Object(Closure))
#30 C:/Users/Lenovo/CascadeProjects/gunjannagar-khanepani/vendor/laravel/framework/src/Illuminate/Routing/Router.php(800): Illuminate/Routing/Router->runRouteWithinStack(Object(Illuminate/Routing/Route), Object(Illuminate/Http/Request))
#31 C:/Users/Lenovo/CascadeProjects/gunjannagar-khanepani/vendor/laravel/framework/src/Illuminate/Routing/Router.php(764): Illuminate/Routing/Router->runRoute(Object(Illuminate/Http/Request), Object(Illuminate/Routing/Route))
#32 C:/Users/Lenovo/CascadeProjects/gunjannagar-khanepani/vendor/laravel/framework/src/Illuminate/Routing/Router.php(753): Illuminate/Routing/Router->dispatchToRoute(Object(Illuminate/Http/Request))
#33 C:/Users/Lenovo/CascadeProjects/gunjannagar-khanepani/vendor/laravel/framework/src/Illuminate/Foundation/Http/Kernel.php(200): Illuminate/Routing/Router->dispatch(Object(Illuminate/Http/Request))
#34 C:/Users/Lenovo/CascadeProjects/gunjannagar-khanepani/vendor/laravel/framework/src/Illuminate/Pipeline/Pipeline.php(180): Illuminate/Foundation/Http/Kernel->Illuminate/Foundation/Http/{closure}(Object(Illuminate/Http/Request))
#35 C:/Users/Lenovo/CascadeProjects/gunjannagar-khanepani/vendor/laravel/framework/src/Illuminate/Foundation/Http/Middleware/TransformsRequest.php(21): Illuminate/Pipeline/Pipeline->Illuminate/Pipeline/{closure}(Object(Illuminate/Http/Request))
#36 C:/Users/Lenovo/CascadeProjects/gunjannagar-khanepani/vendor/laravel/framework/src/Illuminate/Foundation/Http/Middleware/ConvertEmptyStringsToNull.php(31): Illuminate/Foundation/Http/Middleware/TransformsRequest->handle(Object(Illuminate/Http/Request), Object(Closure))
#37 C:/Users/Lenovo/CascadeProjects/gunjannagar-khanepani/vendor/laravel/framework/src/Illuminate/Pipeline/Pipeline.php(219): Illuminate/Foundation/Http/Middleware/ConvertEmptyStringsToNull->handle(Object(Illuminate/Http/Request), Object(Closure))
#38 C:/Users/Lenovo/CascadeProjects/gunjannagar-khanepani/vendor/laravel/framework/src/Illuminate/Foundation/Http/Middleware/TransformsRequest.php(21): Illuminate/Pipeline/Pipeline->Illuminate/Pipeline/{closure}(Object(Illuminate/Http/Request))
#39 C:/Users/Lenovo/CascadeProjects/gunjannagar-khanepani/vendor/laravel/framework/src/Illuminate/Foundation/Http/Middleware/TrimStrings.php(51): Illuminate/Foundation/Http/Middleware/TransformsRequest->handle(Object(Illuminate/Http/Request), Object(Closure))
#40 C:/Users/Lenovo/CascadeProjects/gunjannagar-khanepani/vendor/laravel/framework/src/Illuminate/Pipeline/Pipeline.php(219): Illuminate/Foundation/Http/Middleware/TrimStrings->handle(Object(Illuminate/Http/Request), Object(Closure))
#41 C:/Users/Lenovo/CascadeProjects/gunjannagar-khanepani/vendor/laravel/framework/src/Illuminate/Http/Middleware/ValidatePostSize.php(27): Illuminate/Pipeline/Pipeline->Illuminate/Pipeline/{closure}(Object(Illuminate/Http/Request))
#42 C:/Users/Lenovo/CascadeProjects/gunjannagar-khanepani/vendor/laravel/framework/src/Illuminate/Pipeline/Pipeline.php(219): Illuminate/Http/Middleware/ValidatePostSize->handle(Object(Illuminate/Http/Request), Object(Closure))
#43 C:/Users/Lenovo/CascadeProjects/gunjannagar-khanepani/vendor/laravel/framework/src/Illuminate/Foundation/Http/Middleware/PreventRequestsDuringMaintenance.php(109): Illuminate/Pipeline/Pipeline->Illuminate/Pipeline/{closure}(Object(Illuminate/Http/Request))
#44 C:/Users/Lenovo/CascadeProjects/gunjannagar-khanepani/vendor/laravel/framework/src/Illuminate/Pipeline/Pipeline.php(219): Illuminate/Foundation/Http/Middleware/PreventRequestsDuringMaintenance->handle(Object(Illuminate/Http/Request), Object(Closure))
#45 C:/Users/Lenovo/CascadeProjects/gunjannagar-khanepani/vendor/laravel/framework/src/Illuminate/Http/Middleware/HandleCors.php(61): Illuminate/Pipeline/Pipeline->Illuminate/Pipeline/{closure}(Object(Illuminate/Http/Request))
#46 C:/Users/Lenovo/CascadeProjects/gunjannagar-khanepani/vendor/laravel/framework/src/Illuminate/Pipeline/Pipeline.php(219): Illuminate/Http/Middleware/HandleCors->handle(Object(Illuminate/Http/Request), Object(Closure))
#47 C:/Users/Lenovo/CascadeProjects/gunjannagar-khanepani/vendor/laravel/framework/src/Illuminate/Http/Middleware/TrustProxies.php(58): Illuminate/Pipeline/Pipeline->Illuminate/Pipeline/{closure}(Object(Illuminate/Http/Request))
#48 C:/Users/Lenovo/CascadeProjects/gunjannagar-khanepani/vendor/laravel/framework/src/Illuminate/Pipeline/Pipeline.php(219): Illuminate/Http/Middleware/TrustProxies->handle(Object(Illuminate/Http/Request), Object(Closure))
#49 C:/Users/Lenovo/CascadeProjects/gunjannagar-khanepani/vendor/laravel/framework/src/Illuminate/Foundation/Http/Middleware/InvokeDeferredCallbacks.php(22): Illuminate/Pipeline/Pipeline->Illuminate/Pipeline/{closure}(Object(Illuminate/Http/Request))
#50 C:/Users/Lenovo/CascadeProjects/gunjannagar-khanepani/vendor/laravel/framework/src/Illuminate/Pipeline/Pipeline.php(219): Illuminate/Foundation/Http/Middleware/InvokeDeferredCallbacks->handle(Object(Illuminate/Http/Request), Object(Closure))
#51 C:/Users/Lenovo/CascadeProjects/gunjannagar-khanepani/vendor/laravel/framework/src/Illuminate/Http/Middleware/ValidatePathEncoding.php(26): Illuminate/Pipeline/Pipeline->Illuminate/Pipeline/{closure}(Object(Illuminate/Http/Request))
#52 C:/Users/Lenovo/CascadeProjects/gunjannagar-khanepani/vendor/laravel/framework/src/Illuminate/Pipeline/Pipeline.php(219): Illuminate/Http/Middleware/ValidatePathEncoding->handle(Object(Illuminate/Http/Request), Object(Closure))
#53 C:/Users/Lenovo/CascadeProjects/gunjannagar-khanepani/vendor/laravel/framework/src/Illuminate/Pipeline/Pipeline.php(137): Illuminate/Pipeline/Pipeline->Illuminate/Pipeline/{closure}(Object(Illuminate/Http/Request))
#54 C:/Users/Lenovo/CascadeProjects/gunjannagar-khanepani/vendor/laravel/framework/src/Illuminate/Foundation/Http/Kernel.php(175): Illuminate/Pipeline/Pipeline->then(Object(Closure))
#55 C:/Users/Lenovo/CascadeProjects/gunjannagar-khanepani/vendor/laravel/framework/src/Illuminate/Foundation/Http/Kernel.php(144): Illuminate/Foundation/Http/Kernel->sendRequestThroughRouter(Object(Illuminate/Http/Request))
#56 C:/Users/Lenovo/CascadeProjects/gunjannagar-khanepani/public/index.php(17): Illuminate/Foundation/Http/Kernel->handle(Object(Illuminate/Http/Request))
#57 C:/Users/Lenovo/CascadeProjects/gunjannagar-khanepani/vendor/laravel/framework/src/Illuminate/Foundation/resources/server.php(23): require_once('C://Users//Lenovo...')
#58 {main}

[previous exception] [object] (Error(code: 0): Class \"Setting\" not found at C:/Users/Lenovo/CascadeProjects/gunjannagar-khanepani/storage/framework/views/028ad86828b66d0ee98cf86c6e47d09e.php:20)
[stacktrace]
#0 C:/Users/Lenovo/CascadeProjects/gunjannagar-khanepani/vendor/laravel/framework/src/Illuminate/Filesystem/Filesystem.php(123): require()
#1 C:/Users/Lenovo/CascadeProjects/gunjannagar-khanepani/vendor/laravel/framework/src/Illuminate/Filesystem/Filesystem.php(124): Illuminate/Filesystem/Filesystem::Illuminate/Filesystem/{closure}()
#2 C:/Users/Lenovo/CascadeProjects/gunjannagar-khanepani/vendor/laravel/framework/src/Illuminate/View/Engines/PhpEngine.php(57): Illuminate/Filesystem/Filesystem->getRequire('C://Users//Lenovo...', Array)
#3 C:/Users/Lenovo/CascadeProjects/gunjannagar-khanepani/vendor/laravel/framework/src/Illuminate/View/Engines/CompilerEngine.php(76): Illuminate/View/Engines/PhpEngine->evaluatePath('C://Users//Lenovo...', Array)
#4 C:/Users/Lenovo/CascadeProjects/gunjannagar-khanepani/vendor/laravel/framework/src/Illuminate/View/View.php(208): Illuminate/View/Engines/CompilerEngine->get('C://Users//Lenovo...', Array)
#5 C:/Users/Lenovo/CascadeProjects/gunjannagar-khanepani/vendor/laravel/framework/src/Illuminate/View/View.php(191): Illuminate/View/View->getContents()
#6 C:/Users/Lenovo/CascadeProjects/gunjannagar-khanepani/vendor/laravel/framework/src/Illuminate/View/View.php(160): Illuminate/View/View->renderContents()
#7 C:/Users/Lenovo/CascadeProjects/gunjannagar-khanepani/vendor/laravel/framework/src/Illuminate/Http/Response.php(78): Illuminate/View/View->render()
#8 C:/Users/Lenovo/CascadeProjects/gunjannagar-khanepani/vendor/laravel/framework/src/Illuminate/Http/Response.php(34): Illuminate/Http/Response->setContent(Object(Illuminate/View/View))
#9 C:/Users/Lenovo/CascadeProjects/gunjannagar-khanepani/vendor/laravel/framework/src/Illuminate/Routing/Router.php(939): Illuminate/Http/Response->__construct(Object(Illuminate/View/View), 200, Array)
#10 C:/Users/Lenovo/CascadeProjects/gunjannagar-khanepani/vendor/laravel/framework/src/Illuminate/Routing/Router.php(906): Illuminate/Routing/Router::toResponse(Object(Illuminate/Http/Request), Object(Illuminate/View/View))
#11 C:/Users/Lenovo/CascadeProjects/gunjannagar-khanepani/vendor/laravel/framework/src/Illuminate/Routing/Router.php(821): Illuminate/Routing/Router->prepareResponse(Object(Illuminate/Http/Request), Object(Illuminate/View/View))
#12 C:/Users/Lenovo/CascadeProjects/gunjannagar-khanepani/vendor/laravel/framework/src/Illuminate/Pipeline/Pipeline.php(180): Illuminate/Routing/Router->Illuminate/Routing/{closure}(Object(Illuminate/Http/Request))
#13 C:/Users/Lenovo/CascadeProjects/gunjannagar-khanepani/vendor/laravel/framework/src/Illuminate/Routing/Middleware/SubstituteBindings.php(50): Illuminate/Pipeline/Pipeline->Illuminate/Pipeline/{closure}(Object(Illuminate/Http/Request))
#14 C:/Users/Lenovo/CascadeProjects/gunjannagar-khanepani/vendor/laravel/framework/src/Illuminate/Pipeline/Pipeline.php(219): Illuminate/Routing/Middleware/SubstituteBindings->handle(Object(Illuminate/Http/Request), Object(Closure))
#15 C:/Users/Lenovo/CascadeProjects/gunjannagar-khanepani/vendor/laravel/framework/src/Illuminate/Auth/Middleware/Authenticate.php(63): Illuminate/Pipeline/Pipeline->Illuminate/Pipeline/{closure}(Object(Illuminate/Http/Request))
#16 C:/Users/Lenovo/CascadeProjects/gunjannagar-khanepani/vendor/laravel/framework/src/Illuminate/Pipeline/Pipeline.php(219): Illuminate/Auth/Middleware/Authenticate->handle(Object(Illuminate/Http/Request), Object(Closure))
#17 C:/Users/Lenovo/CascadeProjects/gunjannagar-khanepani/vendor/laravel/framework/src/Illuminate/Foundation/Http/Middleware/VerifyCsrfToken.php(87): Illuminate/Pipeline/Pipeline->Illuminate/Pipeline/{closure}(Object(Illuminate/Http/Request))
#18 C:/Users/Lenovo/CascadeProjects/gunjannagar-khanepani/vendor/laravel/framework/src/Illuminate/Pipeline/Pipeline.php(219): Illuminate/Foundation/Http/Middleware/VerifyCsrfToken->handle(Object(Illuminate/Http/Request), Object(Closure))
#19 C:/Users/Lenovo/CascadeProjects/gunjannagar-khanepani/vendor/laravel/framework/src/Illuminate/View/Middleware/ShareErrorsFromSession.php(48): Illuminate/Pipeline/Pipeline->Illuminate/Pipeline/{closure}(Object(Illuminate/Http/Request))
#20 C:/Users/Lenovo/CascadeProjects/gunjannagar-khanepani/vendor/laravel/framework/src/Illuminate/Pipeline/Pipeline.php(219): Illuminate/View/Middleware/ShareErrorsFromSession->handle(Object(Illuminate/Http/Request), Object(Closure))
#21 C:/Users/Lenovo/CascadeProjects/gunjannagar-khanepani/vendor/laravel/framework/src/Illuminate/Session/Middleware/StartSession.php(120): Illuminate/Pipeline/Pipeline->Illuminate/Pipeline/{closure}(Object(Illuminate/Http/Request))
#22 C:/Users/Lenovo/CascadeProjects/gunjannagar-khanepani/vendor/laravel/framework/src/Illuminate/Session/Middleware/StartSession.php(63): Illuminate/Session/Middleware/StartSession->handleStatefulRequest(Object(Illuminate/Http/Request), Object(Illuminate/Session/Store), Object(Closure))
#23 C:/Users/Lenovo/CascadeProjects/gunjannagar-khanepani/vendor/laravel/framework/src/Illuminate/Pipeline/Pipeline.php(219): Illuminate/Session/Middleware/StartSession->handle(Object(Illuminate/Http/Request), Object(Closure))
#24 C:/Users/Lenovo/CascadeProjects/gunjannagar-khanepani/vendor/laravel/framework/src/Illuminate/Cookie/Middleware/AddQueuedCookiesToResponse.php(36): Illuminate/Pipeline/Pipeline->Illuminate/Pipeline/{closure}(Object(Illuminate/Http/Request))
#25 C:/Users/Lenovo/CascadeProjects/gunjannagar-khanepani/vendor/laravel/framework/src/Illuminate/Pipeline/Pipeline.php(219): Illuminate/Cookie/Middleware/AddQueuedCookiesToResponse->handle(Object(Illuminate/Http/Request), Object(Closure))
#26 C:/Users/Lenovo/CascadeProjects/gunjannagar-khanepani/vendor/laravel/framework/src/Illuminate/Cookie/Middleware/EncryptCookies.php(74): Illuminate/Pipeline/Pipeline->Illuminate/Pipeline/{closure}(Object(Illuminate/Http/Request))
#27 C:/Users/Lenovo/CascadeProjects/gunjannagar-khanepani/vendor/laravel/framework/src/Illuminate/Pipeline/Pipeline.php(219): Illuminate/Cookie/Middleware/EncryptCookies->handle(Object(Illuminate/Http/Request), Object(Closure))
#28 C:/Users/Lenovo/CascadeProjects/gunjannagar-khanepani/vendor/laravel/framework/src/Illuminate/Pipeline/Pipeline.php(137): Illuminate/Pipeline/Pipeline->Illuminate/Pipeline/{closure}(Object(Illuminate/Http/Request))
#29 C:/Users/Lenovo/CascadeProjects/gunjannagar-khanepani/vendor/laravel/framework/src/Illuminate/Routing/Router.php(821): Illuminate/Pipeline/Pipeline->then(Object(Closure))
#30 C:/Users/Lenovo/CascadeProjects/gunjannagar-khanepani/vendor/laravel/framework/src/Illuminate/Routing/Router.php(800): Illuminate/Routing/Router->runRouteWithinStack(Object(Illuminate/Routing/Route), Object(Illuminate/Http/Request))
#31 C:/Users/Lenovo/CascadeProjects/gunjannagar-khanepani/vendor/laravel/framework/src/Illuminate/Routing/Router.php(764): Illuminate/Routing/Router->runRoute(Object(Illuminate/Http/Request), Object(Illuminate/Routing/Route))
#32 C:/Users/Lenovo/CascadeProjects/gunjannagar-khanepani/vendor/laravel/framework/src/Illuminate/Routing/Router.php(753): Illuminate/Routing/Router->dispatchToRoute(Object(Illuminate/Http/Request))
#33 C:/Users/Lenovo/CascadeProjects/gunjannagar-khanepani/vendor/laravel/framework/src/Illuminate/Foundation/Http/Kernel.php(200): Illuminate/Routing/Router->dispatch(Object(Illuminate/Http/Request))
#34 C:/Users/Lenovo/CascadeProjects/gunjannagar-khanepani/vendor/laravel/framework/src/Illuminate/Pipeline/Pipeline.php(180): Illuminate/Foundation/Http/Kernel->Illuminate/Foundation/Http/{closure}(Object(Illuminate/Http/Request))
#35 C:/Users/Lenovo/CascadeProjects/gunjannagar-khanepani/vendor/laravel/framework/src/Illuminate/Foundation/Http/Middleware/TransformsRequest.php(21): Illuminate/Pipeline/Pipeline->Illuminate/Pipeline/{closure}(Object(Illuminate/Http/Request))
#36 C:/Users/Lenovo/CascadeProjects/gunjannagar-khanepani/vendor/laravel/framework/src/Illuminate/Foundation/Http/Middleware/ConvertEmptyStringsToNull.php(31): Illuminate/Foundation/Http/Middleware/TransformsRequest->handle(Object(Illuminate/Http/Request), Object(Closure))
#37 C:/Users/Lenovo/CascadeProjects/gunjannagar-khanepani/vendor/laravel/framework/src/Illuminate/Pipeline/Pipeline.php(219): Illuminate/Foundation/Http/Middleware/ConvertEmptyStringsToNull->handle(Object(Illuminate/Http/Request), Object(Closure))
#38 C:/Users/Lenovo/CascadeProjects/gunjannagar-khanepani/vendor/laravel/framework/src/Illuminate/Foundation/Http/Middleware/TransformsRequest.php(21): Illuminate/Pipeline/Pipeline->Illuminate/Pipeline/{closure}(Object(Illuminate/Http/Request))
#39 C:/Users/Lenovo/CascadeProjects/gunjannagar-khanepani/vendor/laravel/framework/src/Illuminate/Foundation/Http/Middleware/TrimStrings.php(51): Illuminate/Foundation/Http/Middleware/TransformsRequest->handle(Object(Illuminate/Http/Request), Object(Closure))
#40 C:/Users/Lenovo/CascadeProjects/gunjannagar-khanepani/vendor/laravel/framework/src/Illuminate/Pipeline/Pipeline.php(219): Illuminate/Foundation/Http/Middleware/TrimStrings->handle(Object(Illuminate/Http/Request), Object(Closure))
#41 C:/Users/Lenovo/CascadeProjects/gunjannagar-khanepani/vendor/laravel/framework/src/Illuminate/Http/Middleware/ValidatePostSize.php(27): Illuminate/Pipeline/Pipeline->Illuminate/Pipeline/{closure}(Object(Illuminate/Http/Request))
#42 C:/Users/Lenovo/CascadeProjects/gunjannagar-khanepani/vendor/laravel/framework/src/Illuminate/Pipeline/Pipeline.php(219): Illuminate/Http/Middleware/ValidatePostSize->handle(Object(Illuminate/Http/Request), Object(Closure))
#43 C:/Users/Lenovo/CascadeProjects/gunjannagar-khanepani/vendor/laravel/framework/src/Illuminate/Foundation/Http/Middleware/PreventRequestsDuringMaintenance.php(109): Illuminate/Pipeline/Pipeline->Illuminate/Pipeline/{closure}(Object(Illuminate/Http/Request))
#44 C:/Users/Lenovo/CascadeProjects/gunjannagar-khanepani/vendor/laravel/framework/src/Illuminate/Pipeline/Pipeline.php(219): Illuminate/Foundation/Http/Middleware/PreventRequestsDuringMaintenance->handle(Object(Illuminate/Http/Request), Object(Closure))
#45 C:/Users/Lenovo/CascadeProjects/gunjannagar-khanepani/vendor/laravel/framework/src/Illuminate/Http/Middleware/HandleCors.php(61): Illuminate/Pipeline/Pipeline->Illuminate/Pipeline/{closure}(Object(Illuminate/Http/Request))
#46 C:/Users/Lenovo/CascadeProjects/gunjannagar-khanepani/vendor/laravel/framework/src/Illuminate/Pipeline/Pipeline.php(219): Illuminate/Http/Middleware/HandleCors->handle(Object(Illuminate/Http/Request), Object(Closure))
#47 C:/Users/Lenovo/CascadeProjects/gunjannagar-khanepani/vendor/laravel/framework/src/Illuminate/Http/Middleware/TrustProxies.php(58): Illuminate/Pipeline/Pipeline->Illuminate/Pipeline/{closure}(Object(Illuminate/Http/Request))
#48 C:/Users/Lenovo/CascadeProjects/gunjannagar-khanepani/vendor/laravel/framework/src/Illuminate/Pipeline/Pipeline.php(219): Illuminate/Http/Middleware/TrustProxies->handle(Object(Illuminate/Http/Request), Object(Closure))
#49 C:/Users/Lenovo/CascadeProjects/gunjannagar-khanepani/vendor/laravel/framework/src/Illuminate/Foundation/Http/Middleware/InvokeDeferredCallbacks.php(22): Illuminate/Pipeline/Pipeline->Illuminate/Pipeline/{closure}(Object(Illuminate/Http/Request))
#50 C:/Users/Lenovo/CascadeProjects/gunjannagar-khanepani/vendor/laravel/framework/src/Illuminate/Pipeline/Pipeline.php(219): Illuminate/Foundation/Http/Middleware/InvokeDeferredCallbacks->handle(Object(Illuminate/Http/Request), Object(Closure))
#51 C:/Users/Lenovo/CascadeProjects/gunjannagar-khanepani/vendor/laravel/framework/src/Illuminate/Http/Middleware/ValidatePathEncoding.php(26): Illuminate/Pipeline/Pipeline->Illuminate/Pipeline/{closure}(Object(Illuminate/Http/Request))
#52 C:/Users/Lenovo/CascadeProjects/gunjannagar-khanepani/vendor/laravel/framework/src/Illuminate/Pipeline/Pipeline.php(219): Illuminate/Http/Middleware/ValidatePathEncoding->handle(Object(Illuminate/Http/Request), Object(Closure))
#53 C:/Users/Lenovo/CascadeProjects/gunjannagar-khanepani/vendor/laravel/framework/src/Illuminate/Pipeline/Pipeline.php(137): Illuminate/Pipeline/Pipeline->Illuminate/Pipeline/{closure}(Object(Illuminate/Http/Request))
#54 C:/Users/Lenovo/CascadeProjects/gunjannagar-khanepani/vendor/laravel/framework/src/Illuminate/Foundation/Http/Kernel.php(175): Illuminate/Pipeline/Pipeline->then(Object(Closure))
#55 C:/Users/Lenovo/CascadeProjects/gunjannagar-khanepani/vendor/laravel/framework/src/Illuminate/Foundation/Http/Kernel.php(144): Illuminate/Foundation/Http/Kernel->sendRequestThroughRouter(Object(Illuminate/Http/Request))
#56 C:/Users/Lenovo/CascadeProjects/gunjannagar-khanepani/public/index.php(17): Illuminate/Foundation/Http/Kernel->handle(Object(Illuminate/Http/Request))
#57 C:/Users/Lenovo/CascadeProjects/gunjannagar-khanepani/vendor/laravel/framework/src/Illuminate/Foundation/resources/server.php(23): require_once('C://Users//Lenovo...')
#58 {main}
"} 
[2026-08-15 19:33:22] local.ERROR: Route [login] not defined. {"exception":"[object] (Symfony\\Component\\Routing\\Exception\\RouteNotFoundException(code: 0): Route [login] not defined. at C:/Users/Lenovo/CascadeProjects/gunjannagar-khanepani/vendor/laravel/framework/src/Illuminate/Routing/UrlGenerator.php:536)
[stacktrace]
#0 C:/Users/Lenovo/CascadeProjects/gunjannagar-khanepani/vendor/laravel/framework/src/Illuminate/Foundation/helpers.php(870): Illuminate/Routing/UrlGenerator->route('login', Array, true)
#1 C:/Users/Lenovo/CascadeProjects/gunjannagar-khanepani/vendor/laravel/framework/src/Illuminate/Foundation/Configuration/ApplicationBuilder.php(278): route('login')
#2 [internal function]: Illuminate/Foundation/Configuration/ApplicationBuilder->Illuminate/Foundation/Configuration/{closure}(Object(Illuminate/Http/Request))
#3 C:/Users/Lenovo/CascadeProjects/gunjannagar-khanepani/vendor/laravel/framework/src/Illuminate/Auth/Middleware/Authenticate.php(117): call_user_func(Object(Closure), Object(Illuminate/Http/Request))
#4 C:/Users/Lenovo/CascadeProjects/gunjannagar-khanepani/vendor/laravel/framework/src/Illuminate/Auth/Middleware/Authenticate.php(104): Illuminate/Auth/Middleware/Authenticate->redirectTo(Object(Illuminate/Http/Request))
#5 C:/Users/Lenovo/CascadeProjects/gunjannagar-khanepani/vendor/laravel/framework/src/Illuminate/Auth/Middleware/Authenticate.php(87): Illuminate/Auth/Middleware/Authenticate->unauthenticated(Object(Illuminate/Http/Request), Array)
#6 C:/Users/Lenovo/CascadeProjects/gunjannagar-khanepani/vendor/laravel/framework/src/Illuminate/Auth/Middleware/Authenticate.php(61): Illuminate/Auth/Middleware/Authenticate->authenticate(Object(Illuminate/Http/Request), Array)
#7 C:/Users/Lenovo/CascadeProjects/gunjannagar-khanepani/vendor/laravel/framework/src/Illuminate/Pipeline/Pipeline.php(219): Illuminate/Auth/Middleware/Authenticate->handle(Object(Illuminate/Http/Request), Object(Closure))
#8 C:/Users/Lenovo/CascadeProjects/gunjannagar-khanepani/vendor/laravel/framework/src/Illuminate/Foundation/Http/Middleware/VerifyCsrfToken.php(87): Illuminate/Pipeline/Pipeline->Illuminate/Pipeline/{closure}(Object(Illuminate/Http/Request))
#9 C:/Users/Lenovo/CascadeProjects/gunjannagar-khanepani/vendor/laravel/framework/src/Illuminate/Pipeline/Pipeline.php(219): Illuminate/Foundation/Http/Middleware/VerifyCsrfToken->handle(Object(Illuminate/Http/Request), Object(Closure))
#10 C:/Users/Lenovo/CascadeProjects/gunjannagar-khanepani/vendor/laravel/framework/src/Illuminate/View/Middleware/ShareErrorsFromSession.php(48): Illuminate/Pipeline/Pipeline->Illuminate/Pipeline/{closure}(Object(Illuminate/Http/Request))
#11 C:/Users/Lenovo/CascadeProjects/gunjannagar-khanepani/vendor/laravel/framework/src/Illuminate/Pipeline/Pipeline.php(219): Illuminate/View/Middleware/ShareErrorsFromSession->handle(Object(Illuminate/Http/Request), Object(Closure))
#12 C:/Users/Lenovo/CascadeProjects/gunjannagar-khanepani/vendor/laravel/framework/src/Illuminate/Session/Middleware/StartSession.php(120): Illuminate/Pipeline/Pipeline->Illuminate/Pipeline/{closure}(Object(Illuminate/Http/Request))
#13 C:/Users/Lenovo/CascadeProjects/gunjannagar-khanepani/vendor/laravel/framework/src/Illuminate/Session/Middleware/StartSession.php(63): Illuminate/Session/Middleware/StartSession->handleStatefulRequest(Object(Illuminate/Http/Request), Object(Illuminate/Session/Store), Object(Closure))
#14 C:/Users/Lenovo/CascadeProjects/gunjannagar-khanepani/vendor/laravel/framework/src/Illuminate/Pipeline/Pipeline.php(219): Illuminate/Session/Middleware/StartSession->handle(Object(Illuminate/Http/Request), Object(Closure))
#15 C:/Users/Lenovo/CascadeProjects/gunjannagar-khanepani/vendor/laravel/framework/src/Illuminate/Cookie/Middleware/AddQueuedCookiesToResponse.php(36): Illuminate/Pipeline/Pipeline->Illuminate/Pipeline/{closure}(Object(Illuminate/Http/Request))
#16 C:/Users/Lenovo/CascadeProjects/gunjannagar-khanepani/vendor/laravel/framework/src/Illuminate/Pipeline/Pipeline.php(219): Illuminate/Cookie/Middleware/AddQueuedCookiesToResponse->handle(Object(Illuminate/Http/Request), Object(Closure))
#17 C:/Users/Lenovo/CascadeProjects/gunjannagar-khanepani/vendor/laravel/framework/src/Illuminate/Cookie/Middleware/EncryptCookies.php(74): Illuminate/Pipeline/Pipeline->Illuminate/Pipeline/{closure}(Object(Illuminate/Http/Request))
#18 C:/Users/Lenovo/CascadeProjects/gunjannagar-khanepani/vendor/laravel/framework/src/Illuminate/Pipeline/Pipeline.php(219): Illuminate/Cookie/Middleware/EncryptCookies->handle(Object(Illuminate/Http/Request), Object(Closure))
#19 C:/Users/Lenovo/CascadeProjects/gunjannagar-khanepani/vendor/laravel/framework/src/Illuminate/Pipeline/Pipeline.php(137): Illuminate/Pipeline/Pipeline->Illuminate/Pipeline/{closure}(Object(Illuminate/Http/Request))
#20 C:/Users/Lenovo/CascadeProjects/gunjannagar-khanepani/vendor/laravel/framework/src/Illuminate/Routing/Router.php(821): Illuminate/Pipeline/Pipeline->then(Object(Closure))
#21 C:/Users/Lenovo/CascadeProjects/gunjannagar-khanepani/vendor/laravel/framework/src/Illuminate/Routing/Router.php(800): Illuminate/Routing/Router->runRouteWithinStack(Object(Illuminate/Routing/Route), Object(Illuminate/Http/Request))
#22 C:/Users/Lenovo/CascadeProjects/gunjannagar-khanepani/vendor/laravel/framework/src/Illuminate/Routing/Router.php(764): Illuminate/Routing/Router->runRoute(Object(Illuminate/Http/Request), Object(Illuminate/Routing/Route))
#23 C:/Users/Lenovo/CascadeProjects/gunjannagar-khanepani/vendor/laravel/framework/src/Illuminate/Routing/Router.php(753): Illuminate/Routing/Router->dispatchToRoute(Object(Illuminate/Http/Request))
#24 C:/Users/Lenovo/CascadeProjects/gunjannagar-khanepani/vendor/laravel/framework/src/Illuminate/Foundation/Http/Kernel.php(200): Illuminate/Routing/Router->dispatch(Object(Illuminate/Http/Request))
#25 C:/Users/Lenovo/CascadeProjects/gunjannagar-khanepani/vendor/laravel/framework/src/Illuminate/Pipeline/Pipeline.php(180): Illuminate/Foundation/Http/Kernel->Illuminate/Foundation/Http/{closure}(Object(Illuminate/Http/Request))
#26 C:/Users/Lenovo/CascadeProjects/gunjannagar-khanepani/vendor/laravel/framework/src/Illuminate/Foundation/Http/Middleware/TransformsRequest.php(21): Illuminate/Pipeline/Pipeline->Illuminate/Pipeline/{closure}(Object(Illuminate/Http/Request))
#27 C:/Users/Lenovo/CascadeProjects/gunjannagar-khanepani/vendor/laravel/framework/src/Illuminate/Foundation/Http/Middleware/ConvertEmptyStringsToNull.php(31): Illuminate/Foundation/Http/Middleware/TransformsRequest->handle(Object(Illuminate/Http/Request), Object(Closure))
#28 C:/Users/Lenovo/CascadeProjects/gunjannagar-khanepani/vendor/laravel/framework/src/Illuminate/Pipeline/Pipeline.php(219): Illuminate/Foundation/Http/Middleware/ConvertEmptyStringsToNull->handle(Object(Illuminate/Http/Request), Object(Closure))
#29 C:/Users/Lenovo/CascadeProjects/gunjannagar-khanepani/vendor/laravel/framework/src/Illuminate/Foundation/Http/Middleware/TransformsRequest.php(21): Illuminate/Pipeline/Pipeline->Illuminate/Pipeline/{closure}(Object(Illuminate/Http/Request))
#30 C:/Users/Lenovo/CascadeProjects/gunjannagar-khanepani/vendor/laravel/framework/src/Illuminate/Foundation/Http/Middleware/TrimStrings.php(51): Illuminate/Foundation/Http/Middleware/TransformsRequest->handle(Object(Illuminate/Http/Request), Object(Closure))
#31 C:/Users/Lenovo/CascadeProjects/gunjannagar-khanepani/vendor/laravel/framework/src/Illuminate/Pipeline/Pipeline.php(219): Illuminate/Foundation/Http/Middleware/TrimStrings->handle(Object(Illuminate/Http/Request), Object(Closure))
#32 C:/Users/Lenovo/CascadeProjects/gunjannagar-khanepani/vendor/laravel/framework/src/Illuminate/Http/Middleware/ValidatePostSize.php(27): Illuminate/Pipeline/Pipeline->Illuminate/Pipeline/{closure}(Object(Illuminate/Http/Request))
#33 C:/Users/Lenovo/CascadeProjects/gunjannagar-khanepani/vendor/laravel/framework/src/Illuminate/Pipeline/Pipeline.php(219): Illuminate/Http/Middleware/ValidatePostSize->handle(Object(Illuminate/Http/Request), Object(Closure))
#34 C:/Users/Lenovo/CascadeProjects/gunjannagar-khanepani/vendor/laravel/framework/src/Illuminate/Foundation/Http/Middleware/PreventRequestsDuringMaintenance.php(109): Illuminate/Pipeline/Pipeline->Illuminate/Pipeline/{closure}(Object(Illuminate/Http/Request))
#35 C:/Users/Lenovo/CascadeProjects/gunjannagar-khanepani/vendor/laravel/framework/src/Illuminate/Pipeline/Pipeline.php(219): Illuminate/Foundation/Http/Middleware/PreventRequestsDuringMaintenance->handle(Object(Illuminate/Http/Request), Object(Closure))
#36 C:/Users/Lenovo/CascadeProjects/gunjannagar-khanepani/vendor/laravel/framework/src/Illuminate/Http/Middleware/HandleCors.php(61): Illuminate/Pipeline/Pipeline->Illuminate/Pipeline/{closure}(Object(Illuminate/Http/Request))
#37 C:/Users/Lenovo/CascadeProjects/gunjannagar-khanepani/vendor/laravel/framework/src/Illuminate/Pipeline/Pipeline.php(219): Illuminate/Http/Middleware/HandleCors->handle(Object(Illuminate/Http/Request), Object(Closure))
#38 C:/Users/Lenovo/CascadeProjects/gunjannagar-khanepani/vendor/laravel/framework/src/Illuminate/Http/Middleware/TrustProxies.php(58): Illuminate/Pipeline/Pipeline->Illuminate/Pipeline/{closure}(Object(Illuminate/Http/Request))
#39 C:/Users/Lenovo/CascadeProjects/gunjannagar-khanepani/vendor/laravel/framework/src/Illuminate/Pipeline/Pipeline.php(219): Illuminate/Http/Middleware/TrustProxies->handle(Object(Illuminate/Http/Request), Object(Closure))
#40 C:/Users/Lenovo/CascadeProjects/gunjannagar-khanepani/vendor/laravel/framework/src/Illuminate/Foundation/Http/Middleware/InvokeDeferredCallbacks.php(22): Illuminate/Pipeline/Pipeline->Illuminate/Pipeline/{closure}(Object(Illuminate/Http/Request))
#41 C:/Users/Lenovo/CascadeProjects/gunjannagar-khanepani/vendor/laravel/framework/src/Illuminate/Pipeline/Pipeline.php(219): Illuminate/Foundation/Http/Middleware/InvokeDeferredCallbacks->handle(Object(Illuminate/Http/Request), Object(Closure))
#42 C:/Users/Lenovo/CascadeProjects/gunjannagar-khanepani/vendor/laravel/framework/src/Illuminate/Http/Middleware/ValidatePathEncoding.php(26): Illuminate/Pipeline/Pipeline->Illuminate/Pipeline/{closure}(Object(Illuminate/Http/Request))
#43 C:/Users/Lenovo/CascadeProjects/gunjannagar-khanepani/vendor/laravel/framework/src/Illuminate/Pipeline/Pipeline.php(219): Illuminate/Http/Middleware/ValidatePathEncoding->handle(Object(Illuminate/Http/Request), Object(Closure))
#44 C:/Users/Lenovo/CascadeProjects/gunjannagar-khanepani/vendor/laravel/framework/src/Illuminate/Pipeline/Pipeline.php(137): Illuminate/Pipeline/Pipeline->Illuminate/Pipeline/{closure}(Object(Illuminate/Http/Request))
#45 C:/Users/Lenovo/CascadeProjects/gunjannagar-khanepani/vendor/laravel/framework/src/Illuminate/Foundation/Http/Kernel.php(175): Illuminate/Pipeline/Pipeline->then(Object(Closure))
#46 C:/Users/Lenovo/CascadeProjects/gunjannagar-khanepani/vendor/laravel/framework/src/Illuminate/Foundation/Http/Kernel.php(144): Illuminate/Foundation/Http/Kernel->sendRequestThroughRouter(Object(Illuminate/Http/Request))
#47 C:/Users/Lenovo/CascadeProjects/gunjannagar-khanepani/public/index.php(17): Illuminate/Foundation/Http/Kernel->handle(Object(Illuminate/Http/Request))
#48 C:/Users/Lenovo/CascadeProjects/gunjannagar-khanepani/vendor/laravel/framework/src/Illuminate/Foundation/resources/server.php(23): require_once('C://Users//Lenovo...')
#49 {main}
"} 
[2026-08-15 19:33:34] local.ERROR: Route [login] not defined. {"exception":"[object] (Symfony\\Component\\Routing\\Exception\\RouteNotFoundException(code: 0): Route [login] not defined. at C:/Users/Lenovo/CascadeProjects/gunjannagar-khanepani/vendor/laravel/framework/src/Illuminate/Routing/UrlGenerator.php:536)
[stacktrace]
#0 C:/Users/Lenovo/CascadeProjects/gunjannagar-khanepani/vendor/laravel/framework/src/Illuminate/Foundation/helpers.php(870): Illuminate/Routing/UrlGenerator->route('login', Array, true)
#1 C:/Users/Lenovo/CascadeProjects/gunjannagar-khanepani/vendor/laravel/framework/src/Illuminate/Foundation/Configuration/ApplicationBuilder.php(278): route('login')
#2 [internal function]: Illuminate/Foundation/Configuration/ApplicationBuilder->Illuminate/Foundation/Configuration/{closure}(Object(Illuminate/Http/Request))
#3 C:/Users/Lenovo/CascadeProjects/gunjannagar-khanepani/vendor/laravel/framework/src/Illuminate/Auth/Middleware/Authenticate.php(117): call_user_func(Object(Closure), Object(Illuminate/Http/Request))
#4 C:/Users/Lenovo/CascadeProjects/gunjannagar-khanepani/vendor/laravel/framework/src/Illuminate/Auth/Middleware/Authenticate.php(104): Illuminate/Auth/Middleware/Authenticate->redirectTo(Object(Illuminate/Http/Request))
#5 C:/Users/Lenovo/CascadeProjects/gunjannagar-khanepani/vendor/laravel/framework/src/Illuminate/Auth/Middleware/Authenticate.php(87): Illuminate/Auth/Middleware/Authenticate->unauthenticated(Object(Illuminate/Http/Request), Array)
#6 C:/Users/Lenovo/CascadeProjects/gunjannagar-khanepani/vendor/laravel/framework/src/Illuminate/Auth/Middleware/Authenticate.php(61): Illuminate/Auth/Middleware/Authenticate->authenticate(Object(Illuminate/Http/Request), Array)
#7 C:/Users/Lenovo/CascadeProjects/gunjannagar-khanepani/vendor/laravel/framework/src/Illuminate/Pipeline/Pipeline.php(219): Illuminate/Auth/Middleware/Authenticate->handle(Object(Illuminate/Http/Request), Object(Closure))
#8 C:/Users/Lenovo/CascadeProjects/gunjannagar-khanepani/vendor/laravel/framework/src/Illuminate/Foundation/Http/Middleware/VerifyCsrfToken.php(87): Illuminate/Pipeline/Pipeline->Illuminate/Pipeline/{closure}(Object(Illuminate/Http/Request))
#9 C:/Users/Lenovo/CascadeProjects/gunjannagar-khanepani/vendor/laravel/framework/src/Illuminate/Pipeline/Pipeline.php(219): Illuminate/Foundation/Http/Middleware/VerifyCsrfToken->handle(Object(Illuminate/Http/Request), Object(Closure))
#10 C:/Users/Lenovo/CascadeProjects/gunjannagar-khanepani/vendor/laravel/framework/src/Illuminate/View/Middleware/ShareErrorsFromSession.php(48): Illuminate/Pipeline/Pipeline->Illuminate/Pipeline/{closure}(Object(Illuminate/Http/Request))
#11 C:/Users/Lenovo/CascadeProjects/gunjannagar-khanepani/vendor/laravel/framework/src/Illuminate/Pipeline/Pipeline.php(219): Illuminate/View/Middleware/ShareErrorsFromSession->handle(Object(Illuminate/Http/Request), Object(Closure))
#12 C:/Users/Lenovo/CascadeProjects/gunjannagar-khanepani/vendor/laravel/framework/src/Illuminate/Session/Middleware/StartSession.php(120): Illuminate/Pipeline/Pipeline->Illuminate/Pipeline/{closure}(Object(Illuminate/Http/Request))
#13 C:/Users/Lenovo/CascadeProjects/gunjannagar-khanepani/vendor/laravel/framework/src/Illuminate/Session/Middleware/StartSession.php(63): Illuminate/Session/Middleware/StartSession->handleStatefulRequest(Object(Illuminate/Http/Request), Object(Illuminate/Session/Store), Object(Closure))
#14 C:/Users/Lenovo/CascadeProjects/gunjannagar-khanepani/vendor/laravel/framework/src/Illuminate/Pipeline/Pipeline.php(219): Illuminate/Session/Middleware/StartSession->handle(Object(Illuminate/Http/Request), Object(Closure))
#15 C:/Users/Lenovo/CascadeProjects/gunjannagar-khanepani/vendor/laravel/framework/src/Illuminate/Cookie/Middleware/AddQueuedCookiesToResponse.php(36): Illuminate/Pipeline/Pipeline->Illuminate/Pipeline/{closure}(Object(Illuminate/Http/Request))
#16 C:/Users/Lenovo/CascadeProjects/gunjannagar-khanepani/vendor/laravel/framework/src/Illuminate/Pipeline/Pipeline.php(219): Illuminate/Cookie/Middleware/AddQueuedCookiesToResponse->handle(Object(Illuminate/Http/Request), Object(Closure))
#17 C:/Users/Lenovo/CascadeProjects/gunjannagar-khanepani/vendor/laravel/framework/src/Illuminate/Cookie/Middleware/EncryptCookies.php(74): Illuminate/Pipeline/Pipeline->Illuminate/Pipeline/{closure}(Object(Illuminate/Http/Request))
#18 C:/Users/Lenovo/CascadeProjects/gunjannagar-khanepani/vendor/laravel/framework/src/Illuminate/Pipeline/Pipeline.php(219): Illuminate/Cookie/Middleware/EncryptCookies->handle(Object(Illuminate/Http/Request), Object(Closure))
#19 C:/Users/Lenovo/CascadeProjects/gunjannagar-khanepani/vendor/laravel/framework/src/Illuminate/Pipeline/Pipeline.php(137): Illuminate/Pipeline/Pipeline->Illuminate/Pipeline/{closure}(Object(Illuminate/Http/Request))
#20 C:/Users/Lenovo/CascadeProjects/gunjannagar-khanepani/vendor/laravel/framework/src/Illuminate/Routing/Router.php(821): Illuminate/Pipeline/Pipeline->then(Object(Closure))
#21 C:/Users/Lenovo/CascadeProjects/gunjannagar-khanepani/vendor/laravel/framework/src/Illuminate/Routing/Router.php(800): Illuminate/Routing/Router->runRouteWithinStack(Object(Illuminate/Routing/Route), Object(Illuminate/Http/Request))
#22 C:/Users/Lenovo/CascadeProjects/gunjannagar-khanepani/vendor/laravel/framework/src/Illuminate/Routing/Router.php(764): Illuminate/Routing/Router->runRoute(Object(Illuminate/Http/Request), Object(Illuminate/Routing/Route))
#23 C:/Users/Lenovo/CascadeProjects/gunjannagar-khanepani/vendor/laravel/framework/src/Illuminate/Routing/Router.php(753): Illuminate/Routing/Router->dispatchToRoute(Object(Illuminate/Http/Request))
#24 C:/Users/Lenovo/CascadeProjects/gunjannagar-khanepani/vendor/laravel/framework/src/Illuminate/Foundation/Http/Kernel.php(200): Illuminate/Routing/Router->dispatch(Object(Illuminate/Http/Request))
#25 C:/Users/Lenovo/CascadeProjects/gunjannagar-khanepani/vendor/laravel/framework/src/Illuminate/Pipeline/Pipeline.php(180): Illuminate/Foundation/Http/Kernel->Illuminate/Foundation/Http/{closure}(Object(Illuminate/Http/Request))
#26 C:/Users/Lenovo/CascadeProjects/gunjannagar-khanepani/vendor/laravel/framework/src/Illuminate/Foundation/Http/Middleware/TransformsRequest.php(21): Illuminate/Pipeline/Pipeline->Illuminate/Pipeline/{closure}(Object(Illuminate/Http/Request))
#27 C:/Users/Lenovo/CascadeProjects/gunjannagar-khanepani/vendor/laravel/framework/src/Illuminate/Foundation/Http/Middleware/ConvertEmptyStringsToNull.php(31): Illuminate/Foundation/Http/Middleware/TransformsRequest->handle(Object(Illuminate/Http/Request), Object(Closure))
#28 C:/Users/Lenovo/CascadeProjects/gunjannagar-khanepani/vendor/laravel/framework/src/Illuminate/Pipeline/Pipeline.php(219): Illuminate/Foundation/Http/Middleware/ConvertEmptyStringsToNull->handle(Object(Illuminate/Http/Request), Object(Closure))
#29 C:/Users/Lenovo/CascadeProjects/gunjannagar-khanepani/vendor/laravel/framework/src/Illuminate/Foundation/Http/Middleware/TransformsRequest.php(21): Illuminate/Pipeline/Pipeline->Illuminate/Pipeline/{closure}(Object(Illuminate/Http/Request))
#30 C:/Users/Lenovo/CascadeProjects/gunjannagar-khanepani/vendor/laravel/framework/src/Illuminate/Foundation/Http/Middleware/TrimStrings.php(51): Illuminate/Foundation/Http/Middleware/TransformsRequest->handle(Object(Illuminate/Http/Request), Object(Closure))
#31 C:/Users/Lenovo/CascadeProjects/gunjannagar-khanepani/vendor/laravel/framework/src/Illuminate/Pipeline/Pipeline.php(219): Illuminate/Foundation/Http/Middleware/TrimStrings->handle(Object(Illuminate/Http/Request), Object(Closure))
#32 C:/Users/Lenovo/CascadeProjects/gunjannagar-khanepani/vendor/laravel/framework/src/Illuminate/Http/Middleware/ValidatePostSize.php(27): Illuminate/Pipeline/Pipeline->Illuminate/Pipeline/{closure}(Object(Illuminate/Http/Request))
#33 C:/Users/Lenovo/CascadeProjects/gunjannagar-khanepani/vendor/laravel/framework/src/Illuminate/Pipeline/Pipeline.php(219): Illuminate/Http/Middleware/ValidatePostSize->handle(Object(Illuminate/Http/Request), Object(Closure))
#34 C:/Users/Lenovo/CascadeProjects/gunjannagar-khanepani/vendor/laravel/framework/src/Illuminate/Foundation/Http/Middleware/PreventRequestsDuringMaintenance.php(109): Illuminate/Pipeline/Pipeline->Illuminate/Pipeline/{closure}(Object(Illuminate/Http/Request))
#35 C:/Users/Lenovo/CascadeProjects/gunjannagar-khanepani/vendor/laravel/framework/src/Illuminate/Pipeline/Pipeline.php(219): Illuminate/Foundation/Http/Middleware/PreventRequestsDuringMaintenance->handle(Object(Illuminate/Http/Request), Object(Closure))
#36 C:/Users/Lenovo/CascadeProjects/gunjannagar-khanepani/vendor/laravel/framework/src/Illuminate/Http/Middleware/HandleCors.php(61): Illuminate/Pipeline/Pipeline->Illuminate/Pipeline/{closure}(Object(Illuminate/Http/Request))
#37 C:/Users/Lenovo/CascadeProjects/gunjannagar-khanepani/vendor/laravel/framework/src/Illuminate/Pipeline/Pipeline.php(219): Illuminate/Http/Middleware/HandleCors->handle(Object(Illuminate/Http/Request), Object(Closure))
#38 C:/Users/Lenovo/CascadeProjects/gunjannagar-khanepani/vendor/laravel/framework/src/Illuminate/Http/Middleware/TrustProxies.php(58): Illuminate/Pipeline/Pipeline->Illuminate/Pipeline/{closure}(Object(Illuminate/Http/Request))
#39 C:/Users/Lenovo/CascadeProjects/gunjannagar-khanepani/vendor/laravel/framework/src/Illuminate/Pipeline/Pipeline.php(219): Illuminate/Http/Middleware/TrustProxies->handle(Object(Illuminate/Http/Request), Object(Closure))
#40 C:/Users/Lenovo/CascadeProjects/gunjannagar-khanepani/vendor/laravel/framework/src/Illuminate/Foundation/Http/Middleware/InvokeDeferredCallbacks.php(22): Illuminate/Pipeline/Pipeline->Illuminate/Pipeline/{closure}(Object(Illuminate/Http/Request))
#41 C:/Users/Lenovo/CascadeProjects/gunjannagar-khanepani/vendor/laravel/framework/src/Illuminate/Pipeline/Pipeline.php(219): Illuminate/Foundation/Http/Middleware/InvokeDeferredCallbacks->handle(Object(Illuminate/Http/Request), Object(Closure))
#42 C:/Users/Lenovo/CascadeProjects/gunjannagar-khanepani/vendor/laravel/framework/src/Illuminate/Http/Middleware/ValidatePathEncoding.php(26): Illuminate/Pipeline/Pipeline->Illuminate/Pipeline/{closure}(Object(Illuminate/Http/Request))
#43 C:/Users/Lenovo/CascadeProjects/gunjannagar-khanepani/vendor/laravel/framework/src/Illuminate/Pipeline/Pipeline.php(219): Illuminate/Http/Middleware/ValidatePathEncoding->handle(Object(Illuminate/Http/Request), Object(Closure))
#44 C:/Users/Lenovo/CascadeProjects/gunjannagar-khanepani/vendor/laravel/framework/src/Illuminate/Pipeline/Pipeline.php(137): Illuminate/Pipeline/Pipeline->Illuminate/Pipeline/{closure}(Object(Illuminate/Http/Request))
#45 C:/Users/Lenovo/CascadeProjects/gunjannagar-khanepani/vendor/laravel/framework/src/Illuminate/Foundation/Http/Kernel.php(175): Illuminate/Pipeline/Pipeline->then(Object(Closure))
#46 C:/Users/Lenovo/CascadeProjects/gunjannagar-khanepani/vendor/laravel/framework/src/Illuminate/Foundation/Http/Kernel.php(144): Illuminate/Foundation/Http/Kernel->sendRequestThroughRouter(Object(Illuminate/Http/Request))
#47 C:/Users/Lenovo/CascadeProjects/gunjannagar-khanepani/public/index.php(17): Illuminate/Foundation/Http/Kernel->handle(Object(Illuminate/Http/Request))
#48 C:/Users/Lenovo/CascadeProjects/gunjannagar-khanepani/vendor/laravel/framework/src/Illuminate/Foundation/resources/server.php(23): require_once('C://Users//Lenovo...')
#49 {main}
"} 
[2026-08-15 19:33:56] local.ERROR: Route [login] not defined. {"exception":"[object] (Symfony\\Component\\Routing\\Exception\\RouteNotFoundException(code: 0): Route [login] not defined. at C:/Users/Lenovo/CascadeProjects/gunjannagar-khanepani/vendor/laravel/framework/src/Illuminate/Routing/UrlGenerator.php:536)
[stacktrace]
#0 C:/Users/Lenovo/CascadeProjects/gunjannagar-khanepani/vendor/laravel/framework/src/Illuminate/Foundation/helpers.php(870): Illuminate/Routing/UrlGenerator->route('login', Array, true)
#1 C:/Users/Lenovo/CascadeProjects/gunjannagar-khanepani/vendor/laravel/framework/src/Illuminate/Foundation/Configuration/ApplicationBuilder.php(278): route('login')
#2 [internal function]: Illuminate/Foundation/Configuration/ApplicationBuilder->Illuminate/Foundation/Configuration/{closure}(Object(Illuminate/Http/Request))
#3 C:/Users/Lenovo/CascadeProjects/gunjannagar-khanepani/vendor/laravel/framework/src/Illuminate/Auth/Middleware/Authenticate.php(117): call_user_func(Object(Closure), Object(Illuminate/Http/Request))
#4 C:/Users/Lenovo/CascadeProjects/gunjannagar-khanepani/vendor/laravel/framework/src/Illuminate/Auth/Middleware/Authenticate.php(104): Illuminate/Auth/Middleware/Authenticate->redirectTo(Object(Illuminate/Http/Request))
#5 C:/Users/Lenovo/CascadeProjects/gunjannagar-khanepani/vendor/laravel/framework/src/Illuminate/Auth/Middleware/Authenticate.php(87): Illuminate/Auth/Middleware/Authenticate->unauthenticated(Object(Illuminate/Http/Request), Array)
#6 C:/Users/Lenovo/CascadeProjects/gunjannagar-khanepani/vendor/laravel/framework/src/Illuminate/Auth/Middleware/Authenticate.php(61): Illuminate/Auth/Middleware/Authenticate->authenticate(Object(Illuminate/Http/Request), Array)
#7 C:/Users/Lenovo/CascadeProjects/gunjannagar-khanepani/vendor/laravel/framework/src/Illuminate/Pipeline/Pipeline.php(219): Illuminate/Auth/Middleware/Authenticate->handle(Object(Illuminate/Http/Request), Object(Closure))
#8 C:/Users/Lenovo/CascadeProjects/gunjannagar-khanepani/vendor/laravel/framework/src/Illuminate/Foundation/Http/Middleware/VerifyCsrfToken.php(87): Illuminate/Pipeline/Pipeline->Illuminate/Pipeline/{closure}(Object(Illuminate/Http/Request))
#9 C:/Users/Lenovo/CascadeProjects/gunjannagar-khanepani/vendor/laravel/framework/src/Illuminate/Pipeline/Pipeline.php(219): Illuminate/Foundation/Http/Middleware/VerifyCsrfToken->handle(Object(Illuminate/Http/Request), Object(Closure))
#10 C:/Users/Lenovo/CascadeProjects/gunjannagar-khanepani/vendor/laravel/framework/src/Illuminate/View/Middleware/ShareErrorsFromSession.php(48): Illuminate/Pipeline/Pipeline->Illuminate/Pipeline/{closure}(Object(Illuminate/Http/Request))
#11 C:/Users/Lenovo/CascadeProjects/gunjannagar-khanepani/vendor/laravel/framework/src/Illuminate/Pipeline/Pipeline.php(219): Illuminate/View/Middleware/ShareErrorsFromSession->handle(Object(Illuminate/Http/Request), Object(Closure))
#12 C:/Users/Lenovo/CascadeProjects/gunjannagar-khanepani/vendor/laravel/framework/src/Illuminate/Session/Middleware/StartSession.php(120): Illuminate/Pipeline/Pipeline->Illuminate/Pipeline/{closure}(Object(Illuminate/Http/Request))
#13 C:/Users/Lenovo/CascadeProjects/gunjannagar-khanepani/vendor/laravel/framework/src/Illuminate/Session/Middleware/StartSession.php(63): Illuminate/Session/Middleware/StartSession->handleStatefulRequest(Object(Illuminate/Http/Request), Object(Illuminate/Session/Store), Object(Closure))
#14 C:/Users/Lenovo/CascadeProjects/gunjannagar-khanepani/vendor/laravel/framework/src/Illuminate/Pipeline/Pipeline.php(219): Illuminate/Session/Middleware/StartSession->handle(Object(Illuminate/Http/Request), Object(Closure))
#15 C:/Users/Lenovo/CascadeProjects/gunjannagar-khanepani/vendor/laravel/framework/src/Illuminate/Cookie/Middleware/AddQueuedCookiesToResponse.php(36): Illuminate/Pipeline/Pipeline->Illuminate/Pipeline/{closure}(Object(Illuminate/Http/Request))
#16 C:/Users/Lenovo/CascadeProjects/gunjannagar-khanepani/vendor/laravel/framework/src/Illuminate/Pipeline/Pipeline.php(219): Illuminate/Cookie/Middleware/AddQueuedCookiesToResponse->handle(Object(Illuminate/Http/Request), Object(Closure))
#17 C:/Users/Lenovo/CascadeProjects/gunjannagar-khanepani/vendor/laravel/framework/src/Illuminate/Cookie/Middleware/EncryptCookies.php(74): Illuminate/Pipeline/Pipeline->Illuminate/Pipeline/{closure}(Object(Illuminate/Http/Request))
#18 C:/Users/Lenovo/CascadeProjects/gunjannagar-khanepani/vendor/laravel/framework/src/Illuminate/Pipeline/Pipeline.php(219): Illuminate/Cookie/Middleware/EncryptCookies->handle(Object(Illuminate/Http/Request), Object(Closure))
#19 C:/Users/Lenovo/CascadeProjects/gunjannagar-khanepani/vendor/laravel/framework/src/Illuminate/Pipeline/Pipeline.php(137): Illuminate/Pipeline/Pipeline->Illuminate/Pipeline/{closure}(Object(Illuminate/Http/Request))
#20 C:/Users/Lenovo/CascadeProjects/gunjannagar-khanepani/vendor/laravel/framework/src/Illuminate/Routing/Router.php(821): Illuminate/Pipeline/Pipeline->then(Object(Closure))
#21 C:/Users/Lenovo/CascadeProjects/gunjannagar-khanepani/vendor/laravel/framework/src/Illuminate/Routing/Router.php(800): Illuminate/Routing/Router->runRouteWithinStack(Object(Illuminate/Routing/Route), Object(Illuminate/Http/Request))
#22 C:/Users/Lenovo/CascadeProjects/gunjannagar-khanepani/vendor/laravel/framework/src/Illuminate/Routing/Router.php(764): Illuminate/Routing/Router->runRoute(Object(Illuminate/Http/Request), Object(Illuminate/Routing/Route))
#23 C:/Users/Lenovo/CascadeProjects/gunjannagar-khanepani/vendor/laravel/framework/src/Illuminate/Routing/Router.php(753): Illuminate/Routing/Router->dispatchToRoute(Object(Illuminate/Http/Request))
#24 C:/Users/Lenovo/CascadeProjects/gunjannagar-khanepani/vendor/laravel/framework/src/Illuminate/Foundation/Http/Kernel.php(200): Illuminate/Routing/Router->dispatch(Object(Illuminate/Http/Request))
#25 C:/Users/Lenovo/CascadeProjects/gunjannagar-khanepani/vendor/laravel/framework/src/Illuminate/Pipeline/Pipeline.php(180): Illuminate/Foundation/Http/Kernel->Illuminate/Foundation/Http/{closure}(Object(Illuminate/Http/Request))
#26 C:/Users/Lenovo/CascadeProjects/gunjannagar-khanepani/vendor/laravel/framework/src/Illuminate/Foundation/Http/Middleware/TransformsRequest.php(21): Illuminate/Pipeline/Pipeline->Illuminate/Pipeline/{closure}(Object(Illuminate/Http/Request))
#27 C:/Users/Lenovo/CascadeProjects/gunjannagar-khanepani/vendor/laravel/framework/src/Illuminate/Foundation/Http/Middleware/ConvertEmptyStringsToNull.php(31): Illuminate/Foundation/Http/Middleware/TransformsRequest->handle(Object(Illuminate/Http/Request), Object(Closure))
#28 C:/Users/Lenovo/CascadeProjects/gunjannagar-khanepani/vendor/laravel/framework/src/Illuminate/Pipeline/Pipeline.php(219): Illuminate/Foundation/Http/Middleware/ConvertEmptyStringsToNull->handle(Object(Illuminate/Http/Request), Object(Closure))
#29 C:/Users/Lenovo/CascadeProjects/gunjannagar-khanepani/vendor/laravel/framework/src/Illuminate/Foundation/Http/Middleware/TransformsRequest.php(21): Illuminate/Pipeline/Pipeline->Illuminate/Pipeline/{closure}(Object(Illuminate/Http/Request))
#30 C:/Users/Lenovo/CascadeProjects/gunjannagar-khanepani/vendor/laravel/framework/src/Illuminate/Foundation/Http/Middleware/TrimStrings.php(51): Illuminate/Foundation/Http/Middleware/TransformsRequest->handle(Object(Illuminate/Http/Request), Object(Closure))
#31 C:/Users/Lenovo/CascadeProjects/gunjannagar-khanepani/vendor/laravel/framework/src/Illuminate/Pipeline/Pipeline.php(219): Illuminate/Foundation/Http/Middleware/TrimStrings->handle(Object(Illuminate/Http/Request), Object(Closure))
#32 C:/Users/Lenovo/CascadeProjects/gunjannagar-khanepani/vendor/laravel/framework/src/Illuminate/Http/Middleware/ValidatePostSize.php(27): Illuminate/Pipeline/Pipeline->Illuminate/Pipeline/{closure}(Object(Illuminate/Http/Request))
#33 C:/Users/Lenovo/CascadeProjects/gunjannagar-khanepani/vendor/laravel/framework/src/Illuminate/Pipeline/Pipeline.php(219): Illuminate/Http/Middleware/ValidatePostSize->handle(Object(Illuminate/Http/Request), Object(Closure))
#34 C:/Users/Lenovo/CascadeProjects/gunjannagar-khanepani/vendor/laravel/framework/src/Illuminate/Foundation/Http/Middleware/PreventRequestsDuringMaintenance.php(109): Illuminate/Pipeline/Pipeline->Illuminate/Pipeline/{closure}(Object(Illuminate/Http/Request))
#35 C:/Users/Lenovo/CascadeProjects/gunjannagar-khanepani/vendor/laravel/framework/src/Illuminate/Pipeline/Pipeline.php(219): Illuminate/Foundation/Http/Middleware/PreventRequestsDuringMaintenance->handle(Object(Illuminate/Http/Request), Object(Closure))
#36 C:/Users/Lenovo/CascadeProjects/gunjannagar-khanepani/vendor/laravel/framework/src/Illuminate/Http/Middleware/HandleCors.php(61): Illuminate/Pipeline/Pipeline->Illuminate/Pipeline/{closure}(Object(Illuminate/Http/Request))
#37 C:/Users/Lenovo/CascadeProjects/gunjannagar-khanepani/vendor/laravel/framework/src/Illuminate/Pipeline/Pipeline.php(219): Illuminate/Http/Middleware/HandleCors->handle(Object(Illuminate/Http/Request), Object(Closure))
#38 C:/Users/Lenovo/CascadeProjects/gunjannagar-khanepani/vendor/laravel/framework/src/Illuminate/Http/Middleware/TrustProxies.php(58): Illuminate/Pipeline/Pipeline->Illuminate/Pipeline/{closure}(Object(Illuminate/Http/Request))
#39 C:/Users/Lenovo/CascadeProjects/gunjannagar-khanepani/vendor/laravel/framework/src/Illuminate/Pipeline/Pipeline.php(219): Illuminate/Http/Middleware/TrustProxies->handle(Object(Illuminate/Http/Request), Object(Closure))
#40 C:/Users/Lenovo/CascadeProjects/gunjannagar-khanepani/vendor/laravel/framework/src/Illuminate/Foundation/Http/Middleware/InvokeDeferredCallbacks.php(22): Illuminate/Pipeline/Pipeline->Illuminate/Pipeline/{closure}(Object(Illuminate/Http/Request))
#41 C:/Users/Lenovo/CascadeProjects/gunjannagar-khanepani/vendor/laravel/framework/src/Illuminate/Pipeline/Pipeline.php(219): Illuminate/Foundation/Http/Middleware/InvokeDeferredCallbacks->handle(Object(Illuminate/Http/Request), Object(Closure))
#42 C:/Users/Lenovo/CascadeProjects/gunjannagar-khanepani/vendor/laravel/framework/src/Illuminate/Http/Middleware/ValidatePathEncoding.php(26): Illuminate/Pipeline/Pipeline->Illuminate/Pipeline/{closure}(Object(Illuminate/Http/Request))
#43 C:/Users/Lenovo/CascadeProjects/gunjannagar-khanepani/vendor/laravel/framework/src/Illuminate/Pipeline/Pipeline.php(219): Illuminate/Http/Middleware/ValidatePathEncoding->handle(Object(Illuminate/Http/Request), Object(Closure))
#44 C:/Users/Lenovo/CascadeProjects/gunjannagar-khanepani/vendor/laravel/framework/src/Illuminate/Pipeline/Pipeline.php(137): Illuminate/Pipeline/Pipeline->Illuminate/Pipeline/{closure}(Object(Illuminate/Http/Request))
#45 C:/Users/Lenovo/CascadeProjects/gunjannagar-khanepani/vendor/laravel/framework/src/Illuminate/Foundation/Http/Kernel.php(175): Illuminate/Pipeline/Pipeline->then(Object(Closure))
#46 C:/Users/Lenovo/CascadeProjects/gunjannagar-khanepani/vendor/laravel/framework/src/Illuminate/Foundation/Http/Kernel.php(144): Illuminate/Foundation/Http/Kernel->sendRequestThroughRouter(Object(Illuminate/Http/Request))
#47 C:/Users/Lenovo/CascadeProjects/gunjannagar-khanepani/public/index.php(17): Illuminate/Foundation/Http/Kernel->handle(Object(Illuminate/Http/Request))
#48 C:/Users/Lenovo/CascadeProjects/gunjannagar-khanepani/vendor/laravel/framework/src/Illuminate/Foundation/resources/server.php(23): require_once('C://Users//Lenovo...')
#49 {main}
"} 
[2026-08-15 19:37:20] local.ERROR: Class "Str" not found {"userId":1,"exception":"[object] (Spatie\\LaravelIgnition\\Exceptions\\ViewException(code: 0): Class \"Str\" not found at C:/Users/Lenovo/CascadeProjects/gunjannagar-khanepani/resources/views/admin/services/index.blade.php:31)
[stacktrace]
#0 C:/Users/Lenovo/CascadeProjects/gunjannagar-khanepani/vendor/laravel/framework/src/Illuminate/Filesystem/Filesystem.php(123): require()
#1 C:/Users/Lenovo/CascadeProjects/gunjannagar-khanepani/vendor/laravel/framework/src/Illuminate/Filesystem/Filesystem.php(124): Illuminate/Filesystem/Filesystem::Illuminate/Filesystem/{closure}()
#2 C:/Users/Lenovo/CascadeProjects/gunjannagar-khanepani/vendor/laravel/framework/src/Illuminate/View/Engines/PhpEngine.php(57): Illuminate/Filesystem/Filesystem->getRequire('C://Users//Lenovo...', Array)
#3 C:/Users/Lenovo/CascadeProjects/gunjannagar-khanepani/vendor/laravel/framework/src/Illuminate/View/Engines/CompilerEngine.php(76): Illuminate/View/Engines/PhpEngine->evaluatePath('C://Users//Lenovo...', Array)
#4 C:/Users/Lenovo/CascadeProjects/gunjannagar-khanepani/vendor/laravel/framework/src/Illuminate/View/View.php(208): Illuminate/View/Engines/CompilerEngine->get('C://Users//Lenovo...', Array)
#5 C:/Users/Lenovo/CascadeProjects/gunjannagar-khanepani/vendor/laravel/framework/src/Illuminate/View/View.php(191): Illuminate/View/View->getContents()
#6 C:/Users/Lenovo/CascadeProjects/gunjannagar-khanepani/vendor/laravel/framework/src/Illuminate/View/View.php(160): Illuminate/View/View->renderContents()
#7 C:/Users/Lenovo/CascadeProjects/gunjannagar-khanepani/vendor/laravel/framework/src/Illuminate/Http/Response.php(78): Illuminate/View/View->render()
#8 C:/Users/Lenovo/CascadeProjects/gunjannagar-khanepani/vendor/laravel/framework/src/Illuminate/Http/Response.php(34): Illuminate/Http/Response->setContent(Object(Illuminate/View/View))
#9 C:/Users/Lenovo/CascadeProjects/gunjannagar-khanepani/vendor/laravel/framework/src/Illuminate/Routing/Router.php(939): Illuminate/Http/Response->__construct(Object(Illuminate/View/View), 200, Array)
#10 C:/Users/Lenovo/CascadeProjects/gunjannagar-khanepani/vendor/laravel/framework/src/Illuminate/Routing/Router.php(906): Illuminate/Routing/Router::toResponse(Object(Illuminate/Http/Request), Object(Illuminate/View/View))
#11 C:/Users/Lenovo/CascadeProjects/gunjannagar-khanepani/vendor/laravel/framework/src/Illuminate/Routing/Router.php(821): Illuminate/Routing/Router->prepareResponse(Object(Illuminate/Http/Request), Object(Illuminate/View/View))
#12 C:/Users/Lenovo/CascadeProjects/gunjannagar-khanepani/vendor/laravel/framework/src/Illuminate/Pipeline/Pipeline.php(180): Illuminate/Routing/Router->Illuminate/Routing/{closure}(Object(Illuminate/Http/Request))
#13 C:/Users/Lenovo/CascadeProjects/gunjannagar-khanepani/vendor/laravel/framework/src/Illuminate/Routing/Middleware/SubstituteBindings.php(50): Illuminate/Pipeline/Pipeline->Illuminate/Pipeline/{closure}(Object(Illuminate/Http/Request))
#14 C:/Users/Lenovo/CascadeProjects/gunjannagar-khanepani/vendor/laravel/framework/src/Illuminate/Pipeline/Pipeline.php(219): Illuminate/Routing/Middleware/SubstituteBindings->handle(Object(Illuminate/Http/Request), Object(Closure))
#15 C:/Users/Lenovo/CascadeProjects/gunjannagar-khanepani/vendor/laravel/framework/src/Illuminate/Auth/Middleware/Authenticate.php(63): Illuminate/Pipeline/Pipeline->Illuminate/Pipeline/{closure}(Object(Illuminate/Http/Request))
#16 C:/Users/Lenovo/CascadeProjects/gunjannagar-khanepani/vendor/laravel/framework/src/Illuminate/Pipeline/Pipeline.php(219): Illuminate/Auth/Middleware/Authenticate->handle(Object(Illuminate/Http/Request), Object(Closure))
#17 C:/Users/Lenovo/CascadeProjects/gunjannagar-khanepani/vendor/laravel/framework/src/Illuminate/Foundation/Http/Middleware/VerifyCsrfToken.php(87): Illuminate/Pipeline/Pipeline->Illuminate/Pipeline/{closure}(Object(Illuminate/Http/Request))
#18 C:/Users/Lenovo/CascadeProjects/gunjannagar-khanepani/vendor/laravel/framework/src/Illuminate/Pipeline/Pipeline.php(219): Illuminate/Foundation/Http/Middleware/VerifyCsrfToken->handle(Object(Illuminate/Http/Request), Object(Closure))
#19 C:/Users/Lenovo/CascadeProjects/gunjannagar-khanepani/vendor/laravel/framework/src/Illuminate/View/Middleware/ShareErrorsFromSession.php(48): Illuminate/Pipeline/Pipeline->Illuminate/Pipeline/{closure}(Object(Illuminate/Http/Request))
#20 C:/Users/Lenovo/CascadeProjects/gunjannagar-khanepani/vendor/laravel/framework/src/Illuminate/Pipeline/Pipeline.php(219): Illuminate/View/Middleware/ShareErrorsFromSession->handle(Object(Illuminate/Http/Request), Object(Closure))
#21 C:/Users/Lenovo/CascadeProjects/gunjannagar-khanepani/vendor/laravel/framework/src/Illuminate/Session/Middleware/StartSession.php(120): Illuminate/Pipeline/Pipeline->Illuminate/Pipeline/{closure}(Object(Illuminate/Http/Request))
#22 C:/Users/Lenovo/CascadeProjects/gunjannagar-khanepani/vendor/laravel/framework/src/Illuminate/Session/Middleware/StartSession.php(63): Illuminate/Session/Middleware/StartSession->handleStatefulRequest(Object(Illuminate/Http/Request), Object(Illuminate/Session/Store), Object(Closure))
#23 C:/Users/Lenovo/CascadeProjects/gunjannagar-khanepani/vendor/laravel/framework/src/Illuminate/Pipeline/Pipeline.php(219): Illuminate/Session/Middleware/StartSession->handle(Object(Illuminate/Http/Request), Object(Closure))
#24 C:/Users/Lenovo/CascadeProjects/gunjannagar-khanepani/vendor/laravel/framework/src/Illuminate/Cookie/Middleware/AddQueuedCookiesToResponse.php(36): Illuminate/Pipeline/Pipeline->Illuminate/Pipeline/{closure}(Object(Illuminate/Http/Request))
#25 C:/Users/Lenovo/CascadeProjects/gunjannagar-khanepani/vendor/laravel/framework/src/Illuminate/Pipeline/Pipeline.php(219): Illuminate/Cookie/Middleware/AddQueuedCookiesToResponse->handle(Object(Illuminate/Http/Request), Object(Closure))
#26 C:/Users/Lenovo/CascadeProjects/gunjannagar-khanepani/vendor/laravel/framework/src/Illuminate/Cookie/Middleware/EncryptCookies.php(74): Illuminate/Pipeline/Pipeline->Illuminate/Pipeline/{closure}(Object(Illuminate/Http/Request))
#27 C:/Users/Lenovo/CascadeProjects/gunjannagar-khanepani/vendor/laravel/framework/src/Illuminate/Pipeline/Pipeline.php(219): Illuminate/Cookie/Middleware/EncryptCookies->handle(Object(Illuminate/Http/Request), Object(Closure))
#28 C:/Users/Lenovo/CascadeProjects/gunjannagar-khanepani/vendor/laravel/framework/src/Illuminate/Pipeline/Pipeline.php(137): Illuminate/Pipeline/Pipeline->Illuminate/Pipeline/{closure}(Object(Illuminate/Http/Request))
#29 C:/Users/Lenovo/CascadeProjects/gunjannagar-khanepani/vendor/laravel/framework/src/Illuminate/Routing/Router.php(821): Illuminate/Pipeline/Pipeline->then(Object(Closure))
#30 C:/Users/Lenovo/CascadeProjects/gunjannagar-khanepani/vendor/laravel/framework/src/Illuminate/Routing/Router.php(800): Illuminate/Routing/Router->runRouteWithinStack(Object(Illuminate/Routing/Route), Object(Illuminate/Http/Request))
#31 C:/Users/Lenovo/CascadeProjects/gunjannagar-khanepani/vendor/laravel/framework/src/Illuminate/Routing/Router.php(764): Illuminate/Routing/Router->runRoute(Object(Illuminate/Http/Request), Object(Illuminate/Routing/Route))
#32 C:/Users/Lenovo/CascadeProjects/gunjannagar-khanepani/vendor/laravel/framework/src/Illuminate/Routing/Router.php(753): Illuminate/Routing/Router->dispatchToRoute(Object(Illuminate/Http/Request))
#33 C:/Users/Lenovo/CascadeProjects/gunjannagar-khanepani/vendor/laravel/framework/src/Illuminate/Foundation/Http/Kernel.php(200): Illuminate/Routing/Router->dispatch(Object(Illuminate/Http/Request))
#34 C:/Users/Lenovo/CascadeProjects/gunjannagar-khanepani/vendor/laravel/framework/src/Illuminate/Pipeline/Pipeline.php(180): Illuminate/Foundation/Http/Kernel->Illuminate/Foundation/Http/{closure}(Object(Illuminate/Http/Request))
#35 C:/Users/Lenovo/CascadeProjects/gunjannagar-khanepani/vendor/laravel/framework/src/Illuminate/Foundation/Http/Middleware/TransformsRequest.php(21): Illuminate/Pipeline/Pipeline->Illuminate/Pipeline/{closure}(Object(Illuminate/Http/Request))
#36 C:/Users/Lenovo/CascadeProjects/gunjannagar-khanepani/vendor/laravel/framework/src/Illuminate/Foundation/Http/Middleware/ConvertEmptyStringsToNull.php(31): Illuminate/Foundation/Http/Middleware/TransformsRequest->handle(Object(Illuminate/Http/Request), Object(Closure))
#37 C:/Users/Lenovo/CascadeProjects/gunjannagar-khanepani/vendor/laravel/framework/src/Illuminate/Pipeline/Pipeline.php(219): Illuminate/Foundation/Http/Middleware/ConvertEmptyStringsToNull->handle(Object(Illuminate/Http/Request), Object(Closure))
#38 C:/Users/Lenovo/CascadeProjects/gunjannagar-khanepani/vendor/laravel/framework/src/Illuminate/Foundation/Http/Middleware/TransformsRequest.php(21): Illuminate/Pipeline/Pipeline->Illuminate/Pipeline/{closure}(Object(Illuminate/Http/Request))
#39 C:/Users/Lenovo/CascadeProjects/gunjannagar-khanepani/vendor/laravel/framework/src/Illuminate/Foundation/Http/Middleware/TrimStrings.php(51): Illuminate/Foundation/Http/Middleware/TransformsRequest->handle(Object(Illuminate/Http/Request), Object(Closure))
#40 C:/Users/Lenovo/CascadeProjects/gunjannagar-khanepani/vendor/laravel/framework/src/Illuminate/Pipeline/Pipeline.php(219): Illuminate/Foundation/Http/Middleware/TrimStrings->handle(Object(Illuminate/Http/Request), Object(Closure))
#41 C:/Users/Lenovo/CascadeProjects/gunjannagar-khanepani/vendor/laravel/framework/src/Illuminate/Http/Middleware/ValidatePostSize.php(27): Illuminate/Pipeline/Pipeline->Illuminate/Pipeline/{closure}(Object(Illuminate/Http/Request))
#42 C:/Users/Lenovo/CascadeProjects/gunjannagar-khanepani/vendor/laravel/framework/src/Illuminate/Pipeline/Pipeline.php(219): Illuminate/Http/Middleware/ValidatePostSize->handle(Object(Illuminate/Http/Request), Object(Closure))
#43 C:/Users/Lenovo/CascadeProjects/gunjannagar-khanepani/vendor/laravel/framework/src/Illuminate/Foundation/Http/Middleware/PreventRequestsDuringMaintenance.php(109): Illuminate/Pipeline/Pipeline->Illuminate/Pipeline/{closure}(Object(Illuminate/Http/Request))
#44 C:/Users/Lenovo/CascadeProjects/gunjannagar-khanepani/vendor/laravel/framework/src/Illuminate/Pipeline/Pipeline.php(219): Illuminate/Foundation/Http/Middleware/PreventRequestsDuringMaintenance->handle(Object(Illuminate/Http/Request), Object(Closure))
#45 C:/Users/Lenovo/CascadeProjects/gunjannagar-khanepani/vendor/laravel/framework/src/Illuminate/Http/Middleware/HandleCors.php(61): Illuminate/Pipeline/Pipeline->Illuminate/Pipeline/{closure}(Object(Illuminate/Http/Request))
#46 C:/Users/Lenovo/CascadeProjects/gunjannagar-khanepani/vendor/laravel/framework/src/Illuminate/Pipeline/Pipeline.php(219): Illuminate/Http/Middleware/HandleCors->handle(Object(Illuminate/Http/Request), Object(Closure))
#47 C:/Users/Lenovo/CascadeProjects/gunjannagar-khanepani/vendor/laravel/framework/src/Illuminate/Http/Middleware/TrustProxies.php(58): Illuminate/Pipeline/Pipeline->Illuminate/Pipeline/{closure}(Object(Illuminate/Http/Request))
#48 C:/Users/Lenovo/CascadeProjects/gunjannagar-khanepani/vendor/laravel/framework/src/Illuminate/Pipeline/Pipeline.php(219): Illuminate/Http/Middleware/TrustProxies->handle(Object(Illuminate/Http/Request), Object(Closure))
#49 C:/Users/Lenovo/CascadeProjects/gunjannagar-khanepani/vendor/laravel/framework/src/Illuminate/Foundation/Http/Middleware/InvokeDeferredCallbacks.php(22): Illuminate/Pipeline/Pipeline->Illuminate/Pipeline/{closure}(Object(Illuminate/Http/Request))
#50 C:/Users/Lenovo/CascadeProjects/gunjannagar-khanepani/vendor/laravel/framework/src/Illuminate/Pipeline/Pipeline.php(219): Illuminate/Foundation/Http/Middleware/InvokeDeferredCallbacks->handle(Object(Illuminate/Http/Request), Object(Closure))
#51 C:/Users/Lenovo/CascadeProjects/gunjannagar-khanepani/vendor/laravel/framework/src/Illuminate/Http/Middleware/ValidatePathEncoding.php(26): Illuminate/Pipeline/Pipeline->Illuminate/Pipeline/{closure}(Object(Illuminate/Http/Request))
#52 C:/Users/Lenovo/CascadeProjects/gunjannagar-khanepani/vendor/laravel/framework/src/Illuminate/Pipeline/Pipeline.php(219): Illuminate/Http/Middleware/ValidatePathEncoding->handle(Object(Illuminate/Http/Request), Object(Closure))
#53 C:/Users/Lenovo/CascadeProjects/gunjannagar-khanepani/vendor/laravel/framework/src/Illuminate/Pipeline/Pipeline.php(137): Illuminate/Pipeline/Pipeline->Illuminate/Pipeline/{closure}(Object(Illuminate/Http/Request))
#54 C:/Users/Lenovo/CascadeProjects/gunjannagar-khanepani/vendor/laravel/framework/src/Illuminate/Foundation/Http/Kernel.php(175): Illuminate/Pipeline/Pipeline->then(Object(Closure))
#55 C:/Users/Lenovo/CascadeProjects/gunjannagar-khanepani/vendor/laravel/framework/src/Illuminate/Foundation/Http/Kernel.php(144): Illuminate/Foundation/Http/Kernel->sendRequestThroughRouter(Object(Illuminate/Http/Request))
#56 C:/Users/Lenovo/CascadeProjects/gunjannagar-khanepani/public/index.php(17): Illuminate/Foundation/Http/Kernel->handle(Object(Illuminate/Http/Request))
#57 C:/Users/Lenovo/CascadeProjects/gunjannagar-khanepani/vendor/laravel/framework/src/Illuminate/Foundation/resources/server.php(23): require_once('C://Users//Lenovo...')
#58 {main}

[previous exception] [object] (Error(code: 0): Class \"Str\" not found at C:/Users/Lenovo/CascadeProjects/gunjannagar-khanepani/storage/framework/views/49220e7528151970bd5ab73541bebd5d.php:29)
[stacktrace]
#0 C:/Users/Lenovo/CascadeProjects/gunjannagar-khanepani/vendor/laravel/framework/src/Illuminate/Filesystem/Filesystem.php(123): require()
#1 C:/Users/Lenovo/CascadeProjects/gunjannagar-khanepani/vendor/laravel/framework/src/Illuminate/Filesystem/Filesystem.php(124): Illuminate/Filesystem/Filesystem::Illuminate/Filesystem/{closure}()
#2 C:/Users/Lenovo/CascadeProjects/gunjannagar-khanepani/vendor/laravel/framework/src/Illuminate/View/Engines/PhpEngine.php(57): Illuminate/Filesystem/Filesystem->getRequire('C://Users//Lenovo...', Array)
#3 C:/Users/Lenovo/CascadeProjects/gunjannagar-khanepani/vendor/laravel/framework/src/Illuminate/View/Engines/CompilerEngine.php(76): Illuminate/View/Engines/PhpEngine->evaluatePath('C://Users//Lenovo...', Array)
#4 C:/Users/Lenovo/CascadeProjects/gunjannagar-khanepani/vendor/laravel/framework/src/Illuminate/View/View.php(208): Illuminate/View/Engines/CompilerEngine->get('C://Users//Lenovo...', Array)
#5 C:/Users/Lenovo/CascadeProjects/gunjannagar-khanepani/vendor/laravel/framework/src/Illuminate/View/View.php(191): Illuminate/View/View->getContents()
#6 C:/Users/Lenovo/CascadeProjects/gunjannagar-khanepani/vendor/laravel/framework/src/Illuminate/View/View.php(160): Illuminate/View/View->renderContents()
#7 C:/Users/Lenovo/CascadeProjects/gunjannagar-khanepani/vendor/laravel/framework/src/Illuminate/Http/Response.php(78): Illuminate/View/View->render()
#8 C:/Users/Lenovo/CascadeProjects/gunjannagar-khanepani/vendor/laravel/framework/src/Illuminate/Http/Response.php(34): Illuminate/Http/Response->setContent(Object(Illuminate/View/View))
#9 C:/Users/Lenovo/CascadeProjects/gunjannagar-khanepani/vendor/laravel/framework/src/Illuminate/Routing/Router.php(939): Illuminate/Http/Response->__construct(Object(Illuminate/View/View), 200, Array)
#10 C:/Users/Lenovo/CascadeProjects/gunjannagar-khanepani/vendor/laravel/framework/src/Illuminate/Routing/Router.php(906): Illuminate/Routing/Router::toResponse(Object(Illuminate/Http/Request), Object(Illuminate/View/View))
#11 C:/Users/Lenovo/CascadeProjects/gunjannagar-khanepani/vendor/laravel/framework/src/Illuminate/Routing/Router.php(821): Illuminate/Routing/Router->prepareResponse(Object(Illuminate/Http/Request), Object(Illuminate/View/View))
#12 C:/Users/Lenovo/CascadeProjects/gunjannagar-khanepani/vendor/laravel/framework/src/Illuminate/Pipeline/Pipeline.php(180): Illuminate/Routing/Router->Illuminate/Routing/{closure}(Object(Illuminate/Http/Request))
#13 C:/Users/Lenovo/CascadeProjects/gunjannagar-khanepani/vendor/laravel/framework/src/Illuminate/Routing/Middleware/SubstituteBindings.php(50): Illuminate/Pipeline/Pipeline->Illuminate/Pipeline/{closure}(Object(Illuminate/Http/Request))
#14 C:/Users/Lenovo/CascadeProjects/gunjannagar-khanepani/vendor/laravel/framework/src/Illuminate/Pipeline/Pipeline.php(219): Illuminate/Routing/Middleware/SubstituteBindings->handle(Object(Illuminate/Http/Request), Object(Closure))
#15 C:/Users/Lenovo/CascadeProjects/gunjannagar-khanepani/vendor/laravel/framework/src/Illuminate/Auth/Middleware/Authenticate.php(63): Illuminate/Pipeline/Pipeline->Illuminate/Pipeline/{closure}(Object(Illuminate/Http/Request))
#16 C:/Users/Lenovo/CascadeProjects/gunjannagar-khanepani/vendor/laravel/framework/src/Illuminate/Pipeline/Pipeline.php(219): Illuminate/Auth/Middleware/Authenticate->handle(Object(Illuminate/Http/Request), Object(Closure))
#17 C:/Users/Lenovo/CascadeProjects/gunjannagar-khanepani/vendor/laravel/framework/src/Illuminate/Foundation/Http/Middleware/VerifyCsrfToken.php(87): Illuminate/Pipeline/Pipeline->Illuminate/Pipeline/{closure}(Object(Illuminate/Http/Request))
#18 C:/Users/Lenovo/CascadeProjects/gunjannagar-khanepani/vendor/laravel/framework/src/Illuminate/Pipeline/Pipeline.php(219): Illuminate/Foundation/Http/Middleware/VerifyCsrfToken->handle(Object(Illuminate/Http/Request), Object(Closure))
#19 C:/Users/Lenovo/CascadeProjects/gunjannagar-khanepani/vendor/laravel/framework/src/Illuminate/View/Middleware/ShareErrorsFromSession.php(48): Illuminate/Pipeline/Pipeline->Illuminate/Pipeline/{closure}(Object(Illuminate/Http/Request))
#20 C:/Users/Lenovo/CascadeProjects/gunjannagar-khanepani/vendor/laravel/framework/src/Illuminate/Pipeline/Pipeline.php(219): Illuminate/View/Middleware/ShareErrorsFromSession->handle(Object(Illuminate/Http/Request), Object(Closure))
#21 C:/Users/Lenovo/CascadeProjects/gunjannagar-khanepani/vendor/laravel/framework/src/Illuminate/Session/Middleware/StartSession.php(120): Illuminate/Pipeline/Pipeline->Illuminate/Pipeline/{closure}(Object(Illuminate/Http/Request))
#22 C:/Users/Lenovo/CascadeProjects/gunjannagar-khanepani/vendor/laravel/framework/src/Illuminate/Session/Middleware/StartSession.php(63): Illuminate/Session/Middleware/StartSession->handleStatefulRequest(Object(Illuminate/Http/Request), Object(Illuminate/Session/Store), Object(Closure))
#23 C:/Users/Lenovo/CascadeProjects/gunjannagar-khanepani/vendor/laravel/framework/src/Illuminate/Pipeline/Pipeline.php(219): Illuminate/Session/Middleware/StartSession->handle(Object(Illuminate/Http/Request), Object(Closure))
#24 C:/Users/Lenovo/CascadeProjects/gunjannagar-khanepani/vendor/laravel/framework/src/Illuminate/Cookie/Middleware/AddQueuedCookiesToResponse.php(36): Illuminate/Pipeline/Pipeline->Illuminate/Pipeline/{closure}(Object(Illuminate/Http/Request))
#25 C:/Users/Lenovo/CascadeProjects/gunjannagar-khanepani/vendor/laravel/framework/src/Illuminate/Pipeline/Pipeline.php(219): Illuminate/Cookie/Middleware/AddQueuedCookiesToResponse->handle(Object(Illuminate/Http/Request), Object(Closure))
#26 C:/Users/Lenovo/CascadeProjects/gunjannagar-khanepani/vendor/laravel/framework/src/Illuminate/Cookie/Middleware/EncryptCookies.php(74): Illuminate/Pipeline/Pipeline->Illuminate/Pipeline/{closure}(Object(Illuminate/Http/Request))
#27 C:/Users/Lenovo/CascadeProjects/gunjannagar-khanepani/vendor/laravel/framework/src/Illuminate/Pipeline/Pipeline.php(219): Illuminate/Cookie/Middleware/EncryptCookies->handle(Object(Illuminate/Http/Request), Object(Closure))
#28 C:/Users/Lenovo/CascadeProjects/gunjannagar-khanepani/vendor/laravel/framework/src/Illuminate/Pipeline/Pipeline.php(137): Illuminate/Pipeline/Pipeline->Illuminate/Pipeline/{closure}(Object(Illuminate/Http/Request))
#29 C:/Users/Lenovo/CascadeProjects/gunjannagar-khanepani/vendor/laravel/framework/src/Illuminate/Routing/Router.php(821): Illuminate/Pipeline/Pipeline->then(Object(Closure))
#30 C:/Users/Lenovo/CascadeProjects/gunjannagar-khanepani/vendor/laravel/framework/src/Illuminate/Routing/Router.php(800): Illuminate/Routing/Router->runRouteWithinStack(Object(Illuminate/Routing/Route), Object(Illuminate/Http/Request))
#31 C:/Users/Lenovo/CascadeProjects/gunjannagar-khanepani/vendor/laravel/framework/src/Illuminate/Routing/Router.php(764): Illuminate/Routing/Router->runRoute(Object(Illuminate/Http/Request), Object(Illuminate/Routing/Route))
#32 C:/Users/Lenovo/CascadeProjects/gunjannagar-khanepani/vendor/laravel/framework/src/Illuminate/Routing/Router.php(753): Illuminate/Routing/Router->dispatchToRoute(Object(Illuminate/Http/Request))
#33 C:/Users/Lenovo/CascadeProjects/gunjannagar-khanepani/vendor/laravel/framework/src/Illuminate/Foundation/Http/Kernel.php(200): Illuminate/Routing/Router->dispatch(Object(Illuminate/Http/Request))
#34 C:/Users/Lenovo/CascadeProjects/gunjannagar-khanepani/vendor/laravel/framework/src/Illuminate/Pipeline/Pipeline.php(180): Illuminate/Foundation/Http/Kernel->Illuminate/Foundation/Http/{closure}(Object(Illuminate/Http/Request))
#35 C:/Users/Lenovo/CascadeProjects/gunjannagar-khanepani/vendor/laravel/framework/src/Illuminate/Foundation/Http/Middleware/TransformsRequest.php(21): Illuminate/Pipeline/Pipeline->Illuminate/Pipeline/{closure}(Object(Illuminate/Http/Request))
#36 C:/Users/Lenovo/CascadeProjects/gunjannagar-khanepani/vendor/laravel/framework/src/Illuminate/Foundation/Http/Middleware/ConvertEmptyStringsToNull.php(31): Illuminate/Foundation/Http/Middleware/TransformsRequest->handle(Object(Illuminate/Http/Request), Object(Closure))
#37 C:/Users/Lenovo/CascadeProjects/gunjannagar-khanepani/vendor/laravel/framework/src/Illuminate/Pipeline/Pipeline.php(219): Illuminate/Foundation/Http/Middleware/ConvertEmptyStringsToNull->handle(Object(Illuminate/Http/Request), Object(Closure))
#38 C:/Users/Lenovo/CascadeProjects/gunjannagar-khanepani/vendor/laravel/framework/src/Illuminate/Foundation/Http/Middleware/TransformsRequest.php(21): Illuminate/Pipeline/Pipeline->Illuminate/Pipeline/{closure}(Object(Illuminate/Http/Request))
#39 C:/Users/Lenovo/CascadeProjects/gunjannagar-khanepani/vendor/laravel/framework/src/Illuminate/Foundation/Http/Middleware/TrimStrings.php(51): Illuminate/Foundation/Http/Middleware/TransformsRequest->handle(Object(Illuminate/Http/Request), Object(Closure))
#40 C:/Users/Lenovo/CascadeProjects/gunjannagar-khanepani/vendor/laravel/framework/src/Illuminate/Pipeline/Pipeline.php(219): Illuminate/Foundation/Http/Middleware/TrimStrings->handle(Object(Illuminate/Http/Request), Object(Closure))
#41 C:/Users/Lenovo/CascadeProjects/gunjannagar-khanepani/vendor/laravel/framework/src/Illuminate/Http/Middleware/ValidatePostSize.php(27): Illuminate/Pipeline/Pipeline->Illuminate/Pipeline/{closure}(Object(Illuminate/Http/Request))
#42 C:/Users/Lenovo/CascadeProjects/gunjannagar-khanepani/vendor/laravel/framework/src/Illuminate/Pipeline/Pipeline.php(219): Illuminate/Http/Middleware/ValidatePostSize->handle(Object(Illuminate/Http/Request), Object(Closure))
#43 C:/Users/Lenovo/CascadeProjects/gunjannagar-khanepani/vendor/laravel/framework/src/Illuminate/Foundation/Http/Middleware/PreventRequestsDuringMaintenance.php(109): Illuminate/Pipeline/Pipeline->Illuminate/Pipeline/{closure}(Object(Illuminate/Http/Request))
#44 C:/Users/Lenovo/CascadeProjects/gunjannagar-khanepani/vendor/laravel/framework/src/Illuminate/Pipeline/Pipeline.php(219): Illuminate/Foundation/Http/Middleware/PreventRequestsDuringMaintenance->handle(Object(Illuminate/Http/Request), Object(Closure))
#45 C:/Users/Lenovo/CascadeProjects/gunjannagar-khanepani/vendor/laravel/framework/src/Illuminate/Http/Middleware/HandleCors.php(61): Illuminate/Pipeline/Pipeline->Illuminate/Pipeline/{closure}(Object(Illuminate/Http/Request))
#46 C:/Users/Lenovo/CascadeProjects/gunjannagar-khanepani/vendor/laravel/framework/src/Illuminate/Pipeline/Pipeline.php(219): Illuminate/Http/Middleware/HandleCors->handle(Object(Illuminate/Http/Request), Object(Closure))
#47 C:/Users/Lenovo/CascadeProjects/gunjannagar-khanepani/vendor/laravel/framework/src/Illuminate/Http/Middleware/TrustProxies.php(58): Illuminate/Pipeline/Pipeline->Illuminate/Pipeline/{closure}(Object(Illuminate/Http/Request))
#48 C:/Users/Lenovo/CascadeProjects/gunjannagar-khanepani/vendor/laravel/framework/src/Illuminate/Pipeline/Pipeline.php(219): Illuminate/Http/Middleware/TrustProxies->handle(Object(Illuminate/Http/Request), Object(Closure))
#49 C:/Users/Lenovo/CascadeProjects/gunjannagar-khanepani/vendor/laravel/framework/src/Illuminate/Foundation/Http/Middleware/InvokeDeferredCallbacks.php(22): Illuminate/Pipeline/Pipeline->Illuminate/Pipeline/{closure}(Object(Illuminate/Http/Request))
#50 C:/Users/Lenovo/CascadeProjects/gunjannagar-khanepani/vendor/laravel/framework/src/Illuminate/Pipeline/Pipeline.php(219): Illuminate/Foundation/Http/Middleware/InvokeDeferredCallbacks->handle(Object(Illuminate/Http/Request), Object(Closure))
#51 C:/Users/Lenovo/CascadeProjects/gunjannagar-khanepani/vendor/laravel/framework/src/Illuminate/Http/Middleware/ValidatePathEncoding.php(26): Illuminate/Pipeline/Pipeline->Illuminate/Pipeline/{closure}(Object(Illuminate/Http/Request))
#52 C:/Users/Lenovo/CascadeProjects/gunjannagar-khanepani/vendor/laravel/framework/src/Illuminate/Pipeline/Pipeline.php(219): Illuminate/Http/Middleware/ValidatePathEncoding->handle(Object(Illuminate/Http/Request), Object(Closure))
#53 C:/Users/Lenovo/CascadeProjects/gunjannagar-khanepani/vendor/laravel/framework/src/Illuminate/Pipeline/Pipeline.php(137): Illuminate/Pipeline/Pipeline->Illuminate/Pipeline/{closure}(Object(Illuminate/Http/Request))
#54 C:/Users/Lenovo/CascadeProjects/gunjannagar-khanepani/vendor/laravel/framework/src/Illuminate/Foundation/Http/Kernel.php(175): Illuminate/Pipeline/Pipeline->then(Object(Closure))
#55 C:/Users/Lenovo/CascadeProjects/gunjannagar-khanepani/vendor/laravel/framework/src/Illuminate/Foundation/Http/Kernel.php(144): Illuminate/Foundation/Http/Kernel->sendRequestThroughRouter(Object(Illuminate/Http/Request))
#56 C:/Users/Lenovo/CascadeProjects/gunjannagar-khanepani/public/index.php(17): Illuminate/Foundation/Http/Kernel->handle(Object(Illuminate/Http/Request))
#57 C:/Users/Lenovo/CascadeProjects/gunjannagar-khanepani/vendor/laravel/framework/src/Illuminate/Foundation/resources/server.php(23): require_once('C://Users//Lenovo...')
#58 {main}
"} 
[2026-08-15 20:27:05] local.ERROR: PHP Parse error: Syntax error, unexpected ')' on line 1 {"exception":"[object] (Psy\\Exception\\ParseErrorException(code: 0): PHP Parse error: Syntax error, unexpected ')' on line 1 at C:/Users/Lenovo/CascadeProjects/gunjannagar-khanepani/vendor/psy/psysh/src/Exception/ParseErrorException.php:44)
[stacktrace]
#0 C:/Users/Lenovo/CascadeProjects/gunjannagar-khanepani/vendor/psy/psysh/src/CodeCleaner.php(657): Psy/Exception/ParseErrorException::fromParseError(Object(PhpParser/Error))
#1 C:/Users/Lenovo/CascadeProjects/gunjannagar-khanepani/vendor/psy/psysh/src/CodeCleaner.php(273): Psy/CodeCleaner->parse('<?php foreach(A...', false)
#2 C:/Users/Lenovo/CascadeProjects/gunjannagar-khanepani/vendor/psy/psysh/src/Shell.php(1399): Psy/CodeCleaner->clean(Array, false)
#3 C:/Users/Lenovo/CascadeProjects/gunjannagar-khanepani/vendor/psy/psysh/src/Shell.php(1506): Psy/Shell->appendCode('foreach(App//Mod...', true, false)
#4 C:/Users/Lenovo/CascadeProjects/gunjannagar-khanepani/vendor/psy/psysh/src/Shell.php(2215): Psy/Shell->setCode('foreach(App//Mod...', true)
#5 C:/Users/Lenovo/CascadeProjects/gunjannagar-khanepani/vendor/laravel/tinker/src/Console/TinkerCommand.php(77): Psy/Shell->execute('foreach(App//Mod...')
#6 C:/Users/Lenovo/CascadeProjects/gunjannagar-khanepani/vendor/laravel/framework/src/Illuminate/Container/BoundMethod.php(36): Laravel/Tinker/Console/TinkerCommand->handle()
#7 C:/Users/Lenovo/CascadeProjects/gunjannagar-khanepani/vendor/laravel/framework/src/Illuminate/Container/Util.php(43): Illuminate/Container/BoundMethod::Illuminate/Container/{closure}()
#8 C:/Users/Lenovo/CascadeProjects/gunjannagar-khanepani/vendor/laravel/framework/src/Illuminate/Container/BoundMethod.php(96): Illuminate/Container/Util::unwrapIfClosure(Object(Closure))
#9 C:/Users/Lenovo/CascadeProjects/gunjannagar-khanepani/vendor/laravel/framework/src/Illuminate/Container/BoundMethod.php(35): Illuminate/Container/BoundMethod::callBoundMethod(Object(Illuminate/Foundation/Application), Array, Object(Closure))
#10 C:/Users/Lenovo/CascadeProjects/gunjannagar-khanepani/vendor/laravel/framework/src/Illuminate/Container/Container.php(799): Illuminate/Container/BoundMethod::call(Object(Illuminate/Foundation/Application), Array, Array, NULL)
#11 C:/Users/Lenovo/CascadeProjects/gunjannagar-khanepani/vendor/laravel/framework/src/Illuminate/Console/Command.php(211): Illuminate/Container/Container->call(Array)
#12 C:/Users/Lenovo/CascadeProjects/gunjannagar-khanepani/vendor/symfony/console/Command/Command.php(341): Illuminate/Console/Command->execute(Object(Symfony/Component/Console/Input/ArgvInput), Object(Illuminate/Console/OutputStyle))
#13 C:/Users/Lenovo/CascadeProjects/gunjannagar-khanepani/vendor/laravel/framework/src/Illuminate/Console/Command.php(180): Symfony/Component/Console/Command/Command->run(Object(Symfony/Component/Console/Input/ArgvInput), Object(Illuminate/Console/OutputStyle))
#14 C:/Users/Lenovo/CascadeProjects/gunjannagar-khanepani/vendor/symfony/console/Application.php(1117): Illuminate/Console/Command->run(Object(Symfony/Component/Console/Input/ArgvInput), Object(Symfony/Component/Console/Output/ConsoleOutput))
#15 C:/Users/Lenovo/CascadeProjects/gunjannagar-khanepani/vendor/symfony/console/Application.php(356): Symfony/Component/Console/Application->doRunCommand(Object(Laravel/Tinker/Console/TinkerCommand), Object(Symfony/Component/Console/Input/ArgvInput), Object(Symfony/Component/Console/Output/ConsoleOutput))
#16 C:/Users/Lenovo/CascadeProjects/gunjannagar-khanepani/vendor/symfony/console/Application.php(195): Symfony/Component/Console/Application->doRun(Object(Symfony/Component/Console/Input/ArgvInput), Object(Symfony/Component/Console/Output/ConsoleOutput))
#17 C:/Users/Lenovo/CascadeProjects/gunjannagar-khanepani/vendor/laravel/framework/src/Illuminate/Foundation/Console/Kernel.php(198): Symfony/Component/Console/Application->run(Object(Symfony/Component/Console/Input/ArgvInput), Object(Symfony/Component/Console/Output/ConsoleOutput))
#18 C:/Users/Lenovo/CascadeProjects/gunjannagar-khanepani/artisan(12): Illuminate/Foundation/Console/Kernel->handle(Object(Symfony/Component/Console/Input/ArgvInput), Object(Symfony/Component/Console/Output/ConsoleOutput))
#19 {main}
"} 
[2026-08-15 20:27:13] local.ERROR: PHP Parse error: Syntax error, unexpected ')' on line 1 {"exception":"[object] (Psy\\Exception\\ParseErrorException(code: 0): PHP Parse error: Syntax error, unexpected ')' on line 1 at C:/Users/Lenovo/CascadeProjects/gunjannagar-khanepani/vendor/psy/psysh/src/Exception/ParseErrorException.php:44)
[stacktrace]
#0 C:/Users/Lenovo/CascadeProjects/gunjannagar-khanepani/vendor/psy/psysh/src/CodeCleaner.php(657): Psy/Exception/ParseErrorException::fromParseError(Object(PhpParser/Error))
#1 C:/Users/Lenovo/CascadeProjects/gunjannagar-khanepani/vendor/psy/psysh/src/CodeCleaner.php(273): Psy/CodeCleaner->parse('<?php foreach(A...', false)
#2 C:/Users/Lenovo/CascadeProjects/gunjannagar-khanepani/vendor/psy/psysh/src/Shell.php(1399): Psy/CodeCleaner->clean(Array, false)
#3 C:/Users/Lenovo/CascadeProjects/gunjannagar-khanepani/vendor/psy/psysh/src/Shell.php(1506): Psy/Shell->appendCode('foreach(App//Mod...', true, false)
#4 C:/Users/Lenovo/CascadeProjects/gunjannagar-khanepani/vendor/psy/psysh/src/Shell.php(2215): Psy/Shell->setCode('foreach(App//Mod...', true)
#5 C:/Users/Lenovo/CascadeProjects/gunjannagar-khanepani/vendor/laravel/tinker/src/Console/TinkerCommand.php(77): Psy/Shell->execute('foreach(App//Mod...')
#6 C:/Users/Lenovo/CascadeProjects/gunjannagar-khanepani/vendor/laravel/framework/src/Illuminate/Container/BoundMethod.php(36): Laravel/Tinker/Console/TinkerCommand->handle()
#7 C:/Users/Lenovo/CascadeProjects/gunjannagar-khanepani/vendor/laravel/framework/src/Illuminate/Container/Util.php(43): Illuminate/Container/BoundMethod::Illuminate/Container/{closure}()
#8 C:/Users/Lenovo/CascadeProjects/gunjannagar-khanepani/vendor/laravel/framework/src/Illuminate/Container/BoundMethod.php(96): Illuminate/Container/Util::unwrapIfClosure(Object(Closure))
#9 C:/Users/Lenovo/CascadeProjects/gunjannagar-khanepani/vendor/laravel/framework/src/Illuminate/Container/BoundMethod.php(35): Illuminate/Container/BoundMethod::callBoundMethod(Object(Illuminate/Foundation/Application), Array, Object(Closure))
#10 C:/Users/Lenovo/CascadeProjects/gunjannagar-khanepani/vendor/laravel/framework/src/Illuminate/Container/Container.php(799): Illuminate/Container/BoundMethod::call(Object(Illuminate/Foundation/Application), Array, Array, NULL)
#11 C:/Users/Lenovo/CascadeProjects/gunjannagar-khanepani/vendor/laravel/framework/src/Illuminate/Console/Command.php(211): Illuminate/Container/Container->call(Array)
#12 C:/Users/Lenovo/CascadeProjects/gunjannagar-khanepani/vendor/symfony/console/Command/Command.php(341): Illuminate/Console/Command->execute(Object(Symfony/Component/Console/Input/ArgvInput), Object(Illuminate/Console/OutputStyle))
#13 C:/Users/Lenovo/CascadeProjects/gunjannagar-khanepani/vendor/laravel/framework/src/Illuminate/Console/Command.php(180): Symfony/Component/Console/Command/Command->run(Object(Symfony/Component/Console/Input/ArgvInput), Object(Illuminate/Console/OutputStyle))
#14 C:/Users/Lenovo/CascadeProjects/gunjannagar-khanepani/vendor/symfony/console/Application.php(1117): Illuminate/Console/Command->run(Object(Symfony/Component/Console/Input/ArgvInput), Object(Symfony/Component/Console/Output/ConsoleOutput))
#15 C:/Users/Lenovo/CascadeProjects/gunjannagar-khanepani/vendor/symfony/console/Application.php(356): Symfony/Component/Console/Application->doRunCommand(Object(Laravel/Tinker/Console/TinkerCommand), Object(Symfony/Component/Console/Input/ArgvInput), Object(Symfony/Component/Console/Output/ConsoleOutput))
#16 C:/Users/Lenovo/CascadeProjects/gunjannagar-khanepani/vendor/symfony/console/Application.php(195): Symfony/Component/Console/Application->doRun(Object(Symfony/Component/Console/Input/ArgvInput), Object(Symfony/Component/Console/Output/ConsoleOutput))
#17 C:/Users/Lenovo/CascadeProjects/gunjannagar-khanepani/vendor/laravel/framework/src/Illuminate/Foundation/Console/Kernel.php(198): Symfony/Component/Console/Application->run(Object(Symfony/Component/Console/Input/ArgvInput), Object(Symfony/Component/Console/Output/ConsoleOutput))
#18 C:/Users/Lenovo/CascadeProjects/gunjannagar-khanepani/artisan(12): Illuminate/Foundation/Console/Kernel->handle(Object(Symfony/Component/Console/Input/ArgvInput), Object(Symfony/Component/Console/Output/ConsoleOutput))
#19 {main}
"} 
[2026-08-15 20:27:41] local.ERROR: PHP Parse error: Syntax error, unexpected ')' on line 1 {"exception":"[object] (Psy\\Exception\\ParseErrorException(code: 0): PHP Parse error: Syntax error, unexpected ')' on line 1 at C:/Users/Lenovo/CascadeProjects/gunjannagar-khanepani/vendor/psy/psysh/src/Exception/ParseErrorException.php:44)
[stacktrace]
#0 C:/Users/Lenovo/CascadeProjects/gunjannagar-khanepani/vendor/psy/psysh/src/CodeCleaner.php(657): Psy/Exception/ParseErrorException::fromParseError(Object(PhpParser/Error))
#1 C:/Users/Lenovo/CascadeProjects/gunjannagar-khanepani/vendor/psy/psysh/src/CodeCleaner.php(273): Psy/CodeCleaner->parse('<?php foreach(A...', false)
#2 C:/Users/Lenovo/CascadeProjects/gunjannagar-khanepani/vendor/psy/psysh/src/Shell.php(1399): Psy/CodeCleaner->clean(Array, false)
#3 C:/Users/Lenovo/CascadeProjects/gunjannagar-khanepani/vendor/psy/psysh/src/Shell.php(1506): Psy/Shell->appendCode('foreach(App//Mod...', true, false)
#4 C:/Users/Lenovo/CascadeProjects/gunjannagar-khanepani/vendor/psy/psysh/src/Shell.php(2215): Psy/Shell->setCode('foreach(App//Mod...', true)
#5 C:/Users/Lenovo/CascadeProjects/gunjannagar-khanepani/vendor/laravel/tinker/src/Console/TinkerCommand.php(77): Psy/Shell->execute('foreach(App//Mod...')
#6 C:/Users/Lenovo/CascadeProjects/gunjannagar-khanepani/vendor/laravel/framework/src/Illuminate/Container/BoundMethod.php(36): Laravel/Tinker/Console/TinkerCommand->handle()
#7 C:/Users/Lenovo/CascadeProjects/gunjannagar-khanepani/vendor/laravel/framework/src/Illuminate/Container/Util.php(43): Illuminate/Container/BoundMethod::Illuminate/Container/{closure}()
#8 C:/Users/Lenovo/CascadeProjects/gunjannagar-khanepani/vendor/laravel/framework/src/Illuminate/Container/BoundMethod.php(96): Illuminate/Container/Util::unwrapIfClosure(Object(Closure))
#9 C:/Users/Lenovo/CascadeProjects/gunjannagar-khanepani/vendor/laravel/framework/src/Illuminate/Container/BoundMethod.php(35): Illuminate/Container/BoundMethod::callBoundMethod(Object(Illuminate/Foundation/Application), Array, Object(Closure))
#10 C:/Users/Lenovo/CascadeProjects/gunjannagar-khanepani/vendor/laravel/framework/src/Illuminate/Container/Container.php(799): Illuminate/Container/BoundMethod::call(Object(Illuminate/Foundation/Application), Array, Array, NULL)
#11 C:/Users/Lenovo/CascadeProjects/gunjannagar-khanepani/vendor/laravel/framework/src/Illuminate/Console/Command.php(211): Illuminate/Container/Container->call(Array)
#12 C:/Users/Lenovo/CascadeProjects/gunjannagar-khanepani/vendor/symfony/console/Command/Command.php(341): Illuminate/Console/Command->execute(Object(Symfony/Component/Console/Input/ArgvInput), Object(Illuminate/Console/OutputStyle))
#13 C:/Users/Lenovo/CascadeProjects/gunjannagar-khanepani/vendor/laravel/framework/src/Illuminate/Console/Command.php(180): Symfony/Component/Console/Command/Command->run(Object(Symfony/Component/Console/Input/ArgvInput), Object(Illuminate/Console/OutputStyle))
#14 C:/Users/Lenovo/CascadeProjects/gunjannagar-khanepani/vendor/symfony/console/Application.php(1117): Illuminate/Console/Command->run(Object(Symfony/Component/Console/Input/ArgvInput), Object(Symfony/Component/Console/Output/ConsoleOutput))
#15 C:/Users/Lenovo/CascadeProjects/gunjannagar-khanepani/vendor/symfony/console/Application.php(356): Symfony/Component/Console/Application->doRunCommand(Object(Laravel/Tinker/Console/TinkerCommand), Object(Symfony/Component/Console/Input/ArgvInput), Object(Symfony/Component/Console/Output/ConsoleOutput))
#16 C:/Users/Lenovo/CascadeProjects/gunjannagar-khanepani/vendor/symfony/console/Application.php(195): Symfony/Component/Console/Application->doRun(Object(Symfony/Component/Console/Input/ArgvInput), Object(Symfony/Component/Console/Output/ConsoleOutput))
#17 C:/Users/Lenovo/CascadeProjects/gunjannagar-khanepani/vendor/laravel/framework/src/Illuminate/Foundation/Console/Kernel.php(198): Symfony/Component/Console/Application->run(Object(Symfony/Component/Console/Input/ArgvInput), Object(Symfony/Component/Console/Output/ConsoleOutput))
#18 C:/Users/Lenovo/CascadeProjects/gunjannagar-khanepani/artisan(12): Illuminate/Foundation/Console/Kernel->handle(Object(Symfony/Component/Console/Input/ArgvInput), Object(Symfony/Component/Console/Output/ConsoleOutput))
#19 {main}
"} 
[2026-08-15 20:28:49] local.ERROR: PHP Parse error: Syntax error, unexpected T_OBJECT_OPERATOR on line 1 {"exception":"[object] (Psy\\Exception\\ParseErrorException(code: 0): PHP Parse error: Syntax error, unexpected T_OBJECT_OPERATOR on line 1 at C:/Users/Lenovo/CascadeProjects/gunjannagar-khanepani/vendor/psy/psysh/src/Exception/ParseErrorException.php:44)
[stacktrace]
#0 C:/Users/Lenovo/CascadeProjects/gunjannagar-khanepani/vendor/psy/psysh/src/CodeCleaner.php(657): Psy/Exception/ParseErrorException::fromParseError(Object(PhpParser/Error))
#1 C:/Users/Lenovo/CascadeProjects/gunjannagar-khanepani/vendor/psy/psysh/src/CodeCleaner.php(273): Psy/CodeCleaner->parse('<?php App//Model...', false)
#2 C:/Users/Lenovo/CascadeProjects/gunjannagar-khanepani/vendor/psy/psysh/src/Shell.php(1399): Psy/CodeCleaner->clean(Array, false)
#3 C:/Users/Lenovo/CascadeProjects/gunjannagar-khanepani/vendor/psy/psysh/src/Shell.php(1506): Psy/Shell->appendCode('App//Models//Slid...', true, false)
#4 C:/Users/Lenovo/CascadeProjects/gunjannagar-khanepani/vendor/psy/psysh/src/Shell.php(2215): Psy/Shell->setCode('App//Models//Slid...', true)
#5 C:/Users/Lenovo/CascadeProjects/gunjannagar-khanepani/vendor/laravel/tinker/src/Console/TinkerCommand.php(77): Psy/Shell->execute('App//Models//Slid...')
#6 C:/Users/Lenovo/CascadeProjects/gunjannagar-khanepani/vendor/laravel/framework/src/Illuminate/Container/BoundMethod.php(36): Laravel/Tinker/Console/TinkerCommand->handle()
#7 C:/Users/Lenovo/CascadeProjects/gunjannagar-khanepani/vendor/laravel/framework/src/Illuminate/Container/Util.php(43): Illuminate/Container/BoundMethod::Illuminate/Container/{closure}()
#8 C:/Users/Lenovo/CascadeProjects/gunjannagar-khanepani/vendor/laravel/framework/src/Illuminate/Container/BoundMethod.php(96): Illuminate/Container/Util::unwrapIfClosure(Object(Closure))
#9 C:/Users/Lenovo/CascadeProjects/gunjannagar-khanepani/vendor/laravel/framework/src/Illuminate/Container/BoundMethod.php(35): Illuminate/Container/BoundMethod::callBoundMethod(Object(Illuminate/Foundation/Application), Array, Object(Closure))
#10 C:/Users/Lenovo/CascadeProjects/gunjannagar-khanepani/vendor/laravel/framework/src/Illuminate/Container/Container.php(799): Illuminate/Container/BoundMethod::call(Object(Illuminate/Foundation/Application), Array, Array, NULL)
#11 C:/Users/Lenovo/CascadeProjects/gunjannagar-khanepani/vendor/laravel/framework/src/Illuminate/Console/Command.php(211): Illuminate/Container/Container->call(Array)
#12 C:/Users/Lenovo/CascadeProjects/gunjannagar-khanepani/vendor/symfony/console/Command/Command.php(341): Illuminate/Console/Command->execute(Object(Symfony/Component/Console/Input/ArgvInput), Object(Illuminate/Console/OutputStyle))
#13 C:/Users/Lenovo/CascadeProjects/gunjannagar-khanepani/vendor/laravel/framework/src/Illuminate/Console/Command.php(180): Symfony/Component/Console/Command/Command->run(Object(Symfony/Component/Console/Input/ArgvInput), Object(Illuminate/Console/OutputStyle))
#14 C:/Users/Lenovo/CascadeProjects/gunjannagar-khanepani/vendor/symfony/console/Application.php(1117): Illuminate/Console/Command->run(Object(Symfony/Component/Console/Input/ArgvInput), Object(Symfony/Component/Console/Output/ConsoleOutput))
#15 C:/Users/Lenovo/CascadeProjects/gunjannagar-khanepani/vendor/symfony/console/Application.php(356): Symfony/Component/Console/Application->doRunCommand(Object(Laravel/Tinker/Console/TinkerCommand), Object(Symfony/Component/Console/Input/ArgvInput), Object(Symfony/Component/Console/Output/ConsoleOutput))
#16 C:/Users/Lenovo/CascadeProjects/gunjannagar-khanepani/vendor/symfony/console/Application.php(195): Symfony/Component/Console/Application->doRun(Object(Symfony/Component/Console/Input/ArgvInput), Object(Symfony/Component/Console/Output/ConsoleOutput))
#17 C:/Users/Lenovo/CascadeProjects/gunjannagar-khanepani/vendor/laravel/framework/src/Illuminate/Foundation/Console/Kernel.php(198): Symfony/Component/Console/Application->run(Object(Symfony/Component/Console/Input/ArgvInput), Object(Symfony/Component/Console/Output/ConsoleOutput))
#18 C:/Users/Lenovo/CascadeProjects/gunjannagar-khanepani/artisan(12): Illuminate/Foundation/Console/Kernel->handle(Object(Symfony/Component/Console/Input/ArgvInput), Object(Symfony/Component/Console/Output/ConsoleOutput))
#19 {main}
"} 
[2026-08-15 20:39:33] local.ERROR: PHP Parse error: Syntax error, unexpected T_OBJECT_OPERATOR on line 1 {"exception":"[object] (Psy\\Exception\\ParseErrorException(code: 0): PHP Parse error: Syntax error, unexpected T_OBJECT_OPERATOR on line 1 at C:/Users/Lenovo/CascadeProjects/gunjannagar-khanepani/vendor/psy/psysh/src/Exception/ParseErrorException.php:44)
[stacktrace]
#0 C:/Users/Lenovo/CascadeProjects/gunjannagar-khanepani/vendor/psy/psysh/src/CodeCleaner.php(657): Psy/Exception/ParseErrorException::fromParseError(Object(PhpParser/Error))
#1 C:/Users/Lenovo/CascadeProjects/gunjannagar-khanepani/vendor/psy/psysh/src/CodeCleaner.php(273): Psy/CodeCleaner->parse('<?php App//Model...', false)
#2 C:/Users/Lenovo/CascadeProjects/gunjannagar-khanepani/vendor/psy/psysh/src/Shell.php(1399): Psy/CodeCleaner->clean(Array, false)
#3 C:/Users/Lenovo/CascadeProjects/gunjannagar-khanepani/vendor/psy/psysh/src/Shell.php(1506): Psy/Shell->appendCode('App//Models//Slid...', true, false)
#4 C:/Users/Lenovo/CascadeProjects/gunjannagar-khanepani/vendor/psy/psysh/src/Shell.php(2215): Psy/Shell->setCode('App//Models//Slid...', true)
#5 C:/Users/Lenovo/CascadeProjects/gunjannagar-khanepani/vendor/laravel/tinker/src/Console/TinkerCommand.php(77): Psy/Shell->execute('App//Models//Slid...')
#6 C:/Users/Lenovo/CascadeProjects/gunjannagar-khanepani/vendor/laravel/framework/src/Illuminate/Container/BoundMethod.php(36): Laravel/Tinker/Console/TinkerCommand->handle()
#7 C:/Users/Lenovo/CascadeProjects/gunjannagar-khanepani/vendor/laravel/framework/src/Illuminate/Container/Util.php(43): Illuminate/Container/BoundMethod::Illuminate/Container/{closure}()
#8 C:/Users/Lenovo/CascadeProjects/gunjannagar-khanepani/vendor/laravel/framework/src/Illuminate/Container/BoundMethod.php(96): Illuminate/Container/Util::unwrapIfClosure(Object(Closure))
#9 C:/Users/Lenovo/CascadeProjects/gunjannagar-khanepani/vendor/laravel/framework/src/Illuminate/Container/BoundMethod.php(35): Illuminate/Container/BoundMethod::callBoundMethod(Object(Illuminate/Foundation/Application), Array, Object(Closure))
#10 C:/Users/Lenovo/CascadeProjects/gunjannagar-khanepani/vendor/laravel/framework/src/Illuminate/Container/Container.php(799): Illuminate/Container/BoundMethod::call(Object(Illuminate/Foundation/Application), Array, Array, NULL)
#11 C:/Users/Lenovo/CascadeProjects/gunjannagar-khanepani/vendor/laravel/framework/src/Illuminate/Console/Command.php(211): Illuminate/Container/Container->call(Array)
#12 C:/Users/Lenovo/CascadeProjects/gunjannagar-khanepani/vendor/symfony/console/Command/Command.php(341): Illuminate/Console/Command->execute(Object(Symfony/Component/Console/Input/ArgvInput), Object(Illuminate/Console/OutputStyle))
#13 C:/Users/Lenovo/CascadeProjects/gunjannagar-khanepani/vendor/laravel/framework/src/Illuminate/Console/Command.php(180): Symfony/Component/Console/Command/Command->run(Object(Symfony/Component/Console/Input/ArgvInput), Object(Illuminate/Console/OutputStyle))
#14 C:/Users/Lenovo/CascadeProjects/gunjannagar-khanepani/vendor/symfony/console/Application.php(1117): Illuminate/Console/Command->run(Object(Symfony/Component/Console/Input/ArgvInput), Object(Symfony/Component/Console/Output/ConsoleOutput))
#15 C:/Users/Lenovo/CascadeProjects/gunjannagar-khanepani/vendor/symfony/console/Application.php(356): Symfony/Component/Console/Application->doRunCommand(Object(Laravel/Tinker/Console/TinkerCommand), Object(Symfony/Component/Console/Input/ArgvInput), Object(Symfony/Component/Console/Output/ConsoleOutput))
#16 C:/Users/Lenovo/CascadeProjects/gunjannagar-khanepani/vendor/symfony/console/Application.php(195): Symfony/Component/Console/Application->doRun(Object(Symfony/Component/Console/Input/ArgvInput), Object(Symfony/Component/Console/Output/ConsoleOutput))
#17 C:/Users/Lenovo/CascadeProjects/gunjannagar-khanepani/vendor/laravel/framework/src/Illuminate/Foundation/Console/Kernel.php(198): Symfony/Component/Console/Application->run(Object(Symfony/Component/Console/Input/ArgvInput), Object(Symfony/Component/Console/Output/ConsoleOutput))
#18 C:/Users/Lenovo/CascadeProjects/gunjannagar-khanepani/artisan(12): Illuminate/Foundation/Console/Kernel->handle(Object(Symfony/Component/Console/Input/ArgvInput), Object(Symfony/Component/Console/Output/ConsoleOutput))
#19 {main}
"} 
[2026-08-15 20:40:06] local.ERROR: PHP Parse error: Syntax error, unexpected T_OBJECT_OPERATOR on line 1 {"exception":"[object] (Psy\\Exception\\ParseErrorException(code: 0): PHP Parse error: Syntax error, unexpected T_OBJECT_OPERATOR on line 1 at C:/Users/Lenovo/CascadeProjects/gunjannagar-khanepani/vendor/psy/psysh/src/Exception/ParseErrorException.php:44)
[stacktrace]
#0 C:/Users/Lenovo/CascadeProjects/gunjannagar-khanepani/vendor/psy/psysh/src/CodeCleaner.php(657): Psy/Exception/ParseErrorException::fromParseError(Object(PhpParser/Error))
#1 C:/Users/Lenovo/CascadeProjects/gunjannagar-khanepani/vendor/psy/psysh/src/CodeCleaner.php(273): Psy/CodeCleaner->parse('<?php App//Model...', false)
#2 C:/Users/Lenovo/CascadeProjects/gunjannagar-khanepani/vendor/psy/psysh/src/Shell.php(1399): Psy/CodeCleaner->clean(Array, false)
#3 C:/Users/Lenovo/CascadeProjects/gunjannagar-khanepani/vendor/psy/psysh/src/Shell.php(1506): Psy/Shell->appendCode('App//Models//Slid...', true, false)
#4 C:/Users/Lenovo/CascadeProjects/gunjannagar-khanepani/vendor/psy/psysh/src/Shell.php(2215): Psy/Shell->setCode('App//Models//Slid...', true)
#5 C:/Users/Lenovo/CascadeProjects/gunjannagar-khanepani/vendor/laravel/tinker/src/Console/TinkerCommand.php(77): Psy/Shell->execute('App//Models//Slid...')
#6 C:/Users/Lenovo/CascadeProjects/gunjannagar-khanepani/vendor/laravel/framework/src/Illuminate/Container/BoundMethod.php(36): Laravel/Tinker/Console/TinkerCommand->handle()
#7 C:/Users/Lenovo/CascadeProjects/gunjannagar-khanepani/vendor/laravel/framework/src/Illuminate/Container/Util.php(43): Illuminate/Container/BoundMethod::Illuminate/Container/{closure}()
#8 C:/Users/Lenovo/CascadeProjects/gunjannagar-khanepani/vendor/laravel/framework/src/Illuminate/Container/BoundMethod.php(96): Illuminate/Container/Util::unwrapIfClosure(Object(Closure))
#9 C:/Users/Lenovo/CascadeProjects/gunjannagar-khanepani/vendor/laravel/framework/src/Illuminate/Container/BoundMethod.php(35): Illuminate/Container/BoundMethod::callBoundMethod(Object(Illuminate/Foundation/Application), Array, Object(Closure))
#10 C:/Users/Lenovo/CascadeProjects/gunjannagar-khanepani/vendor/laravel/framework/src/Illuminate/Container/Container.php(799): Illuminate/Container/BoundMethod::call(Object(Illuminate/Foundation/Application), Array, Array, NULL)
#11 C:/Users/Lenovo/CascadeProjects/gunjannagar-khanepani/vendor/laravel/framework/src/Illuminate/Console/Command.php(211): Illuminate/Container/Container->call(Array)
#12 C:/Users/Lenovo/CascadeProjects/gunjannagar-khanepani/vendor/symfony/console/Command/Command.php(341): Illuminate/Console/Command->execute(Object(Symfony/Component/Console/Input/ArgvInput), Object(Illuminate/Console/OutputStyle))
#13 C:/Users/Lenovo/CascadeProjects/gunjannagar-khanepani/vendor/laravel/framework/src/Illuminate/Console/Command.php(180): Symfony/Component/Console/Command/Command->run(Object(Symfony/Component/Console/Input/ArgvInput), Object(Illuminate/Console/OutputStyle))
#14 C:/Users/Lenovo/CascadeProjects/gunjannagar-khanepani/vendor/symfony/console/Application.php(1117): Illuminate/Console/Command->run(Object(Symfony/Component/Console/Input/ArgvInput), Object(Symfony/Component/Console/Output/ConsoleOutput))
#15 C:/Users/Lenovo/CascadeProjects/gunjannagar-khanepani/vendor/symfony/console/Application.php(356): Symfony/Component/Console/Application->doRunCommand(Object(Laravel/Tinker/Console/TinkerCommand), Object(Symfony/Component/Console/Input/ArgvInput), Object(Symfony/Component/Console/Output/ConsoleOutput))
#16 C:/Users/Lenovo/CascadeProjects/gunjannagar-khanepani/vendor/symfony/console/Application.php(195): Symfony/Component/Console/Application->doRun(Object(Symfony/Component/Console/Input/ArgvInput), Object(Symfony/Component/Console/Output/ConsoleOutput))
#17 C:/Users/Lenovo/CascadeProjects/gunjannagar-khanepani/vendor/laravel/framework/src/Illuminate/Foundation/Console/Kernel.php(198): Symfony/Component/Console/Application->run(Object(Symfony/Component/Console/Input/ArgvInput), Object(Symfony/Component/Console/Output/ConsoleOutput))
#18 C:/Users/Lenovo/CascadeProjects/gunjannagar-khanepani/artisan(12): Illuminate/Foundation/Console/Kernel->handle(Object(Symfony/Component/Console/Input/ArgvInput), Object(Symfony/Component/Console/Output/ConsoleOutput))
#19 {main}
"} 
[2026-08-15 20:40:46] local.ERROR: PHP Parse error: Syntax error, unexpected T_OBJECT_OPERATOR on line 1 {"exception":"[object] (Psy\\Exception\\ParseErrorException(code: 0): PHP Parse error: Syntax error, unexpected T_OBJECT_OPERATOR on line 1 at C:/Users/Lenovo/CascadeProjects/gunjannagar-khanepani/vendor/psy/psysh/src/Exception/ParseErrorException.php:44)
[stacktrace]
#0 C:/Users/Lenovo/CascadeProjects/gunjannagar-khanepani/vendor/psy/psysh/src/CodeCleaner.php(657): Psy/Exception/ParseErrorException::fromParseError(Object(PhpParser/Error))
#1 C:/Users/Lenovo/CascadeProjects/gunjannagar-khanepani/vendor/psy/psysh/src/CodeCleaner.php(273): Psy/CodeCleaner->parse('<?php App//Model...', false)
#2 C:/Users/Lenovo/CascadeProjects/gunjannagar-khanepani/vendor/psy/psysh/src/Shell.php(1399): Psy/CodeCleaner->clean(Array, false)
#3 C:/Users/Lenovo/CascadeProjects/gunjannagar-khanepani/vendor/psy/psysh/src/Shell.php(1506): Psy/Shell->appendCode('App//Models//Slid...', true, false)
#4 C:/Users/Lenovo/CascadeProjects/gunjannagar-khanepani/vendor/psy/psysh/src/Shell.php(2215): Psy/Shell->setCode('App//Models//Slid...', true)
#5 C:/Users/Lenovo/CascadeProjects/gunjannagar-khanepani/vendor/laravel/tinker/src/Console/TinkerCommand.php(77): Psy/Shell->execute('App//Models//Slid...')
#6 C:/Users/Lenovo/CascadeProjects/gunjannagar-khanepani/vendor/laravel/framework/src/Illuminate/Container/BoundMethod.php(36): Laravel/Tinker/Console/TinkerCommand->handle()
#7 C:/Users/Lenovo/CascadeProjects/gunjannagar-khanepani/vendor/laravel/framework/src/Illuminate/Container/Util.php(43): Illuminate/Container/BoundMethod::Illuminate/Container/{closure}()
#8 C:/Users/Lenovo/CascadeProjects/gunjannagar-khanepani/vendor/laravel/framework/src/Illuminate/Container/BoundMethod.php(96): Illuminate/Container/Util::unwrapIfClosure(Object(Closure))
#9 C:/Users/Lenovo/CascadeProjects/gunjannagar-khanepani/vendor/laravel/framework/src/Illuminate/Container/BoundMethod.php(35): Illuminate/Container/BoundMethod::callBoundMethod(Object(Illuminate/Foundation/Application), Array, Object(Closure))
#10 C:/Users/Lenovo/CascadeProjects/gunjannagar-khanepani/vendor/laravel/framework/src/Illuminate/Container/Container.php(799): Illuminate/Container/BoundMethod::call(Object(Illuminate/Foundation/Application), Array, Array, NULL)
#11 C:/Users/Lenovo/CascadeProjects/gunjannagar-khanepani/vendor/laravel/framework/src/Illuminate/Console/Command.php(211): Illuminate/Container/Container->call(Array)
#12 C:/Users/Lenovo/CascadeProjects/gunjannagar-khanepani/vendor/symfony/console/Command/Command.php(341): Illuminate/Console/Command->execute(Object(Symfony/Component/Console/Input/ArgvInput), Object(Illuminate/Console/OutputStyle))
#13 C:/Users/Lenovo/CascadeProjects/gunjannagar-khanepani/vendor/laravel/framework/src/Illuminate/Console/Command.php(180): Symfony/Component/Console/Command/Command->run(Object(Symfony/Component/Console/Input/ArgvInput), Object(Illuminate/Console/OutputStyle))
#14 C:/Users/Lenovo/CascadeProjects/gunjannagar-khanepani/vendor/symfony/console/Application.php(1117): Illuminate/Console/Command->run(Object(Symfony/Component/Console/Input/ArgvInput), Object(Symfony/Component/Console/Output/ConsoleOutput))
#15 C:/Users/Lenovo/CascadeProjects/gunjannagar-khanepani/vendor/symfony/console/Application.php(356): Symfony/Component/Console/Application->doRunCommand(Object(Laravel/Tinker/Console/TinkerCommand), Object(Symfony/Component/Console/Input/ArgvInput), Object(Symfony/Component/Console/Output/ConsoleOutput))
#16 C:/Users/Lenovo/CascadeProjects/gunjannagar-khanepani/vendor/symfony/console/Application.php(195): Symfony/Component/Console/Application->doRun(Object(Symfony/Component/Console/Input/ArgvInput), Object(Symfony/Component/Console/Output/ConsoleOutput))
#17 C:/Users/Lenovo/CascadeProjects/gunjannagar-khanepani/vendor/laravel/framework/src/Illuminate/Foundation/Console/Kernel.php(198): Symfony/Component/Console/Application->run(Object(Symfony/Component/Console/Input/ArgvInput), Object(Symfony/Component/Console/Output/ConsoleOutput))
#18 C:/Users/Lenovo/CascadeProjects/gunjannagar-khanepani/artisan(12): Illuminate/Foundation/Console/Kernel->handle(Object(Symfony/Component/Console/Input/ArgvInput), Object(Symfony/Component/Console/Output/ConsoleOutput))
#19 {main}
"} 
[2026-08-15 20:57:13] local.ERROR: The "--where" option does not exist. {"exception":"[object] (Symfony\\Component\\Console\\Exception\\RuntimeException(code: 0): The \"--where\" option does not exist. at C:/Users/Lenovo/CascadeProjects/gunjannagar-khanepani/vendor/symfony/console/Input/ArgvInput.php:226)
[stacktrace]
#0 C:/Users/Lenovo/CascadeProjects/gunjannagar-khanepani/vendor/symfony/console/Input/ArgvInput.php(153): Symfony/Component/Console/Input/ArgvInput->addLongOption('where', 'key='logo'')
#1 C:/Users/Lenovo/CascadeProjects/gunjannagar-khanepani/vendor/symfony/console/Input/ArgvInput.php(88): Symfony/Component/Console/Input/ArgvInput->parseLongOption('--where=key='lo...')
#2 C:/Users/Lenovo/CascadeProjects/gunjannagar-khanepani/vendor/symfony/console/Input/ArgvInput.php(77): Symfony/Component/Console/Input/ArgvInput->parseToken('--where=key='lo...', true)
#3 C:/Users/Lenovo/CascadeProjects/gunjannagar-khanepani/vendor/symfony/console/Input/Input.php(53): Symfony/Component/Console/Input/ArgvInput->parse()
#4 C:/Users/Lenovo/CascadeProjects/gunjannagar-khanepani/vendor/symfony/console/Command/Command.php(295): Symfony/Component/Console/Input/Input->bind(Object(Symfony/Component/Console/Input/InputDefinition))
#5 C:/Users/Lenovo/CascadeProjects/gunjannagar-khanepani/vendor/laravel/framework/src/Illuminate/Console/Command.php(180): Symfony/Component/Console/Command/Command->run(Object(Symfony/Component/Console/Input/ArgvInput), Object(Illuminate/Console/OutputStyle))
#6 C:/Users/Lenovo/CascadeProjects/gunjannagar-khanepani/vendor/symfony/console/Application.php(1117): Illuminate/Console/Command->run(Object(Symfony/Component/Console/Input/ArgvInput), Object(Symfony/Component/Console/Output/ConsoleOutput))
#7 C:/Users/Lenovo/CascadeProjects/gunjannagar-khanepani/vendor/symfony/console/Application.php(356): Symfony/Component/Console/Application->doRunCommand(Object(Illuminate/Database/Console/TableCommand), Object(Symfony/Component/Console/Input/ArgvInput), Object(Symfony/Component/Console/Output/ConsoleOutput))
#8 C:/Users/Lenovo/CascadeProjects/gunjannagar-khanepani/vendor/symfony/console/Application.php(195): Symfony/Component/Console/Application->doRun(Object(Symfony/Component/Console/Input/ArgvInput), Object(Symfony/Component/Console/Output/ConsoleOutput))
#9 C:/Users/Lenovo/CascadeProjects/gunjannagar-khanepani/vendor/laravel/framework/src/Illuminate/Foundation/Console/Kernel.php(198): Symfony/Component/Console/Application->run(Object(Symfony/Component/Console/Input/ArgvInput), Object(Symfony/Component/Console/Output/ConsoleOutput))
#10 C:/Users/Lenovo/CascadeProjects/gunjannagar-khanepani/artisan(12): Illuminate/Foundation/Console/Kernel->handle(Object(Symfony/Component/Console/Input/ArgvInput), Object(Symfony/Component/Console/Output/ConsoleOutput))
#11 {main}
"} 
[2026-08-15 21:05:55] local.ERROR: PHP Parse error: Syntax error, unexpected ')' on line 1 {"exception":"[object] (Psy\\Exception\\ParseErrorException(code: 0): PHP Parse error: Syntax error, unexpected ')' on line 1 at C:/Users/Lenovo/CascadeProjects/gunjannagar-khanepani/vendor/psy/psysh/src/Exception/ParseErrorException.php:44)
[stacktrace]
#0 C:/Users/Lenovo/CascadeProjects/gunjannagar-khanepani/vendor/psy/psysh/src/CodeCleaner.php(657): Psy/Exception/ParseErrorException::fromParseError(Object(PhpParser/Error))
#1 C:/Users/Lenovo/CascadeProjects/gunjannagar-khanepani/vendor/psy/psysh/src/CodeCleaner.php(273): Psy/CodeCleaner->parse('<?php foreach(A...', false)
#2 C:/Users/Lenovo/CascadeProjects/gunjannagar-khanepani/vendor/psy/psysh/src/Shell.php(1399): Psy/CodeCleaner->clean(Array, false)
#3 C:/Users/Lenovo/CascadeProjects/gunjannagar-khanepani/vendor/psy/psysh/src/Shell.php(1506): Psy/Shell->appendCode('foreach(App//Mod...', true, false)
#4 C:/Users/Lenovo/CascadeProjects/gunjannagar-khanepani/vendor/psy/psysh/src/Shell.php(2215): Psy/Shell->setCode('foreach(App//Mod...', true)
#5 C:/Users/Lenovo/CascadeProjects/gunjannagar-khanepani/vendor/laravel/tinker/src/Console/TinkerCommand.php(77): Psy/Shell->execute('foreach(App//Mod...')
#6 C:/Users/Lenovo/CascadeProjects/gunjannagar-khanepani/vendor/laravel/framework/src/Illuminate/Container/BoundMethod.php(36): Laravel/Tinker/Console/TinkerCommand->handle()
#7 C:/Users/Lenovo/CascadeProjects/gunjannagar-khanepani/vendor/laravel/framework/src/Illuminate/Container/Util.php(43): Illuminate/Container/BoundMethod::Illuminate/Container/{closure}()
#8 C:/Users/Lenovo/CascadeProjects/gunjannagar-khanepani/vendor/laravel/framework/src/Illuminate/Container/BoundMethod.php(96): Illuminate/Container/Util::unwrapIfClosure(Object(Closure))
#9 C:/Users/Lenovo/CascadeProjects/gunjannagar-khanepani/vendor/laravel/framework/src/Illuminate/Container/BoundMethod.php(35): Illuminate/Container/BoundMethod::callBoundMethod(Object(Illuminate/Foundation/Application), Array, Object(Closure))
#10 C:/Users/Lenovo/CascadeProjects/gunjannagar-khanepani/vendor/laravel/framework/src/Illuminate/Container/Container.php(799): Illuminate/Container/BoundMethod::call(Object(Illuminate/Foundation/Application), Array, Array, NULL)
#11 C:/Users/Lenovo/CascadeProjects/gunjannagar-khanepani/vendor/laravel/framework/src/Illuminate/Console/Command.php(211): Illuminate/Container/Container->call(Array)
#12 C:/Users/Lenovo/CascadeProjects/gunjannagar-khanepani/vendor/symfony/console/Command/Command.php(341): Illuminate/Console/Command->execute(Object(Symfony/Component/Console/Input/ArgvInput), Object(Illuminate/Console/OutputStyle))
#13 C:/Users/Lenovo/CascadeProjects/gunjannagar-khanepani/vendor/laravel/framework/src/Illuminate/Console/Command.php(180): Symfony/Component/Console/Command/Command->run(Object(Symfony/Component/Console/Input/ArgvInput), Object(Illuminate/Console/OutputStyle))
#14 C:/Users/Lenovo/CascadeProjects/gunjannagar-khanepani/vendor/symfony/console/Application.php(1117): Illuminate/Console/Command->run(Object(Symfony/Component/Console/Input/ArgvInput), Object(Symfony/Component/Console/Output/ConsoleOutput))
#15 C:/Users/Lenovo/CascadeProjects/gunjannagar-khanepani/vendor/symfony/console/Application.php(356): Symfony/Component/Console/Application->doRunCommand(Object(Laravel/Tinker/Console/TinkerCommand), Object(Symfony/Component/Console/Input/ArgvInput), Object(Symfony/Component/Console/Output/ConsoleOutput))
#16 C:/Users/Lenovo/CascadeProjects/gunjannagar-khanepani/vendor/symfony/console/Application.php(195): Symfony/Component/Console/Application->doRun(Object(Symfony/Component/Console/Input/ArgvInput), Object(Symfony/Component/Console/Output/ConsoleOutput))
#17 C:/Users/Lenovo/CascadeProjects/gunjannagar-khanepani/vendor/laravel/framework/src/Illuminate/Foundation/Console/Kernel.php(198): Symfony/Component/Console/Application->run(Object(Symfony/Component/Console/Input/ArgvInput), Object(Symfony/Component/Console/Output/ConsoleOutput))
#18 C:/Users/Lenovo/CascadeProjects/gunjannagar-khanepani/artisan(12): Illuminate/Foundation/Console/Kernel->handle(Object(Symfony/Component/Console/Input/ArgvInput), Object(Symfony/Component/Console/Output/ConsoleOutput))
#19 {main}
"} 
[2026-08-15 22:31:41] local.ERROR: View [contact] not found. {"userId":1,"exception":"[object] (InvalidArgumentException(code: 0): View [contact] not found. at C:/Users/Lenovo/CascadeProjects/gunjannagar-khanepani/vendor/laravel/framework/src/Illuminate/View/FileViewFinder.php:138)
[stacktrace]
#0 C:/Users/Lenovo/CascadeProjects/gunjannagar-khanepani/vendor/laravel/framework/src/Illuminate/View/FileViewFinder.php(78): Illuminate/View/FileViewFinder->findInPaths('contact', Array)
#1 C:/Users/Lenovo/CascadeProjects/gunjannagar-khanepani/vendor/laravel/framework/src/Illuminate/View/Factory.php(150): Illuminate/View/FileViewFinder->find('contact')
#2 C:/Users/Lenovo/CascadeProjects/gunjannagar-khanepani/vendor/laravel/framework/src/Illuminate/Foundation/helpers.php(1100): Illuminate/View/Factory->make('contact', Array, Array)
#3 C:/Users/Lenovo/CascadeProjects/gunjannagar-khanepani/app/Http/Controllers/HomeController.php(280): view('contact')
#4 C:/Users/Lenovo/CascadeProjects/gunjannagar-khanepani/vendor/laravel/framework/src/Illuminate/Routing/Controller.php(54): App/Http/Controllers/HomeController->contact()
#5 C:/Users/Lenovo/CascadeProjects/gunjannagar-khanepani/vendor/laravel/framework/src/Illuminate/Routing/ControllerDispatcher.php(43): Illuminate/Routing/Controller->callAction('contact', Array)
#6 C:/Users/Lenovo/CascadeProjects/gunjannagar-khanepani/vendor/laravel/framework/src/Illuminate/Routing/Route.php(265): Illuminate/Routing/ControllerDispatcher->dispatch(Object(Illuminate/Routing/Route), Object(App/Http/Controllers/HomeController), 'contact')
#7 C:/Users/Lenovo/CascadeProjects/gunjannagar-khanepani/vendor/laravel/framework/src/Illuminate/Routing/Route.php(211): Illuminate/Routing/Route->runController()
#8 C:/Users/Lenovo/CascadeProjects/gunjannagar-khanepani/vendor/laravel/framework/src/Illuminate/Routing/Router.php(822): Illuminate/Routing/Route->run()
#9 C:/Users/Lenovo/CascadeProjects/gunjannagar-khanepani/vendor/laravel/framework/src/Illuminate/Pipeline/Pipeline.php(180): Illuminate/Routing/Router->Illuminate/Routing/{closure}(Object(Illuminate/Http/Request))
#10 C:/Users/Lenovo/CascadeProjects/gunjannagar-khanepani/vendor/laravel/framework/src/Illuminate/Routing/Middleware/SubstituteBindings.php(50): Illuminate/Pipeline/Pipeline->Illuminate/Pipeline/{closure}(Object(Illuminate/Http/Request))
#11 C:/Users/Lenovo/CascadeProjects/gunjannagar-khanepani/vendor/laravel/framework/src/Illuminate/Pipeline/Pipeline.php(219): Illuminate/Routing/Middleware/SubstituteBindings->handle(Object(Illuminate/Http/Request), Object(Closure))
#12 C:/Users/Lenovo/CascadeProjects/gunjannagar-khanepani/vendor/laravel/framework/src/Illuminate/Foundation/Http/Middleware/VerifyCsrfToken.php(87): Illuminate/Pipeline/Pipeline->Illuminate/Pipeline/{closure}(Object(Illuminate/Http/Request))
#13 C:/Users/Lenovo/CascadeProjects/gunjannagar-khanepani/vendor/laravel/framework/src/Illuminate/Pipeline/Pipeline.php(219): Illuminate/Foundation/Http/Middleware/VerifyCsrfToken->handle(Object(Illuminate/Http/Request), Object(Closure))
#14 C:/Users/Lenovo/CascadeProjects/gunjannagar-khanepani/vendor/laravel/framework/src/Illuminate/View/Middleware/ShareErrorsFromSession.php(48): Illuminate/Pipeline/Pipeline->Illuminate/Pipeline/{closure}(Object(Illuminate/Http/Request))
#15 C:/Users/Lenovo/CascadeProjects/gunjannagar-khanepani/vendor/laravel/framework/src/Illuminate/Pipeline/Pipeline.php(219): Illuminate/View/Middleware/ShareErrorsFromSession->handle(Object(Illuminate/Http/Request), Object(Closure))
#16 C:/Users/Lenovo/CascadeProjects/gunjannagar-khanepani/vendor/laravel/framework/src/Illuminate/Session/Middleware/StartSession.php(120): Illuminate/Pipeline/Pipeline->Illuminate/Pipeline/{closure}(Object(Illuminate/Http/Request))
#17 C:/Users/Lenovo/CascadeProjects/gunjannagar-khanepani/vendor/laravel/framework/src/Illuminate/Session/Middleware/StartSession.php(63): Illuminate/Session/Middleware/StartSession->handleStatefulRequest(Object(Illuminate/Http/Request), Object(Illuminate/Session/Store), Object(Closure))
#18 C:/Users/Lenovo/CascadeProjects/gunjannagar-khanepani/vendor/laravel/framework/src/Illuminate/Pipeline/Pipeline.php(219): Illuminate/Session/Middleware/StartSession->handle(Object(Illuminate/Http/Request), Object(Closure))
#19 C:/Users/Lenovo/CascadeProjects/gunjannagar-khanepani/vendor/laravel/framework/src/Illuminate/Cookie/Middleware/AddQueuedCookiesToResponse.php(36): Illuminate/Pipeline/Pipeline->Illuminate/Pipeline/{closure}(Object(Illuminate/Http/Request))
#20 C:/Users/Lenovo/CascadeProjects/gunjannagar-khanepani/vendor/laravel/framework/src/Illuminate/Pipeline/Pipeline.php(219): Illuminate/Cookie/Middleware/AddQueuedCookiesToResponse->handle(Object(Illuminate/Http/Request), Object(Closure))
#21 C:/Users/Lenovo/CascadeProjects/gunjannagar-khanepani/vendor/laravel/framework/src/Illuminate/Cookie/Middleware/EncryptCookies.php(74): Illuminate/Pipeline/Pipeline->Illuminate/Pipeline/{closure}(Object(Illuminate/Http/Request))
#22 C:/Users/Lenovo/CascadeProjects/gunjannagar-khanepani/vendor/laravel/framework/src/Illuminate/Pipeline/Pipeline.php(219): Illuminate/Cookie/Middleware/EncryptCookies->handle(Object(Illuminate/Http/Request), Object(Closure))
#23 C:/Users/Lenovo/CascadeProjects/gunjannagar-khanepani/vendor/laravel/framework/src/Illuminate/Pipeline/Pipeline.php(137): Illuminate/Pipeline/Pipeline->Illuminate/Pipeline/{closure}(Object(Illuminate/Http/Request))
#24 C:/Users/Lenovo/CascadeProjects/gunjannagar-khanepani/vendor/laravel/framework/src/Illuminate/Routing/Router.php(821): Illuminate/Pipeline/Pipeline->then(Object(Closure))
#25 C:/Users/Lenovo/CascadeProjects/gunjannagar-khanepani/vendor/laravel/framework/src/Illuminate/Routing/Router.php(800): Illuminate/Routing/Router->runRouteWithinStack(Object(Illuminate/Routing/Route), Object(Illuminate/Http/Request))
#26 C:/Users/Lenovo/CascadeProjects/gunjannagar-khanepani/vendor/laravel/framework/src/Illuminate/Routing/Router.php(764): Illuminate/Routing/Router->runRoute(Object(Illuminate/Http/Request), Object(Illuminate/Routing/Route))
#27 C:/Users/Lenovo/CascadeProjects/gunjannagar-khanepani/vendor/laravel/framework/src/Illuminate/Routing/Router.php(753): Illuminate/Routing/Router->dispatchToRoute(Object(Illuminate/Http/Request))
#28 C:/Users/Lenovo/CascadeProjects/gunjannagar-khanepani/vendor/laravel/framework/src/Illuminate/Foundation/Http/Kernel.php(200): Illuminate/Routing/Router->dispatch(Object(Illuminate/Http/Request))
#29 C:/Users/Lenovo/CascadeProjects/gunjannagar-khanepani/vendor/laravel/framework/src/Illuminate/Pipeline/Pipeline.php(180): Illuminate/Foundation/Http/Kernel->Illuminate/Foundation/Http/{closure}(Object(Illuminate/Http/Request))
#30 C:/Users/Lenovo/CascadeProjects/gunjannagar-khanepani/vendor/laravel/framework/src/Illuminate/Foundation/Http/Middleware/TransformsRequest.php(21): Illuminate/Pipeline/Pipeline->Illuminate/Pipeline/{closure}(Object(Illuminate/Http/Request))
#31 C:/Users/Lenovo/CascadeProjects/gunjannagar-khanepani/vendor/laravel/framework/src/Illuminate/Foundation/Http/Middleware/ConvertEmptyStringsToNull.php(31): Illuminate/Foundation/Http/Middleware/TransformsRequest->handle(Object(Illuminate/Http/Request), Object(Closure))
#32 C:/Users/Lenovo/CascadeProjects/gunjannagar-khanepani/vendor/laravel/framework/src/Illuminate/Pipeline/Pipeline.php(219): Illuminate/Foundation/Http/Middleware/ConvertEmptyStringsToNull->handle(Object(Illuminate/Http/Request), Object(Closure))
#33 C:/Users/Lenovo/CascadeProjects/gunjannagar-khanepani/vendor/laravel/framework/src/Illuminate/Foundation/Http/Middleware/TransformsRequest.php(21): Illuminate/Pipeline/Pipeline->Illuminate/Pipeline/{closure}(Object(Illuminate/Http/Request))
#34 C:/Users/Lenovo/CascadeProjects/gunjannagar-khanepani/vendor/laravel/framework/src/Illuminate/Foundation/Http/Middleware/TrimStrings.php(51): Illuminate/Foundation/Http/Middleware/TransformsRequest->handle(Object(Illuminate/Http/Request), Object(Closure))
#35 C:/Users/Lenovo/CascadeProjects/gunjannagar-khanepani/vendor/laravel/framework/src/Illuminate/Pipeline/Pipeline.php(219): Illuminate/Foundation/Http/Middleware/TrimStrings->handle(Object(Illuminate/Http/Request), Object(Closure))
#36 C:/Users/Lenovo/CascadeProjects/gunjannagar-khanepani/vendor/laravel/framework/src/Illuminate/Http/Middleware/ValidatePostSize.php(27): Illuminate/Pipeline/Pipeline->Illuminate/Pipeline/{closure}(Object(Illuminate/Http/Request))
#37 C:/Users/Lenovo/CascadeProjects/gunjannagar-khanepani/vendor/laravel/framework/src/Illuminate/Pipeline/Pipeline.php(219): Illuminate/Http/Middleware/ValidatePostSize->handle(Object(Illuminate/Http/Request), Object(Closure))
#38 C:/Users/Lenovo/CascadeProjects/gunjannagar-khanepani/vendor/laravel/framework/src/Illuminate/Foundation/Http/Middleware/PreventRequestsDuringMaintenance.php(109): Illuminate/Pipeline/Pipeline->Illuminate/Pipeline/{closure}(Object(Illuminate/Http/Request))
#39 C:/Users/Lenovo/CascadeProjects/gunjannagar-khanepani/vendor/laravel/framework/src/Illuminate/Pipeline/Pipeline.php(219): Illuminate/Foundation/Http/Middleware/PreventRequestsDuringMaintenance->handle(Object(Illuminate/Http/Request), Object(Closure))
#40 C:/Users/Lenovo/CascadeProjects/gunjannagar-khanepani/vendor/laravel/framework/src/Illuminate/Http/Middleware/HandleCors.php(61): Illuminate/Pipeline/Pipeline->Illuminate/Pipeline/{closure}(Object(Illuminate/Http/Request))
#41 C:/Users/Lenovo/CascadeProjects/gunjannagar-khanepani/vendor/laravel/framework/src/Illuminate/Pipeline/Pipeline.php(219): Illuminate/Http/Middleware/HandleCors->handle(Object(Illuminate/Http/Request), Object(Closure))
#42 C:/Users/Lenovo/CascadeProjects/gunjannagar-khanepani/vendor/laravel/framework/src/Illuminate/Http/Middleware/TrustProxies.php(58): Illuminate/Pipeline/Pipeline->Illuminate/Pipeline/{closure}(Object(Illuminate/Http/Request))
#43 C:/Users/Lenovo/CascadeProjects/gunjannagar-khanepani/vendor/laravel/framework/src/Illuminate/Pipeline/Pipeline.php(219): Illuminate/Http/Middleware/TrustProxies->handle(Object(Illuminate/Http/Request), Object(Closure))
#44 C:/Users/Lenovo/CascadeProjects/gunjannagar-khanepani/vendor/laravel/framework/src/Illuminate/Foundation/Http/Middleware/InvokeDeferredCallbacks.php(22): Illuminate/Pipeline/Pipeline->Illuminate/Pipeline/{closure}(Object(Illuminate/Http/Request))
#45 C:/Users/Lenovo/CascadeProjects/gunjannagar-khanepani/vendor/laravel/framework/src/Illuminate/Pipeline/Pipeline.php(219): Illuminate/Foundation/Http/Middleware/InvokeDeferredCallbacks->handle(Object(Illuminate/Http/Request), Object(Closure))
#46 C:/Users/Lenovo/CascadeProjects/gunjannagar-khanepani/vendor/laravel/framework/src/Illuminate/Http/Middleware/ValidatePathEncoding.php(26): Illuminate/Pipeline/Pipeline->Illuminate/Pipeline/{closure}(Object(Illuminate/Http/Request))
#47 C:/Users/Lenovo/CascadeProjects/gunjannagar-khanepani/vendor/laravel/framework/src/Illuminate/Pipeline/Pipeline.php(219): Illuminate/Http/Middleware/ValidatePathEncoding->handle(Object(Illuminate/Http/Request), Object(Closure))
#48 C:/Users/Lenovo/CascadeProjects/gunjannagar-khanepani/vendor/laravel/framework/src/Illuminate/Pipeline/Pipeline.php(137): Illuminate/Pipeline/Pipeline->Illuminate/Pipeline/{closure}(Object(Illuminate/Http/Request))
#49 C:/Users/Lenovo/CascadeProjects/gunjannagar-khanepani/vendor/laravel/framework/src/Illuminate/Foundation/Http/Kernel.php(175): Illuminate/Pipeline/Pipeline->then(Object(Closure))
#50 C:/Users/Lenovo/CascadeProjects/gunjannagar-khanepani/vendor/laravel/framework/src/Illuminate/Foundation/Http/Kernel.php(144): Illuminate/Foundation/Http/Kernel->sendRequestThroughRouter(Object(Illuminate/Http/Request))
#51 C:/Users/Lenovo/CascadeProjects/gunjannagar-khanepani/public/index.php(17): Illuminate/Foundation/Http/Kernel->handle(Object(Illuminate/Http/Request))
#52 C:/Users/Lenovo/CascadeProjects/gunjannagar-khanepani/vendor/laravel/framework/src/Illuminate/Foundation/resources/server.php(23): require_once('C://Users//Lenovo...')
#53 {main}
"} 
[2026-08-16 13:25:02] local.ERROR: PHP Parse error: Syntax error, unexpected T_NS_SEPARATOR on line 1 {"exception":"[object] (Psy\\Exception\\ParseErrorException(code: 0): PHP Parse error: Syntax error, unexpected T_NS_SEPARATOR on line 1 at C:/Users/Lenovo/CascadeProjects/gunjannagar-khanepani/vendor/psy/psysh/src/Exception/ParseErrorException.php:44)
[stacktrace]
#0 C:/Users/Lenovo/CascadeProjects/gunjannagar-khanepani/vendor/psy/psysh/src/CodeCleaner.php(657): Psy/Exception/ParseErrorException::fromParseError(Object(PhpParser/Error))
#1 C:/Users/Lenovo/CascadeProjects/gunjannagar-khanepani/vendor/psy/psysh/src/CodeCleaner.php(273): Psy/CodeCleaner->parse('<?php // = //App//...', false)
#2 C:/Users/Lenovo/CascadeProjects/gunjannagar-khanepani/vendor/psy/psysh/src/Shell.php(1399): Psy/CodeCleaner->clean(Array, false)
#3 C:/Users/Lenovo/CascadeProjects/gunjannagar-khanepani/vendor/psy/psysh/src/Shell.php(1506): Psy/Shell->appendCode('// = //App//Models...', true, false)
#4 C:/Users/Lenovo/CascadeProjects/gunjannagar-khanepani/vendor/psy/psysh/src/Shell.php(2215): Psy/Shell->setCode('// = //App//Models...', true)
#5 C:/Users/Lenovo/CascadeProjects/gunjannagar-khanepani/vendor/laravel/tinker/src/Console/TinkerCommand.php(77): Psy/Shell->execute('// = //App//Models...')
#6 C:/Users/Lenovo/CascadeProjects/gunjannagar-khanepani/vendor/laravel/framework/src/Illuminate/Container/BoundMethod.php(36): Laravel/Tinker/Console/TinkerCommand->handle()
#7 C:/Users/Lenovo/CascadeProjects/gunjannagar-khanepani/vendor/laravel/framework/src/Illuminate/Container/Util.php(43): Illuminate/Container/BoundMethod::Illuminate/Container/{closure}()
#8 C:/Users/Lenovo/CascadeProjects/gunjannagar-khanepani/vendor/laravel/framework/src/Illuminate/Container/BoundMethod.php(96): Illuminate/Container/Util::unwrapIfClosure(Object(Closure))
#9 C:/Users/Lenovo/CascadeProjects/gunjannagar-khanepani/vendor/laravel/framework/src/Illuminate/Container/BoundMethod.php(35): Illuminate/Container/BoundMethod::callBoundMethod(Object(Illuminate/Foundation/Application), Array, Object(Closure))
#10 C:/Users/Lenovo/CascadeProjects/gunjannagar-khanepani/vendor/laravel/framework/src/Illuminate/Container/Container.php(799): Illuminate/Container/BoundMethod::call(Object(Illuminate/Foundation/Application), Array, Array, NULL)
#11 C:/Users/Lenovo/CascadeProjects/gunjannagar-khanepani/vendor/laravel/framework/src/Illuminate/Console/Command.php(211): Illuminate/Container/Container->call(Array)
#12 C:/Users/Lenovo/CascadeProjects/gunjannagar-khanepani/vendor/symfony/console/Command/Command.php(341): Illuminate/Console/Command->execute(Object(Symfony/Component/Console/Input/ArgvInput), Object(Illuminate/Console/OutputStyle))
#13 C:/Users/Lenovo/CascadeProjects/gunjannagar-khanepani/vendor/laravel/framework/src/Illuminate/Console/Command.php(180): Symfony/Component/Console/Command/Command->run(Object(Symfony/Component/Console/Input/ArgvInput), Object(Illuminate/Console/OutputStyle))
#14 C:/Users/Lenovo/CascadeProjects/gunjannagar-khanepani/vendor/symfony/console/Application.php(1117): Illuminate/Console/Command->run(Object(Symfony/Component/Console/Input/ArgvInput), Object(Symfony/Component/Console/Output/ConsoleOutput))
#15 C:/Users/Lenovo/CascadeProjects/gunjannagar-khanepani/vendor/symfony/console/Application.php(356): Symfony/Component/Console/Application->doRunCommand(Object(Laravel/Tinker/Console/TinkerCommand), Object(Symfony/Component/Console/Input/ArgvInput), Object(Symfony/Component/Console/Output/ConsoleOutput))
#16 C:/Users/Lenovo/CascadeProjects/gunjannagar-khanepani/vendor/symfony/console/Application.php(195): Symfony/Component/Console/Application->doRun(Object(Symfony/Component/Console/Input/ArgvInput), Object(Symfony/Component/Console/Output/ConsoleOutput))
#17 C:/Users/Lenovo/CascadeProjects/gunjannagar-khanepani/vendor/laravel/framework/src/Illuminate/Foundation/Console/Kernel.php(198): Symfony/Component/Console/Application->run(Object(Symfony/Component/Console/Input/ArgvInput), Object(Symfony/Component/Console/Output/ConsoleOutput))
#18 C:/Users/Lenovo/CascadeProjects/gunjannagar-khanepani/artisan(12): Illuminate/Foundation/Console/Kernel->handle(Object(Symfony/Component/Console/Input/ArgvInput), Object(Symfony/Component/Console/Output/ConsoleOutput))
#19 {main}
"} 
[2026-08-16 13:25:39] local.ERROR: No arguments expected for "db:show" command, got "sqlite". {"exception":"[object] (Symfony\\Component\\Console\\Exception\\RuntimeException(code: 0): No arguments expected for \"db:show\" command, got \"sqlite\". at C:/Users/Lenovo/CascadeProjects/gunjannagar-khanepani/vendor/symfony/console/Input/ArgvInput.php:199)
[stacktrace]
#0 C:/Users/Lenovo/CascadeProjects/gunjannagar-khanepani/vendor/symfony/console/Input/ArgvInput.php(92): Symfony/Component/Console/Input/ArgvInput->parseArgument('sqlite')
#1 C:/Users/Lenovo/CascadeProjects/gunjannagar-khanepani/vendor/symfony/console/Input/ArgvInput.php(77): Symfony/Component/Console/Input/ArgvInput->parseToken('sqlite', true)
#2 C:/Users/Lenovo/CascadeProjects/gunjannagar-khanepani/vendor/symfony/console/Input/Input.php(53): Symfony/Component/Console/Input/ArgvInput->parse()
#3 C:/Users/Lenovo/CascadeProjects/gunjannagar-khanepani/vendor/symfony/console/Command/Command.php(295): Symfony/Component/Console/Input/Input->bind(Object(Symfony/Component/Console/Input/InputDefinition))
#4 C:/Users/Lenovo/CascadeProjects/gunjannagar-khanepani/vendor/laravel/framework/src/Illuminate/Console/Command.php(180): Symfony/Component/Console/Command/Command->run(Object(Symfony/Component/Console/Input/ArgvInput), Object(Illuminate/Console/OutputStyle))
#5 C:/Users/Lenovo/CascadeProjects/gunjannagar-khanepani/vendor/symfony/console/Application.php(1117): Illuminate/Console/Command->run(Object(Symfony/Component/Console/Input/ArgvInput), Object(Symfony/Component/Console/Output/ConsoleOutput))
#6 C:/Users/Lenovo/CascadeProjects/gunjannagar-khanepani/vendor/symfony/console/Application.php(356): Symfony/Component/Console/Application->doRunCommand(Object(Illuminate/Database/Console/ShowCommand), Object(Symfony/Component/Console/Input/ArgvInput), Object(Symfony/Component/Console/Output/ConsoleOutput))
#7 C:/Users/Lenovo/CascadeProjects/gunjannagar-khanepani/vendor/symfony/console/Application.php(195): Symfony/Component/Console/Application->doRun(Object(Symfony/Component/Console/Input/ArgvInput), Object(Symfony/Component/Console/Output/ConsoleOutput))
#8 C:/Users/Lenovo/CascadeProjects/gunjannagar-khanepani/vendor/laravel/framework/src/Illuminate/Foundation/Console/Kernel.php(198): Symfony/Component/Console/Application->run(Object(Symfony/Component/Console/Input/ArgvInput), Object(Symfony/Component/Console/Output/ConsoleOutput))
#9 C:/Users/Lenovo/CascadeProjects/gunjannagar-khanepani/artisan(12): Illuminate/Foundation/Console/Kernel->handle(Object(Symfony/Component/Console/Input/ArgvInput), Object(Symfony/Component/Console/Output/ConsoleOutput))
#10 {main}
"} 
[2026-08-16 13:28:43] local.ERROR: SQLSTATE[HY000] [2002] No connection could be made because the target machine actively refused it (Connection: mysql, Host: 127.0.0.1, Port: 3306, Database: gunjannagar_khanepani, SQL: select exists (select 1 from information_schema.tables where table_schema = schema() and table_name = 'migrations' and table_type in ('BASE TABLE', 'SYSTEM VERSIONED')) as `exists`) {"exception":"[object] (Illuminate\\Database\\QueryException(code: 2002): SQLSTATE[HY000] [2002] No connection could be made because the target machine actively refused it (Connection: mysql, Host: 127.0.0.1, Port: 3306, Database: gunjannagar_khanepani, SQL: select exists (select 1 from information_schema.tables where table_schema = schema() and table_name = 'migrations' and table_type in ('BASE TABLE', 'SYSTEM VERSIONED')) as `exists`) at C:/Users/Lenovo/CascadeProjects/gunjannagar-khanepani/vendor/laravel/framework/src/Illuminate/Database/Connection.php:838)
[stacktrace]
#0 C:/Users/Lenovo/CascadeProjects/gunjannagar-khanepani/vendor/laravel/framework/src/Illuminate/Database/Connection.php(999): Illuminate/Database/Connection->runQueryCallback('select exists (...', Array, Object(Closure))
#1 C:/Users/Lenovo/CascadeProjects/gunjannagar-khanepani/vendor/laravel/framework/src/Illuminate/Database/Connection.php(978): Illuminate/Database/Connection->tryAgainIfCausedByLostConnection(Object(Illuminate/Database/QueryException), 'select exists (...', Array, Object(Closure))
#2 C:/Users/Lenovo/CascadeProjects/gunjannagar-khanepani/vendor/laravel/framework/src/Illuminate/Database/Connection.php(796): Illuminate/Database/Connection->handleQueryException(Object(Illuminate/Database/QueryException), 'select exists (...', Array, Object(Closure))
#3 C:/Users/Lenovo/CascadeProjects/gunjannagar-khanepani/vendor/laravel/framework/src/Illuminate/Database/Connection.php(411): Illuminate/Database/Connection->run('select exists (...', Array, Object(Closure))
#4 C:/Users/Lenovo/CascadeProjects/gunjannagar-khanepani/vendor/laravel/framework/src/Illuminate/Database/Connection.php(357): Illuminate/Database/Connection->select('select exists (...', Array, true)
#5 C:/Users/Lenovo/CascadeProjects/gunjannagar-khanepani/vendor/laravel/framework/src/Illuminate/Database/Connection.php(374): Illuminate/Database/Connection->selectOne('select exists (...', Array, true)
#6 C:/Users/Lenovo/CascadeProjects/gunjannagar-khanepani/vendor/laravel/framework/src/Illuminate/Database/Schema/Builder.php(176): Illuminate/Database/Connection->scalar('select exists (...')
#7 C:/Users/Lenovo/CascadeProjects/gunjannagar-khanepani/vendor/laravel/framework/src/Illuminate/Database/Migrations/DatabaseMigrationRepository.php(185): Illuminate/Database/Schema/Builder->hasTable('migrations')
#8 C:/Users/Lenovo/CascadeProjects/gunjannagar-khanepani/vendor/laravel/framework/src/Illuminate/Database/Migrations/Migrator.php(758): Illuminate/Database/Migrations/DatabaseMigrationRepository->repositoryExists()
#9 C:/Users/Lenovo/CascadeProjects/gunjannagar-khanepani/vendor/laravel/framework/src/Illuminate/Database/Console/Migrations/MigrateCommand.php(164): Illuminate/Database/Migrations/Migrator->repositoryExists()
#10 C:/Users/Lenovo/CascadeProjects/gunjannagar-khanepani/vendor/laravel/framework/src/Illuminate/Support/helpers.php(328): Illuminate/Database/Console/Migrations/MigrateCommand->Illuminate/Database/Console/Migrations/{closure}(1)
#11 C:/Users/Lenovo/CascadeProjects/gunjannagar-khanepani/vendor/laravel/framework/src/Illuminate/Database/Console/Migrations/MigrateCommand.php(164): retry(1, Object(Closure), 0, Object(Closure))
#12 C:/Users/Lenovo/CascadeProjects/gunjannagar-khanepani/vendor/laravel/framework/src/Illuminate/Database/Console/Migrations/MigrateCommand.php(140): Illuminate/Database/Console/Migrations/MigrateCommand->repositoryExists()
#13 C:/Users/Lenovo/CascadeProjects/gunjannagar-khanepani/vendor/laravel/framework/src/Illuminate/Database/Console/Migrations/MigrateCommand.php(110): Illuminate/Database/Console/Migrations/MigrateCommand->prepareDatabase()
#14 C:/Users/Lenovo/CascadeProjects/gunjannagar-khanepani/vendor/laravel/framework/src/Illuminate/Database/Migrations/Migrator.php(671): Illuminate/Database/Console/Migrations/MigrateCommand->Illuminate/Database/Console/Migrations/{closure}()
#15 C:/Users/Lenovo/CascadeProjects/gunjannagar-khanepani/vendor/laravel/framework/src/Illuminate/Database/Console/Migrations/MigrateCommand.php(109): Illuminate/Database/Migrations/Migrator->usingConnection(NULL, Object(Closure))
#16 C:/Users/Lenovo/CascadeProjects/gunjannagar-khanepani/vendor/laravel/framework/src/Illuminate/Database/Console/Migrations/MigrateCommand.php(88): Illuminate/Database/Console/Migrations/MigrateCommand->runMigrations()
#17 C:/Users/Lenovo/CascadeProjects/gunjannagar-khanepani/vendor/laravel/framework/src/Illuminate/Container/BoundMethod.php(36): Illuminate/Database/Console/Migrations/MigrateCommand->handle()
#18 C:/Users/Lenovo/CascadeProjects/gunjannagar-khanepani/vendor/laravel/framework/src/Illuminate/Container/Util.php(43): Illuminate/Container/BoundMethod::Illuminate/Container/{closure}()
#19 C:/Users/Lenovo/CascadeProjects/gunjannagar-khanepani/vendor/laravel/framework/src/Illuminate/Container/BoundMethod.php(96): Illuminate/Container/Util::unwrapIfClosure(Object(Closure))
#20 C:/Users/Lenovo/CascadeProjects/gunjannagar-khanepani/vendor/laravel/framework/src/Illuminate/Container/BoundMethod.php(35): Illuminate/Container/BoundMethod::callBoundMethod(Object(Illuminate/Foundation/Application), Array, Object(Closure))
#21 C:/Users/Lenovo/CascadeProjects/gunjannagar-khanepani/vendor/laravel/framework/src/Illuminate/Container/Container.php(799): Illuminate/Container/BoundMethod::call(Object(Illuminate/Foundation/Application), Array, Array, NULL)
#22 C:/Users/Lenovo/CascadeProjects/gunjannagar-khanepani/vendor/laravel/framework/src/Illuminate/Console/Command.php(211): Illuminate/Container/Container->call(Array)
#23 C:/Users/Lenovo/CascadeProjects/gunjannagar-khanepani/vendor/symfony/console/Command/Command.php(341): Illuminate/Console/Command->execute(Object(Symfony/Component/Console/Input/ArgvInput), Object(Illuminate/Console/OutputStyle))
#24 C:/Users/Lenovo/CascadeProjects/gunjannagar-khanepani/vendor/laravel/framework/src/Illuminate/Console/Command.php(180): Symfony/Component/Console/Command/Command->run(Object(Symfony/Component/Console/Input/ArgvInput), Object(Illuminate/Console/OutputStyle))
#25 C:/Users/Lenovo/CascadeProjects/gunjannagar-khanepani/vendor/symfony/console/Application.php(1117): Illuminate/Console/Command->run(Object(Symfony/Component/Console/Input/ArgvInput), Object(Symfony/Component/Console/Output/ConsoleOutput))
#26 C:/Users/Lenovo/CascadeProjects/gunjannagar-khanepani/vendor/symfony/console/Application.php(356): Symfony/Component/Console/Application->doRunCommand(Object(Illuminate/Database/Console/Migrations/MigrateCommand), Object(Symfony/Component/Console/Input/ArgvInput), Object(Symfony/Component/Console/Output/ConsoleOutput))
#27 C:/Users/Lenovo/CascadeProjects/gunjannagar-khanepani/vendor/symfony/console/Application.php(195): Symfony/Component/Console/Application->doRun(Object(Symfony/Component/Console/Input/ArgvInput), Object(Symfony/Component/Console/Output/ConsoleOutput))
#28 C:/Users/Lenovo/CascadeProjects/gunjannagar-khanepani/vendor/laravel/framework/src/Illuminate/Foundation/Console/Kernel.php(198): Symfony/Component/Console/Application->run(Object(Symfony/Component/Console/Input/ArgvInput), Object(Symfony/Component/Console/Output/ConsoleOutput))
#29 C:/Users/Lenovo/CascadeProjects/gunjannagar-khanepani/artisan(12): Illuminate/Foundation/Console/Kernel->handle(Object(Symfony/Component/Console/Input/ArgvInput), Object(Symfony/Component/Console/Output/ConsoleOutput))
#30 {main}

[previous exception] [object] (PDOException(code: 2002): SQLSTATE[HY000] [2002] No connection could be made because the target machine actively refused it at C:/Users/Lenovo/CascadeProjects/gunjannagar-khanepani/vendor/laravel/framework/src/Illuminate/Database/Connectors/Connector.php:66)
[stacktrace]
#0 C:/Users/Lenovo/CascadeProjects/gunjannagar-khanepani/vendor/laravel/framework/src/Illuminate/Database/Connectors/Connector.php(66): PDO->__construct('mysql:host=127....', 'root', Object(SensitiveParameterValue), Array)
#1 C:/Users/Lenovo/CascadeProjects/gunjannagar-khanepani/vendor/laravel/framework/src/Illuminate/Database/Connectors/Connector.php(85): Illuminate/Database/Connectors/Connector->createPdoConnection('mysql:host=127....', 'root', Object(SensitiveParameterValue), Array)
#2 C:/Users/Lenovo/CascadeProjects/gunjannagar-khanepani/vendor/laravel/framework/src/Illuminate/Database/Connectors/Connector.php(48): Illuminate/Database/Connectors/Connector->tryAgainIfCausedByLostConnection(Object(PDOException), 'mysql:host=127....', 'root', Object(SensitiveParameterValue), Array)
#3 C:/Users/Lenovo/CascadeProjects/gunjannagar-khanepani/vendor/laravel/framework/src/Illuminate/Database/Connectors/MySqlConnector.php(24): Illuminate/Database/Connectors/Connector->createConnection('mysql:host=127....', Array, Array)
#4 C:/Users/Lenovo/CascadeProjects/gunjannagar-khanepani/vendor/laravel/framework/src/Illuminate/Database/Connectors/ConnectionFactory.php(186): Illuminate/Database/Connectors/MySqlConnector->connect(Array)
#5 [internal function]: Illuminate/Database/Connectors/ConnectionFactory->Illuminate/Database/Connectors/{closure}()
#6 C:/Users/Lenovo/CascadeProjects/gunjannagar-khanepani/vendor/laravel/framework/src/Illuminate/Database/Connection.php(1257): call_user_func(Object(Closure))
#7 C:/Users/Lenovo/CascadeProjects/gunjannagar-khanepani/vendor/laravel/framework/src/Illuminate/Database/Connection.php(1295): Illuminate/Database/Connection->getPdo()
#8 C:/Users/Lenovo/CascadeProjects/gunjannagar-khanepani/vendor/laravel/framework/src/Illuminate/Database/Connection.php(525): Illuminate/Database/Connection->getReadPdo()
#9 C:/Users/Lenovo/CascadeProjects/gunjannagar-khanepani/vendor/laravel/framework/src/Illuminate/Database/Connection.php(420): Illuminate/Database/Connection->getPdoForSelect(true)
#10 C:/Users/Lenovo/CascadeProjects/gunjannagar-khanepani/vendor/laravel/framework/src/Illuminate/Database/Connection.php(827): Illuminate/Database/Connection->Illuminate/Database/{closure}('select exists (...', Array)
#11 C:/Users/Lenovo/CascadeProjects/gunjannagar-khanepani/vendor/laravel/framework/src/Illuminate/Database/Connection.php(999): Illuminate/Database/Connection->runQueryCallback('select exists (...', Array, Object(Closure))
#12 C:/Users/Lenovo/CascadeProjects/gunjannagar-khanepani/vendor/laravel/framework/src/Illuminate/Database/Connection.php(978): Illuminate/Database/Connection->tryAgainIfCausedByLostConnection(Object(Illuminate/Database/QueryException), 'select exists (...', Array, Object(Closure))
#13 C:/Users/Lenovo/CascadeProjects/gunjannagar-khanepani/vendor/laravel/framework/src/Illuminate/Database/Connection.php(796): Illuminate/Database/Connection->handleQueryException(Object(Illuminate/Database/QueryException), 'select exists (...', Array, Object(Closure))
#14 C:/Users/Lenovo/CascadeProjects/gunjannagar-khanepani/vendor/laravel/framework/src/Illuminate/Database/Connection.php(411): Illuminate/Database/Connection->run('select exists (...', Array, Object(Closure))
#15 C:/Users/Lenovo/CascadeProjects/gunjannagar-khanepani/vendor/laravel/framework/src/Illuminate/Database/Connection.php(357): Illuminate/Database/Connection->select('select exists (...', Array, true)
#16 C:/Users/Lenovo/CascadeProjects/gunjannagar-khanepani/vendor/laravel/framework/src/Illuminate/Database/Connection.php(374): Illuminate/Database/Connection->selectOne('select exists (...', Array, true)
#17 C:/Users/Lenovo/CascadeProjects/gunjannagar-khanepani/vendor/laravel/framework/src/Illuminate/Database/Schema/Builder.php(176): Illuminate/Database/Connection->scalar('select exists (...')
#18 C:/Users/Lenovo/CascadeProjects/gunjannagar-khanepani/vendor/laravel/framework/src/Illuminate/Database/Migrations/DatabaseMigrationRepository.php(185): Illuminate/Database/Schema/Builder->hasTable('migrations')
#19 C:/Users/Lenovo/CascadeProjects/gunjannagar-khanepani/vendor/laravel/framework/src/Illuminate/Database/Migrations/Migrator.php(758): Illuminate/Database/Migrations/DatabaseMigrationRepository->repositoryExists()
#20 C:/Users/Lenovo/CascadeProjects/gunjannagar-khanepani/vendor/laravel/framework/src/Illuminate/Database/Console/Migrations/MigrateCommand.php(164): Illuminate/Database/Migrations/Migrator->repositoryExists()
#21 C:/Users/Lenovo/CascadeProjects/gunjannagar-khanepani/vendor/laravel/framework/src/Illuminate/Support/helpers.php(328): Illuminate/Database/Console/Migrations/MigrateCommand->Illuminate/Database/Console/Migrations/{closure}(1)
#22 C:/Users/Lenovo/CascadeProjects/gunjannagar-khanepani/vendor/laravel/framework/src/Illuminate/Database/Console/Migrations/MigrateCommand.php(164): retry(1, Object(Closure), 0, Object(Closure))
#23 C:/Users/Lenovo/CascadeProjects/gunjannagar-khanepani/vendor/laravel/framework/src/Illuminate/Database/Console/Migrations/MigrateCommand.php(140): Illuminate/Database/Console/Migrations/MigrateCommand->repositoryExists()
#24 C:/Users/Lenovo/CascadeProjects/gunjannagar-khanepani/vendor/laravel/framework/src/Illuminate/Database/Console/Migrations/MigrateCommand.php(110): Illuminate/Database/Console/Migrations/MigrateCommand->prepareDatabase()
#25 C:/Users/Lenovo/CascadeProjects/gunjannagar-khanepani/vendor/laravel/framework/src/Illuminate/Database/Migrations/Migrator.php(671): Illuminate/Database/Console/Migrations/MigrateCommand->Illuminate/Database/Console/Migrations/{closure}()
#26 C:/Users/Lenovo/CascadeProjects/gunjannagar-khanepani/vendor/laravel/framework/src/Illuminate/Database/Console/Migrations/MigrateCommand.php(109): Illuminate/Database/Migrations/Migrator->usingConnection(NULL, Object(Closure))
#27 C:/Users/Lenovo/CascadeProjects/gunjannagar-khanepani/vendor/laravel/framework/src/Illuminate/Database/Console/Migrations/MigrateCommand.php(88): Illuminate/Database/Console/Migrations/MigrateCommand->runMigrations()
#28 C:/Users/Lenovo/CascadeProjects/gunjannagar-khanepani/vendor/laravel/framework/src/Illuminate/Container/BoundMethod.php(36): Illuminate/Database/Console/Migrations/MigrateCommand->handle()
#29 C:/Users/Lenovo/CascadeProjects/gunjannagar-khanepani/vendor/laravel/framework/src/Illuminate/Container/Util.php(43): Illuminate/Container/BoundMethod::Illuminate/Container/{closure}()
#30 C:/Users/Lenovo/CascadeProjects/gunjannagar-khanepani/vendor/laravel/framework/src/Illuminate/Container/BoundMethod.php(96): Illuminate/Container/Util::unwrapIfClosure(Object(Closure))
#31 C:/Users/Lenovo/CascadeProjects/gunjannagar-khanepani/vendor/laravel/framework/src/Illuminate/Container/BoundMethod.php(35): Illuminate/Container/BoundMethod::callBoundMethod(Object(Illuminate/Foundation/Application), Array, Object(Closure))
#32 C:/Users/Lenovo/CascadeProjects/gunjannagar-khanepani/vendor/laravel/framework/src/Illuminate/Container/Container.php(799): Illuminate/Container/BoundMethod::call(Object(Illuminate/Foundation/Application), Array, Array, NULL)
#33 C:/Users/Lenovo/CascadeProjects/gunjannagar-khanepani/vendor/laravel/framework/src/Illuminate/Console/Command.php(211): Illuminate/Container/Container->call(Array)
#34 C:/Users/Lenovo/CascadeProjects/gunjannagar-khanepani/vendor/symfony/console/Command/Command.php(341): Illuminate/Console/Command->execute(Object(Symfony/Component/Console/Input/ArgvInput), Object(Illuminate/Console/OutputStyle))
#35 C:/Users/Lenovo/CascadeProjects/gunjannagar-khanepani/vendor/laravel/framework/src/Illuminate/Console/Command.php(180): Symfony/Component/Console/Command/Command->run(Object(Symfony/Component/Console/Input/ArgvInput), Object(Illuminate/Console/OutputStyle))
#36 C:/Users/Lenovo/CascadeProjects/gunjannagar-khanepani/vendor/symfony/console/Application.php(1117): Illuminate/Console/Command->run(Object(Symfony/Component/Console/Input/ArgvInput), Object(Symfony/Component/Console/Output/ConsoleOutput))
#37 C:/Users/Lenovo/CascadeProjects/gunjannagar-khanepani/vendor/symfony/console/Application.php(356): Symfony/Component/Console/Application->doRunCommand(Object(Illuminate/Database/Console/Migrations/MigrateCommand), Object(Symfony/Component/Console/Input/ArgvInput), Object(Symfony/Component/Console/Output/ConsoleOutput))
#38 C:/Users/Lenovo/CascadeProjects/gunjannagar-khanepani/vendor/symfony/console/Application.php(195): Symfony/Component/Console/Application->doRun(Object(Symfony/Component/Console/Input/ArgvInput), Object(Symfony/Component/Console/Output/ConsoleOutput))
#39 C:/Users/Lenovo/CascadeProjects/gunjannagar-khanepani/vendor/laravel/framework/src/Illuminate/Foundation/Console/Kernel.php(198): Symfony/Component/Console/Application->run(Object(Symfony/Component/Console/Input/ArgvInput), Object(Symfony/Component/Console/Output/ConsoleOutput))
#40 C:/Users/Lenovo/CascadeProjects/gunjannagar-khanepani/artisan(12): Illuminate/Foundation/Console/Kernel->handle(Object(Symfony/Component/Console/Input/ArgvInput), Object(Symfony/Component/Console/Output/ConsoleOutput))
#41 {main}
"} 
